ts_code,trade_date,open,high,low,close,pre_close,change,pct_chg,vol,amount
000338.SZ,20260527,35.12,35.87,34.33,34.5,34.85,-0.35,-1.0043,715651.74,2498659.013
000338.SZ,20260526,35.06,35.56,34.4,34.85,35.1,-0.25,-0.7123,635335.38,2217500.629
000338.SZ,20260525,34.02,35.26,33.25,35.1,34.01,1.09,3.2049,881612.0,3047587.438
000338.SZ,20260522,32.8,34.1,32.79,34.01,32.28,1.73,5.3594,1004087.06,3368399.384
000338.SZ,20260521,33.26,34.05,32.25,32.28,32.61,-0.33,-1.012,991015.29,3306015.682
000338.SZ,20260520,33.08,33.15,31.45,32.61,33.15,-0.54,-1.629,1198861.36,3868303.951
000338.SZ,20260519,33.6,33.75,32.08,33.15,33.3,-0.15,-0.4505,938787.98,3074525.658
000338.SZ,20260518,33.76,33.89,32.88,33.3,34.77,-1.47,-4.2278,1185860.91,3944416.754
000338.SZ,20260515,34.23,35.64,33.8,34.77,34.2,0.57,1.6667,1087487.57,3793084.838
000338.SZ,20260514,35.2,35.56,34.2,34.2,34.34,-0.14,-0.4077,1231578.77,4293298.36
000338.SZ,20260513,32.01,34.49,31.76,34.34,32.7,1.64,5.0153,1394130.08,4686018.541
000338.SZ,20260512,33.67,33.76,32.1,32.7,33.53,-0.83,-2.4754,1131097.6,3703690.913
000338.SZ,20260511,33.5,33.85,32.99,33.53,33.06,0.47,1.4217,1056211.12,3526069.082
000338.SZ,20260508,34.31,34.5,32.88,33.06,35.0,-1.94,-5.5429,1451545.23,4838192.087
000338.SZ,20260507,35.71,35.85,34.24,35.0,34.32,0.68,1.9814,1803513.77,6286238.501
000338.SZ,20260506,34.18,34.32,34.01,34.32,31.2,3.12,10.0,1230508.12,4219620.855
000338.SZ,20260430,30.9,32.66,30.81,31.2,30.15,1.05,3.4826,1696339.23,5366035.687
000338.SZ,20260429,30.0,30.3,29.66,30.15,30.08,0.07,0.2327,738067.04,2213855.173
000338.SZ,20260428,29.73,30.4,29.53,30.08,29.66,0.42,1.416,1143307.53,3428973.381
000338.SZ,20260427,29.72,30.69,29.54,29.66,29.59,0.07,0.2366,1037049.9,3107949.028
000338.SZ,20260424,29.67,29.95,28.94,29.59,29.49,0.1,0.3391,1046742.74,3085838.068
000338.SZ,20260423,29.39,30.18,28.83,29.49,27.98,1.51,5.3967,2039152.74,6034776.644
000338.SZ,20260422,26.66,28.42,26.5,27.98,26.93,1.05,3.899,1209560.81,3333223.353
000338.SZ,20260421,26.35,27.07,26.15,26.93,26.36,0.57,2.1624,954623.48,2549436.042
000338.SZ,20260420,26.56,27.43,26.21,26.36,26.5,-0.14,-0.5283,1085842.7,2917441.424
000338.SZ,20260417,27.13,27.13,26.35,26.5,27.4,-0.9,-3.2847,946089.66,2514129.347
000338.SZ,20260416,26.78,27.57,26.38,27.4,26.6,0.8,3.0075,1202643.89,3241034.069
000338.SZ,20260415,27.0,27.5,26.51,26.6,26.18,0.42,1.6043,1246661.16,3362959.788
000338.SZ,20260414,28.56,29.08,25.95,26.18,26.88,-0.7,-2.6042,1409496.1,3790972.782
000338.SZ,20260413,26.3,27.23,25.97,26.88,27.0,-0.12,-0.4444,996191.01,2650171.129
000338.SZ,20260410,26.55,27.2,26.11,27.0,25.98,1.02,3.9261,1271330.11,3413674.977
000338.SZ,20260409,25.0,26.28,24.9,25.98,25.4,0.58,2.2835,1370188.25,3533828.169
000338.SZ,20260408,25.36,26.0,24.95,25.4,23.88,1.52,6.3652,1469673.69,3715654.667
000338.SZ,20260407,25.1,25.14,23.75,23.88,25.1,-1.22,-4.8606,1036113.3,2503570.293
000338.SZ,20260403,25.39,25.9,25.06,25.1,25.35,-0.25,-0.9862,644694.63,1633546.878
000338.SZ,20260402,25.4,25.8,25.13,25.35,25.3,0.05,0.1976,829769.1,2104701.953
000338.SZ,20260401,25.0,25.49,24.8,25.3,24.24,1.06,4.3729,1203560.03,3035964.526
000338.SZ,20260331,24.32,24.76,24.01,24.24,24.43,-0.19,-0.7777,992952.05,2422892.412
000338.SZ,20260330,22.78,24.79,22.78,24.43,23.5,0.93,3.9574,1756952.96,4253900.377
000338.SZ,20260327,21.5,23.88,21.4,23.5,23.78,-0.28,-1.1775,2989689.7,6748424.176
000338.SZ,20260326,24.73,24.73,23.64,23.78,24.52,-0.74,-3.0179,818476.64,1966240.534
000338.SZ,20260325,24.81,25.6,24.39,24.52,23.71,0.81,3.4163,1301322.25,3241925.867
000338.SZ,20260324,23.0,23.86,22.54,23.71,22.54,1.17,5.1908,1343947.65,3148723.925
000338.SZ,20260323,22.73,23.1,22.33,22.54,23.36,-0.82,-3.5103,1151666.32,2621067.636
000338.SZ,20260320,24.07,24.3,23.22,23.36,23.8,-0.44,-1.8487,1090391.94,2574780.389
000338.SZ,20260319,24.34,24.67,23.67,23.8,25.37,-1.57,-6.1884,1402733.4,3371606.198
000338.SZ,20260318,24.88,25.5,24.51,25.37,24.7,0.67,2.7126,1015332.56,2538074.576
000338.SZ,20260317,25.0,25.83,24.68,24.7,24.55,0.15,0.611,1241283.1,3129803.675
000338.SZ,20260316,24.82,24.83,24.04,24.55,24.88,-0.33,-1.3264,1047510.78,2553117.873
000338.SZ,20260313,25.04,25.7,24.68,24.88,25.2,-0.32,-1.2698,1439677.59,3610079.349
000338.SZ,20260312,26.41,26.55,24.83,25.2,26.56,-1.36,-5.1205,2003361.24,5065645.69
000338.SZ,20260311,27.68,27.82,25.8,26.56,27.82,-1.26,-4.5291,1688736.28,4498324.887
000338.SZ,20260310,27.4,28.35,27.25,27.82,26.66,1.16,4.3511,1485989.44,4150709.023
000338.SZ,20260309,26.7,26.95,25.41,26.66,28.16,-1.5,-5.3267,1676527.82,4391240.789
000338.SZ,20260306,27.45,28.89,26.93,28.16,27.91,0.25,0.8957,1619099.57,4538183.867
000338.SZ,20260305,27.39,28.29,27.2,27.91,26.42,1.49,5.6397,1569695.03,4375001.856
000338.SZ,20260304,26.18,27.12,25.92,26.42,26.46,-0.04,-0.1512,1157506.78,3068207.963
000338.SZ,20260303,27.63,28.05,26.4,26.46,27.72,-1.26,-4.5455,1894395.31,5081710.21
000338.SZ,20260302,27.5,28.31,27.41,27.72,27.86,-0.14,-0.5025,1231691.69,3425918.83
000338.SZ,20260227,28.1,28.51,27.48,27.86,29.22,-1.36,-4.6543,1506107.88,4208555.795
000338.SZ,20260226,28.37,29.72,27.9,29.22,28.52,0.7,2.4544,1729145.74,4996212.726
000338.SZ,20260225,29.39,30.19,28.28,28.52,29.1,-0.58,-1.9931,2093359.44,6082965.018
000338.SZ,20260224,27.28,29.15,27.03,29.1,26.79,2.31,8.6226,1875764.47,5317996.489
000338.SZ,20260213,27.41,27.68,26.7,26.79,28.07,-1.28,-4.56,1208229.52,3271019.282
000338.SZ,20260212,26.39,28.29,26.13,28.07,25.97,2.1,8.0863,1599797.06,4393014.36
000338.SZ,20260211,25.64,26.44,25.58,25.97,25.89,0.08,0.309,871495.4,2270345.421
000338.SZ,20260210,25.82,26.21,25.3,25.89,25.74,0.15,0.5828,964512.24,2487122.41
000338.SZ,20260209,24.52,25.86,24.52,25.74,23.78,1.96,8.2422,1340670.71,3401969.242
000338.SZ,20260206,23.88,24.23,23.43,23.78,24.43,-0.65,-2.6607,917581.25,2188921.677
000338.SZ,20260205,25.1,25.17,24.3,24.43,25.19,-0.76,-3.0171,955648.94,2354299.137
000338.SZ,20260204,24.43,25.28,24.31,25.19,24.31,0.88,3.6199,1432970.57,3580214.293
000338.SZ,20260203,23.2,24.42,23.02,24.31,22.57,1.74,7.7093,1280820.07,3045542.745
000338.SZ,20260202,23.5,23.7,22.47,22.57,23.74,-1.17,-4.9284,1163041.17,2664191.726
000338.SZ,20260130,23.07,23.92,22.79,23.74,23.23,0.51,2.1954,1189384.64,2784211.048
000338.SZ,20260129,24.0,24.08,22.88,23.23,23.75,-0.52,-2.1895,1590710.76,3683388.238
000338.SZ,20260128,24.2,24.45,23.6,23.75,24.01,-0.26,-1.0829,1421378.57,3398898.815
000338.SZ,20260127,24.05,24.92,23.9,24.01,24.32,-0.31,-1.2747,1510766.75,3661474.754
000338.SZ,20260126,24.12,25.72,24.0,24.32,23.5,0.82,3.4894,2784826.76,6929731.695
000338.SZ,20260123,22.59,23.88,22.58,23.5,22.36,1.14,5.0984,2018001.95,4747787.994
000338.SZ,20260122,22.59,23.0,22.12,22.36,22.56,-0.2,-0.8865,1474317.88,3311618.648
000338.SZ,20260121,21.7,22.87,21.15,22.56,21.6,0.96,4.4444,1885560.77,4177761.76
000338.SZ,20260120,22.1,22.19,21.41,21.6,22.55,-0.95,-4.2129,1696042.56,3681440.026
000338.SZ,20260119,21.0,22.88,20.8,22.55,20.94,1.61,7.6886,2369618.62,5247015.395
000338.SZ,20260116,20.2,21.51,20.12,20.94,20.2,0.74,3.6634,2157344.37,4514968.075
000338.SZ,20260115,19.36,20.43,19.22,20.2,19.39,0.81,4.1774,1486761.0,2985068.479
000338.SZ,20260114,18.96,19.85,18.96,19.39,19.0,0.39,2.0526,1663964.41,3239556.283
000338.SZ,20260113,18.83,19.13,18.55,19.0,18.84,0.16,0.8493,1165916.26,2201390.718
000338.SZ,20260112,18.67,19.1,18.44,18.84,18.34,0.5,2.7263,1511400.55,2838312.332
000338.SZ,20260109,18.05,18.62,18.01,18.34,17.58,0.76,4.3231,1251970.59,2289394.006
000338.SZ,20260108,17.76,17.76,17.42,17.58,17.82,-0.24,-1.3468,559328.15,981175.655
000338.SZ,20260107,17.65,17.94,17.55,17.82,17.66,0.16,0.906,647795.42,1153096.732
000338.SZ,20260106,17.42,17.74,17.27,17.66,17.4,0.26,1.4943,671535.05,1177779.838
000338.SZ,20260105,17.23,17.78,17.23,17.4,17.2,0.2,1.1628,710683.28,1240767.914
000338.SZ,20251231,17.46,17.52,17.15,17.2,17.36,-0.16,-0.9217,442396.38,763967.045
000338.SZ,20251230,17.21,17.58,17.15,17.36,17.33,0.03,0.1731,557422.74,969129.13
000338.SZ,20251229,17.53,17.58,17.21,17.33,17.55,-0.22,-1.2536,524821.66,911780.735
000338.SZ,20251226,17.22,17.67,17.2,17.55,17.31,0.24,1.3865,460693.46,806358.192
000338.SZ,20251225,17.43,17.54,17.27,17.31,17.55,-0.24,-1.3675,462918.53,803060.39
000338.SZ,20251224,17.6,17.88,17.48,17.55,17.69,-0.14,-0.7914,398942.24,701743.221
000338.SZ,20251223,17.6,17.79,17.44,17.69,17.76,-0.07,-0.3941,411248.74,725794.111
000338.SZ,20251222,17.59,17.8,17.4,17.76,17.52,0.24,1.3699,575423.45,1013681.869
000338.SZ,20251219,17.17,17.7,17.15,17.52,17.19,0.33,1.9197,585879.28,1027564.308
000338.SZ,20251218,17.33,17.43,17.0,17.19,17.57,-0.38,-2.1628,637006.79,1091697.617
000338.SZ,20251217,17.53,17.65,17.29,17.57,17.47,0.1,0.5724,563782.39,985405.406
000338.SZ,20251216,17.81,17.81,17.2,17.47,17.85,-0.38,-2.1289,719834.97,1254439.488
000338.SZ,20251215,17.75,18.07,17.7,17.85,17.98,-0.13,-0.723,696701.0,1246049.916
000338.SZ,20251212,17.63,18.02,17.5,17.98,17.5,0.48,2.7429,963181.13,1720219.584
000338.SZ,20251211,17.75,18.0,17.48,17.5,17.49,0.01,0.0572,714898.18,1269563.941
000338.SZ,20251210,17.23,17.5,17.06,17.49,17.22,0.27,1.5679,503202.56,871589.012
000338.SZ,20251209,17.43,17.53,17.17,17.22,17.44,-0.22,-1.2615,524795.7,908102.253
000338.SZ,20251208,17.72,17.72,17.22,17.44,17.7,-0.26,-1.4689,753382.21,1310597.741
000338.SZ,20251205,17.37,17.87,17.27,17.7,17.34,0.36,2.0761,846592.59,1496494.106
000338.SZ,20251204,17.19,17.45,17.15,17.34,17.08,0.26,1.5222,509702.04,882139.511
000338.SZ,20251203,17.11,17.25,17.02,17.08,17.11,-0.03,-0.1753,511288.08,874238.76
000338.SZ,20251202,17.32,17.37,16.99,17.11,17.37,-0.26,-1.4968,483936.34,828747.589
000338.SZ,20251201,17.49,17.6,17.03,17.37,17.31,0.06,0.3466,830802.76,1436198.852
000338.SZ,20251128,16.99,17.6,16.96,17.31,16.98,0.33,1.9435,914724.36,1583636.218
000338.SZ,20251127,17.01,17.27,16.97,16.98,16.9,0.08,0.4734,602312.27,1029747.975
000338.SZ,20251126,16.97,17.11,16.7,16.9,16.87,0.03,0.1778,673444.1,1139413.422
000338.SZ,20251125,16.69,17.03,16.55,16.87,16.6,0.27,1.6265,933488.9,1570220.228
000338.SZ,20251124,16.75,16.85,16.4,16.6,16.66,-0.06,-0.3601,714815.0,1183211.212
000338.SZ,20251121,16.7,17.05,16.6,16.66,17.15,-0.49,-2.8571,926386.64,1556980.742
000338.SZ,20251120,17.71,17.82,17.1,17.15,17.2,-0.05,-0.2907,718059.76,1250113.774
000338.SZ,20251119,17.42,17.48,17.05,17.2,17.42,-0.22,-1.2629,641770.55,1103181.737
000338.SZ,20251118,17.6,17.85,17.3,17.42,17.7,-0.28,-1.5819,938523.03,1641293.328
000338.SZ,20251117,17.2,18.21,17.2,17.7,17.03,0.67,3.9342,1761133.3,3142643.283
000338.SZ,20251114,17.66,17.89,16.99,17.03,18.0,-0.97,-5.3889,1956777.63,3376809.953
000338.SZ,20251113,17.9,18.38,17.78,18.0,17.9,0.1,0.5587,1539102.8,2775562.63
000338.SZ,20251112,17.97,18.13,17.65,17.9,18.3,-0.4,-2.1858,2058310.58,3679717.398
000338.SZ,20251111,18.72,18.9,18.25,18.3,18.32,-0.02,-0.1092,2100769.07,3883877.078
000338.SZ,20251110,18.63,18.81,17.83,18.32,18.27,0.05,0.2737,2941712.1,5350989.027
000338.SZ,20251107,18.01,18.55,17.51,18.27,18.03,0.24,1.3311,5619969.63,10108415.394
000338.SZ,20251106,17.9,18.03,17.6,18.03,16.39,1.64,10.0061,1684961.41,3031832.221
000338.SZ,20251105,15.63,16.46,15.48,16.39,15.77,0.62,3.9315,2155497.96,3471714.131
000338.SZ,20251104,15.52,16.21,15.52,15.77,15.46,0.31,2.0052,2457719.79,3896368.32
000338.SZ,20251103,15.05,15.49,14.92,15.46,14.96,0.5,3.3422,1853352.43,2831476.234
000338.SZ,20251031,14.66,15.16,14.62,14.96,14.44,0.52,3.6011,2035882.14,3047590.819
000338.SZ,20251030,14.19,14.54,14.15,14.44,14.2,0.24,1.6901,1126254.17,1624885.132
000338.SZ,20251029,14.14,14.2,14.03,14.2,14.13,0.07,0.4954,404760.95,570789.653
000338.SZ,20251028,14.17,14.27,13.99,14.13,14.17,-0.04,-0.2823,697667.87,984427.62
000338.SZ,20251027,14.21,14.26,14.14,14.17,14.2,-0.03,-0.2113,624295.85,885622.129
000338.SZ,20251024,14.23,14.37,14.16,14.2,14.18,0.02,0.141,432028.91,615025.787
000338.SZ,20251023,14.6,14.62,14.4,14.54,14.63,-0.09,-0.6152,439139.99,635934.749
000338.SZ,20251022,14.56,14.68,14.51,14.63,14.58,0.05,0.3429,475341.06,695486.725
000338.SZ,20251021,14.46,14.7,14.41,14.58,14.43,0.15,1.0395,556680.18,810573.783
000338.SZ,20251020,14.5,14.54,14.34,14.43,14.4,0.03,0.2083,428038.13,617312.195
000338.SZ,20251017,14.66,14.67,14.37,14.4,14.65,-0.25,-1.7065,576446.79,835993.451
000338.SZ,20251016,14.74,14.76,14.56,14.65,14.72,-0.07,-0.4755,673501.83,987473.536
000338.SZ,20251015,14.61,14.75,14.54,14.72,14.55,0.17,1.1684,921046.9,1350795.013
000338.SZ,20251014,14.34,14.76,14.34,14.55,14.28,0.27,1.8908,1206586.22,1759763.338
000338.SZ,20251013,14.07,14.3,14.0,14.28,14.31,-0.03,-0.2096,735117.58,1041548.759
000338.SZ,20251010,14.37,14.42,14.29,14.31,14.37,-0.06,-0.4175,681202.97,977397.128
000338.SZ,20251009,14.06,14.39,14.02,14.37,14.02,0.35,2.4964,1165966.87,1657972.152
000338.SZ,20250930,13.92,14.07,13.81,14.02,13.93,0.09,0.6461,776104.26,1082772.162
000338.SZ,20250929,13.78,13.95,13.65,13.93,13.77,0.16,1.1619,758926.51,1046368.563
000338.SZ,20250926,13.81,13.93,13.7,13.77,13.82,-0.05,-0.3618,801876.56,1106429.609
000338.SZ,20250925,14.1,14.15,13.81,13.82,14.16,-0.34,-2.4011,1154807.8,1608375.739
000338.SZ,20250924,14.13,14.17,14.01,14.16,14.14,0.02,0.1414,672298.39,946463.883
000338.SZ,20250923,14.09,14.27,14.01,14.14,14.07,0.07,0.4975,734907.46,1037030.843
000338.SZ,20250922,14.2,14.25,14.02,14.07,14.2,-0.13,-0.9155,576950.56,812534.511
000338.SZ,20250919,14.11,14.32,14.09,14.2,14.17,0.03,0.2117,611347.3,869287.557
000338.SZ,20250918,14.28,14.36,14.09,14.17,14.28,-0.11,-0.7703,957241.94,1363723.041
000338.SZ,20250917,14.14,14.51,14.14,14.28,14.14,0.14,0.9901,1315019.32,1876387.831
000338.SZ,20250916,14.21,14.27,14.02,14.14,14.24,-0.1,-0.7022,1128236.58,1590813.868
000338.SZ,20250915,14.37,14.43,14.19,14.24,14.35,-0.11,-0.7666,1025122.72,1465650.616
000338.SZ,20250912,14.62,14.72,14.32,14.35,14.62,-0.27,-1.8468,1294996.3,1871954.069
000338.SZ,20250911,14.52,14.64,14.48,14.62,14.55,0.07,0.4811,680906.89,990442.626
000338.SZ,20250910,14.75,14.75,14.51,14.55,14.64,-0.09,-0.6148,570456.42,832673.408
000338.SZ,20250909,14.66,14.83,14.56,14.64,14.66,-0.02,-0.1364,866452.34,1273092.746
000338.SZ,20250908,14.89,14.92,14.64,14.66,14.89,-0.23,-1.5447,1015446.42,1494329.051
000338.SZ,20250905,14.7,14.92,14.61,14.89,14.7,0.19,1.2925,865054.68,1284465.368
000338.SZ,20250904,14.87,14.9,14.55,14.7,14.86,-0.16,-1.0767,892493.4,1311501.831
000338.SZ,20250903,14.9,15.29,14.85,14.86,14.9,-0.04,-0.2685,1067622.92,1608740.72
000338.SZ,20250902,14.88,15.03,14.76,14.9,14.81,0.09,0.6077,822651.67,1224478.009
000338.SZ,20250901,15.06,15.17,14.71,14.81,15.14,-0.33,-2.1797,1604909.91,2391939.79
000338.SZ,20250829,15.19,15.41,15.12,15.14,15.18,-0.04,-0.2635,1359945.13,2078629.985
000338.SZ,20250828,15.25,15.34,14.93,15.18,15.24,-0.06,-0.3937,839549.67,1272887.213
000338.SZ,20250827,15.7,15.74,15.23,15.24,15.69,-0.45,-2.8681,943598.89,1460875.894
000338.SZ,20250826,15.72,15.78,15.61,15.69,15.77,-0.08,-0.5073,682768.16,1071164.197
000338.SZ,20250825,15.56,15.77,15.55,15.77,15.59,0.18,1.1546,834913.65,1307654.555
000338.SZ,20250822,15.54,15.63,15.43,15.59,15.54,0.05,0.3218,622215.69,965186.492
000338.SZ,20250821,15.42,15.61,15.38,15.54,15.42,0.12,0.7782,776413.01,1204602.34
000338.SZ,20250820,15.24,15.42,15.18,15.42,15.26,0.16,1.0485,609316.7,932920.752
000338.SZ,20250819,15.4,15.47,15.22,15.26,15.39,-0.13,-0.8447,730066.39,1117721.094
000338.SZ,20250818,15.55,15.58,15.35,15.39,15.48,-0.09,-0.5814,913054.18,1408839.381
000338.SZ,20250815,15.47,15.6,15.43,15.48,15.56,-0.08,-0.5141,799950.93,1240417.941
000338.SZ,20250814,15.49,15.98,15.49,15.56,15.17,0.39,2.5709,2076517.06,3271055.829
000338.SZ,20250813,15.23,15.25,15.12,15.17,15.21,-0.04,-0.263,562632.75,854038.024
000338.SZ,20250812,15.22,15.24,15.15,15.21,15.23,-0.02,-0.1313,391018.56,593643.526
000338.SZ,20250811,15.29,15.31,15.16,15.23,15.29,-0.06,-0.3924,424528.32,646315.444
000338.SZ,20250808,15.17,15.35,15.15,15.29,15.16,0.13,0.8575,420681.07,642139.345
000338.SZ,20250807,15.26,15.3,15.12,15.16,15.24,-0.08,-0.5249,360134.97,546948.989
000338.SZ,20250806,15.26,15.27,15.1,15.24,15.26,-0.02,-0.1311,373855.99,568255.952
000338.SZ,20250805,15.22,15.3,15.2,15.26,15.16,0.1,0.6596,284311.43,433804.92
000338.SZ,20250804,15.14,15.18,15.09,15.16,15.14,0.02,0.1321,325723.09,492675.697
000338.SZ,20250801,15.21,15.27,15.08,15.14,15.13,0.01,0.0661,294984.79,447825.827
000338.SZ,20250731,15.4,15.4,15.11,15.13,15.41,-0.28,-1.817,521859.16,793217.239
000338.SZ,20250730,15.34,15.55,15.31,15.41,15.33,0.08,0.5219,461640.88,713163.853
000338.SZ,20250729,15.58,15.58,15.16,15.33,15.64,-0.31,-1.9821,660213.72,1010388.467
000338.SZ,20250728,15.62,15.7,15.48,15.64,15.62,0.02,0.128,467066.8,727934.736
000338.SZ,20250725,15.8,15.82,15.6,15.62,15.73,-0.11,-0.6993,449235.67,705384.431
000338.SZ,20250724,16.11,16.15,15.98,16.08,16.1,-0.02,-0.1242,434362.94,696571.603
000338.SZ,20250723,16.3,16.36,16.03,16.1,16.33,-0.23,-1.4085,486752.56,786421.598
000338.SZ,20250722,15.88,16.36,15.82,16.33,15.89,0.44,2.769,736867.2,1190024.917
000338.SZ,20250721,15.65,15.92,15.64,15.89,15.6,0.29,1.859,542597.75,859601.88
000338.SZ,20250718,15.54,15.62,15.46,15.6,15.54,0.06,0.3861,410579.76,638811.765
000338.SZ,20250717,15.44,15.54,15.37,15.54,15.44,0.1,0.6477,460566.15,712525.953
000338.SZ,20250716,15.31,15.48,15.29,15.44,15.27,0.17,1.1133,476238.12,734001.564
000338.SZ,20250715,15.4,15.4,15.18,15.27,15.34,-0.07,-0.4563,314936.93,481014.036
000338.SZ,20250714,15.31,15.44,15.27,15.34,15.32,0.02,0.1305,390669.06,600165.349
000338.SZ,20250711,15.2,15.44,15.2,15.32,15.19,0.13,0.8558,470652.3,721851.009
000338.SZ,20250710,15.12,15.23,15.11,15.19,15.16,0.03,0.1979,293773.1,445951.665
000338.SZ,20250709,15.3,15.32,15.14,15.16,15.31,-0.15,-0.9798,462782.25,703028.779
000338.SZ,20250708,15.08,15.31,15.06,15.31,15.08,0.23,1.5252,394174.92,600785.121
000338.SZ,20250707,15.28,15.29,15.07,15.08,15.28,-0.2,-1.3089,433956.18,656501.457
000338.SZ,20250704,15.36,15.37,15.23,15.28,15.36,-0.08,-0.5208,327598.97,500559.566
000338.SZ,20250703,15.33,15.38,15.25,15.36,15.34,0.02,0.1304,349433.26,535446.257
000338.SZ,20250702,15.41,15.48,15.31,15.34,15.41,-0.07,-0.4543,356686.68,548672.31
000338.SZ,20250701,15.39,15.47,15.36,15.41,15.38,0.03,0.1951,333665.2,514394.775
000338.SZ,20250630,15.37,15.55,15.35,15.38,15.4,-0.02,-0.1299,454745.32,699965.002
000338.SZ,20250627,15.59,15.65,15.35,15.4,15.58,-0.18,-1.1553,460476.19,713336.634
000338.SZ,20250626,15.78,15.88,15.56,15.58,15.78,-0.2,-1.2674,415172.24,649853.061
000338.SZ,20250625,15.65,15.84,15.58,15.78,15.6,0.18,1.1538,422854.58,666233.805
000338.SZ,20250624,15.33,15.64,15.32,15.6,15.29,0.31,2.0275,496568.74,770818.279
000338.SZ,20250623,15.18,15.34,15.04,15.29,15.27,0.02,0.131,371402.31,564052.835
000338.SZ,20250620,15.19,15.32,15.19,15.27,15.24,0.03,0.1969,308209.82,470134.245
000338.SZ,20250619,15.45,15.47,15.2,15.24,15.5,-0.26,-1.6774,381783.49,583648.692
000338.SZ,20250618,15.45,15.52,15.26,15.5,15.4,0.1,0.6494,325569.59,502990.486
000338.SZ,20250617,15.39,15.64,15.33,15.4,15.33,0.07,0.4566,453717.36,702261.647
000338.SZ,20250616,15.4,15.45,15.21,15.33,15.48,-0.15,-0.969,420939.81,643661.157
000338.SZ,20250613,15.52,15.53,15.38,15.48,15.53,-0.05,-0.322,369121.43,570293.35
000338.SZ,20250612,15.28,15.59,15.2,15.53,15.3,0.23,1.5033,491703.15,761313.606
000338.SZ,20250611,15.26,15.42,15.26,15.3,15.25,0.05,0.3279,289537.79,444421.87
000338.SZ,20250610,15.4,15.47,15.18,15.25,15.4,-0.15,-0.974,349728.83,535230.864
000338.SZ,20250609,15.25,15.54,15.21,15.4,15.21,0.19,1.2492,434227.7,670165.563
000338.SZ,20250606,14.98,15.28,14.96,15.21,15.0,0.21,1.4,523972.02,794089.674
000338.SZ,20250605,15.11,15.11,14.81,15.0,15.11,-0.11,-0.728,548699.58,819126.873
000338.SZ,20250604,15.14,15.24,14.93,15.11,15.11,0.0,0.0,449673.56,678024.923
000338.SZ,20250603,15.08,15.14,14.91,15.11,15.04,0.07,0.4654,411150.68,617687.174
000338.SZ,20250530,15.2,15.29,15.0,15.04,15.2,-0.16,-1.0526,334494.45,504834.328
000338.SZ,20250529,14.99,15.23,14.93,15.2,15.01,0.19,1.2658,444871.58,672936.437
000338.SZ,20250528,14.8,15.14,14.78,15.01,14.74,0.27,1.8318,475675.9,713291.559
000338.SZ,20250527,14.99,15.05,14.67,14.74,14.99,-0.25,-1.6678,461813.64,685100.152
000338.SZ,20250526,15.2,15.26,14.88,14.99,15.21,-0.22,-1.4464,502328.6,752255.665
000338.SZ,20250523,15.28,15.4,15.2,15.21,15.27,-0.06,-0.3929,451249.71,690764.725
000338.SZ,20250522,15.21,15.35,15.2,15.27,15.27,0.0,0.0,349762.36,534383.977
000338.SZ,20250521,14.93,15.37,14.92,15.27,14.91,0.36,2.4145,664484.25,1010883.43
000338.SZ,20250520,14.93,14.97,14.81,14.91,14.89,0.02,0.1343,297899.1,443888.861
000338.SZ,20250519,14.89,14.95,14.76,14.89,14.88,0.01,0.0672,318999.3,474071.426
000338.SZ,20250516,14.93,15.06,14.86,14.88,14.93,-0.05,-0.3349,378738.7,565812.713
000338.SZ,20250515,15.26,15.28,14.92,14.93,15.29,-0.36,-2.3545,440375.11,662250.047
000338.SZ,20250514,15.27,15.33,15.16,15.29,15.26,0.03,0.1966,286564.72,436728.634
000338.SZ,20250513,15.46,15.48,15.23,15.26,15.29,-0.03,-0.1962,467488.99,717172.598
000338.SZ,20250512,15.05,15.58,15.05,15.29,15.0,0.29,1.9333,852704.03,1307852.254
000338.SZ,20250509,14.99,15.12,14.93,15.0,15.0,0.0,0.0,376169.7,564051.764
000338.SZ,20250508,15.0,15.08,14.93,15.0,14.99,0.01,0.0667,371762.13,557678.768
000338.SZ,20250507,15.6,15.65,14.99,14.99,15.51,-0.52,-3.3527,789550.77,1201210.867
000338.SZ,20250506,15.3,15.51,15.25,15.51,15.2,0.31,2.0395,466266.05,719118.59
000338.SZ,20250430,15.34,15.41,14.87,15.2,15.31,-0.11,-0.7185,500124.14,755575.199
000338.SZ,20250429,15.21,15.37,15.14,15.31,15.15,0.16,1.0561,275997.23,422297.338
000338.SZ,20250428,15.16,15.31,15.12,15.15,15.19,-0.04,-0.2633,278300.41,423348.242
000338.SZ,20250425,15.32,15.36,15.18,15.19,15.32,-0.13,-0.8486,260290.83,396853.77
000338.SZ,20250424,15.35,15.42,15.21,15.32,15.29,0.03,0.1962,218140.89,333842.089
000338.SZ,20250423,15.32,15.48,15.21,15.29,15.23,0.06,0.394,307288.93,471542.954
000338.SZ,20250422,15.34,15.55,15.23,15.23,15.38,-0.15,-0.9753,279705.25,429014.762
000338.SZ,20250421,15.25,15.46,15.23,15.38,15.3,0.08,0.5229,252843.7,387762.693
000338.SZ,20250418,15.12,15.35,15.02,15.3,15.14,0.16,1.0568,236760.29,360276.044
000338.SZ,20250417,15.29,15.29,15.09,15.14,15.35,-0.21,-1.3681,311788.0,472838.436
000338.SZ,20250416,15.3,15.38,15.13,15.35,15.39,-0.04,-0.2599,457402.92,696558.821
000338.SZ,20250415,15.43,15.44,15.2,15.39,15.42,-0.03,-0.1946,388460.3,595149.148
000338.SZ,20250414,15.73,15.76,15.33,15.42,15.6,-0.18,-1.1538,557491.39,860440.112
000338.SZ,20250411,15.21,15.66,15.15,15.6,15.28,0.32,2.0942,542086.85,839036.635
000338.SZ,20250410,15.2,15.53,15.08,15.28,14.89,0.39,2.6192,654644.5,1003442.027
000338.SZ,20250409,14.56,14.98,14.3,14.89,14.7,0.19,1.2925,738164.11,1083905.439
000338.SZ,20250408,14.4,14.73,14.33,14.7,14.45,0.25,1.7301,878759.78,1278301.312
000338.SZ,20250407,14.64,14.75,14.08,14.45,15.64,-1.19,-7.6087,1311923.14,1887529.739
000338.SZ,20250403,15.8,15.95,15.57,15.64,15.98,-0.34,-2.1277,432902.46,680772.001
000338.SZ,20250402,15.97,16.09,15.81,15.98,15.96,0.02,0.1253,391398.48,625576.491
000338.SZ,20250401,16.33,16.4,15.95,15.96,16.41,-0.45,-2.7422,620735.7,997300.892
000338.SZ,20250331,16.28,16.59,16.16,16.41,16.3,0.11,0.6748,739936.89,1213848.183
000338.SZ,20250328,15.96,16.38,15.96,16.3,15.76,0.54,3.4264,917794.78,1486492.126
000338.SZ,20250327,15.8,15.85,15.7,15.76,15.8,-0.04,-0.2532,335592.57,529770.028
000338.SZ,20250326,15.93,15.98,15.78,15.8,15.95,-0.15,-0.9404,468218.75,742181.041
000338.SZ,20250325,16.26,16.28,15.92,15.95,16.25,-0.3,-1.8462,527353.76,844999.961
000338.SZ,20250324,16.26,16.48,16.12,16.25,16.26,-0.01,-0.0615,508640.41,827574.294
000338.SZ,20250321,16.66,16.67,16.16,16.26,16.6,-0.34,-2.0482,583766.91,954804.251
000338.SZ,20250320,16.63,16.75,16.46,16.6,16.79,-0.19,-1.1316,630559.09,1047663.379
000338.SZ,20250319,17.5,17.71,16.48,16.79,16.39,0.4,2.4405,1679752.3,2836644.033
000338.SZ,20250318,16.37,16.43,16.2,16.39,16.37,0.02,0.1222,499832.7,815422.224
000338.SZ,20250317,16.11,16.42,15.96,16.37,16.01,0.36,2.2486,740718.65,1202696.502
000338.SZ,20250314,15.93,16.09,15.82,16.01,15.93,0.08,0.5022,722006.95,1154996.661
000338.SZ,20250313,16.33,16.39,15.81,15.93,16.36,-0.43,-2.6284,1027125.89,1644050.306
000338.SZ,20250312,16.57,16.62,16.32,16.36,16.49,-0.13,-0.7884,484777.52,795120.197
000338.SZ,20250311,16.11,16.63,16.11,16.49,16.36,0.13,0.7946,774368.0,1270993.845
000338.SZ,20250310,16.59,16.71,16.23,16.36,16.59,-0.23,-1.3864,758055.73,1246397.544
000338.SZ,20250307,16.35,16.77,16.22,16.59,16.39,0.2,1.2203,863093.32,1431064.601
000338.SZ,20250306,16.36,16.64,16.19,16.39,16.08,0.31,1.9279,961816.41,1573252.217
000338.SZ,20250305,16.15,16.44,15.97,16.08,15.92,0.16,1.005,722342.85,1166919.051
000338.SZ,20250304,15.63,16.0,15.55,15.92,15.82,0.1,0.6321,637886.55,1011572.487
000338.SZ,20250303,15.76,16.31,15.71,15.82,15.69,0.13,0.8286,1036197.36,1662388.65
000338.SZ,20250228,16.0,16.08,15.68,15.69,16.04,-0.35,-2.182,930639.48,1473820.363
000338.SZ,20250227,15.75,16.08,15.68,16.04,15.78,0.26,1.6477,1185327.48,1892718.002
000338.SZ,20250226,15.63,15.91,15.61,15.78,15.6,0.18,1.1538,1023599.72,1613976.858
000338.SZ,20250225,15.28,15.94,15.2,15.6,15.39,0.21,1.3645,1386408.05,2168069.363
000338.SZ,20250224,15.68,15.69,15.29,15.39,15.73,-0.34,-2.1615,1234066.33,1903829.469
000338.SZ,20250221,15.0,15.88,15.0,15.73,14.77,0.96,6.4997,2620655.54,4077780.419
000338.SZ,20250220,14.76,14.85,14.55,14.77,14.76,0.01,0.0678,744726.64,1094915.38
000338.SZ,20250219,14.53,14.79,14.5,14.76,14.58,0.18,1.2346,832470.66,1221609.183
000338.SZ,20250218,14.72,15.05,14.51,14.58,14.72,-0.14,-0.9511,1128466.83,1672253.955
000338.SZ,20250217,14.83,14.85,14.52,14.72,14.75,-0.03,-0.2034,760552.91,1115032.621
000338.SZ,20250214,14.63,14.88,14.55,14.75,14.63,0.12,0.8202,864709.68,1273246.162
000338.SZ,20250213,14.76,14.92,14.56,14.63,14.78,-0.15,-1.0149,953040.89,1401235.069
000338.SZ,20250212,14.32,14.78,14.23,14.78,14.4,0.38,2.6389,1465690.71,2142791.218
000338.SZ,20250211,14.12,14.78,14.02,14.4,14.09,0.31,2.2001,1490064.54,2150438.566
000338.SZ,20250210,14.12,14.26,14.0,14.09,14.11,-0.02,-0.1417,809030.85,1141855.5
000338.SZ,20250207,13.97,14.14,13.81,14.11,14.02,0.09,0.6419,1012707.19,1419090.257
000338.SZ,20250206,13.98,14.03,13.72,14.02,13.97,0.05,0.3579,868851.58,1206403.274
000338.SZ,20250205,14.47,14.5,13.96,13.97,14.4,-0.43,-2.9861,847092.73,1192605.443
000338.SZ,20250127,14.35,14.57,14.25,14.4,14.33,0.07,0.4885,764131.96,1102833.014
000338.SZ,20250124,14.16,14.41,14.05,14.33,14.19,0.14,0.9866,711232.97,1016736.909
000338.SZ,20250123,14.5,14.55,14.17,14.19,14.39,-0.2,-1.3899,764569.08,1096462.155
000338.SZ,20250122,14.4,14.58,14.28,14.39,14.54,-0.15,-1.0316,573281.55,824752.81
000338.SZ,20250121,14.61,14.71,14.45,14.54,14.54,0.0,0.0,745524.6,1085638.986
000338.SZ,20250120,14.62,14.75,14.47,14.54,14.52,0.02,0.1377,865677.24,1261291.062
000338.SZ,20250117,14.5,14.6,14.4,14.52,14.56,-0.04,-0.2747,579279.6,840108.405
000338.SZ,20250116,14.63,14.78,14.53,14.56,14.53,0.03,0.2065,842026.73,1231718.064
000338.SZ,20250115,14.5,14.75,14.46,14.53,14.57,-0.04,-0.2745,824967.82,1203609.524
000338.SZ,20250114,14.0,14.63,14.0,14.57,13.9,0.67,4.8201,1386014.13,1997621.638
000338.SZ,20250113,13.9,14.23,13.8,13.9,14.1,-0.2,-1.4184,1000210.54,1398922.918
000338.SZ,20250110,14.6,14.67,14.08,14.1,14.64,-0.54,-3.6885,1542165.28,2195929.548
000338.SZ,20250109,14.67,14.76,14.4,14.64,14.71,-0.07,-0.4759,1675942.1,2446962.193
000338.SZ,20250108,13.62,14.98,13.61,14.71,13.74,0.97,7.0597,3345383.3,4789896.054
000338.SZ,20250107,13.64,13.84,13.46,13.74,13.7,0.04,0.292,775276.49,1059341.947
000338.SZ,20250106,13.56,13.84,13.53,13.7,13.51,0.19,1.4064,825414.29,1129357.276
000338.SZ,20250103,13.54,13.97,13.5,13.51,13.52,-0.01,-0.074,1203463.2,1651963.129
000338.SZ,20250102,13.72,13.83,13.45,13.52,13.7,-0.18,-1.3139,1008267.24,1375335.223
600859.SH,20260527,10.87,11.08,10.65,10.99,10.93,0.06,0.5489,190224.33,206970.18
600859.SH,20260526,10.9,11.12,10.83,10.93,10.98,-0.05,-0.4554,121521.42,133340.367
600859.SH,20260525,10.63,11.02,10.63,10.98,10.76,0.22,2.0446,170159.7,184456.595
600859.SH,20260522,11.01,11.05,10.76,10.76,10.98,-0.22,-2.0036,155003.51,168277.484
600859.SH,20260521,11.13,11.26,10.96,10.98,11.13,-0.15,-1.3477,154525.59,171842.795
600859.SH,20260520,11.43,11.43,11.11,11.13,11.47,-0.34,-2.9643,165753.26,185499.27
600859.SH,20260519,11.38,11.53,11.38,11.47,11.42,0.05,0.4378,107838.26,123519.793
600859.SH,20260518,11.62,11.64,11.38,11.42,11.62,-0.2,-1.7212,125198.07,143560.982
600859.SH,20260515,11.8,11.81,11.58,11.62,11.83,-0.21,-1.7751,138137.72,161347.379
600859.SH,20260514,11.94,12.07,11.63,11.83,11.94,-0.11,-0.9213,227676.54,269320.35
600859.SH,20260513,12.03,12.05,11.93,11.94,12.02,-0.08,-0.6656,131100.33,157004.459
600859.SH,20260512,12.14,12.16,12.01,12.02,12.16,-0.14,-1.1513,132694.08,160003.927
600859.SH,20260511,12.14,12.17,12.04,12.16,12.14,0.02,0.1647,138908.32,168347.194
600859.SH,20260508,12.09,12.18,12.06,12.14,12.09,0.05,0.4136,110231.31,133537.609
600859.SH,20260507,12.16,12.23,12.05,12.09,12.17,-0.08,-0.6574,145303.11,176034.537
600859.SH,20260506,12.28,12.33,12.13,12.17,12.37,-0.2,-1.6168,217549.05,265351.659
600859.SH,20260430,12.41,12.44,12.27,12.37,12.44,-0.07,-0.5627,140432.43,173493.111
600859.SH,20260429,12.25,12.45,12.21,12.44,12.26,0.18,1.4682,146176.9,181173.174
600859.SH,20260428,12.38,12.43,12.19,12.26,12.43,-0.17,-1.3677,119918.03,147529.335
600859.SH,20260427,12.32,12.47,12.26,12.43,12.36,0.07,0.5663,128007.28,158567.581
600859.SH,20260424,12.3,12.42,12.23,12.36,12.35,0.01,0.081,134957.03,166744.276
600859.SH,20260423,12.02,12.49,12.02,12.35,12.05,0.3,2.4896,261745.46,320915.295
600859.SH,20260422,12.1,12.12,12.03,12.05,12.13,-0.08,-0.6595,93079.4,112222.679
600859.SH,20260421,12.2,12.28,12.08,12.13,12.2,-0.07,-0.5738,112709.7,136848.713
600859.SH,20260420,12.23,12.29,12.13,12.2,12.25,-0.05,-0.4082,108717.37,132641.339
600859.SH,20260417,12.3,12.32,12.15,12.25,12.32,-0.07,-0.5682,99047.99,121115.962
600859.SH,20260416,12.27,12.34,12.25,12.32,12.28,0.04,0.3257,105978.08,130314.567
600859.SH,20260415,12.26,12.31,12.21,12.28,12.28,0.0,0.0,104184.79,127759.531
600859.SH,20260414,12.25,12.44,12.14,12.28,12.19,0.09,0.7383,133792.9,163809.714
600859.SH,20260413,12.18,12.25,12.16,12.19,12.23,-0.04,-0.3271,67859.01,82799.813
600859.SH,20260410,12.13,12.28,12.12,12.23,12.09,0.14,1.158,105138.94,128617.425
600859.SH,20260409,12.25,12.27,12.07,12.09,12.33,-0.24,-1.9465,103471.29,125739.624
600859.SH,20260408,12.27,12.35,12.23,12.33,12.09,0.24,1.9851,130196.2,160151.888
600859.SH,20260407,11.91,12.12,11.9,12.09,11.91,0.18,1.5113,84292.29,101625.032
600859.SH,20260403,12.21,12.22,11.91,11.91,12.17,-0.26,-2.1364,110866.2,133370.08
600859.SH,20260402,12.3,12.3,12.14,12.17,12.33,-0.16,-1.2976,79738.1,97389.956
600859.SH,20260401,12.3,12.35,12.21,12.33,12.18,0.15,1.2315,80910.14,99439.579
600859.SH,20260331,12.26,12.47,12.17,12.18,12.25,-0.07,-0.5714,108586.26,133721.551
600859.SH,20260330,12.15,12.28,12.1,12.25,12.28,-0.03,-0.2443,84112.99,102602.022
600859.SH,20260327,12.08,12.3,12.02,12.28,12.15,0.13,1.07,104289.06,127539.066
600859.SH,20260326,12.29,12.35,12.1,12.15,12.31,-0.16,-1.2998,92655.0,113112.662
600859.SH,20260325,12.22,12.35,12.18,12.31,12.18,0.13,1.0673,103701.98,127411.084
600859.SH,20260324,12.16,12.23,11.97,12.18,11.99,0.19,1.5847,112905.43,136659.344
600859.SH,20260323,12.5,12.52,11.88,11.99,12.6,-0.61,-4.8413,226863.05,276059.379
600859.SH,20260320,12.84,12.95,12.6,12.6,12.88,-0.28,-2.1739,147241.89,187551.41
600859.SH,20260319,13.05,13.07,12.84,12.88,13.13,-0.25,-1.904,140960.63,182210.013
600859.SH,20260318,13.2,13.25,13.07,13.13,13.23,-0.1,-0.7559,112974.28,148279.831
600859.SH,20260317,13.25,13.39,13.22,13.23,13.26,-0.03,-0.2262,132213.95,175934.896
600859.SH,20260316,13.17,13.3,13.16,13.26,13.18,0.08,0.607,102539.4,135695.829
600859.SH,20260313,13.16,13.28,13.12,13.18,13.16,0.02,0.152,125367.48,165771.551
600859.SH,20260312,13.21,13.29,13.1,13.16,13.24,-0.08,-0.6042,107927.73,142279.97
600859.SH,20260311,13.22,13.26,13.17,13.24,13.24,0.0,0.0,99134.31,130939.952
600859.SH,20260310,13.2,13.3,13.17,13.24,13.11,0.13,0.9916,99377.35,131498.927
600859.SH,20260309,13.1,13.16,12.96,13.11,13.28,-0.17,-1.2801,176432.32,230278.173
600859.SH,20260306,13.06,13.31,13.03,13.28,13.12,0.16,1.2195,124941.71,164943.918
600859.SH,20260305,13.18,13.27,13.07,13.12,13.06,0.06,0.4594,156355.08,206013.669
600859.SH,20260304,13.2,13.31,13.02,13.06,13.31,-0.25,-1.8783,195654.57,257104.42
600859.SH,20260303,13.41,13.48,13.23,13.31,13.41,-0.1,-0.7457,213486.77,284657.859
600859.SH,20260302,13.67,13.67,13.38,13.41,13.86,-0.45,-3.2468,295757.27,399118.34
600859.SH,20260227,13.81,13.87,13.8,13.86,13.81,0.05,0.3621,114031.06,157830.204
600859.SH,20260226,13.97,13.99,13.73,13.81,13.96,-0.15,-1.0745,191956.76,265282.68
600859.SH,20260225,13.87,14.05,13.85,13.96,13.82,0.14,1.013,193597.54,270363.122
600859.SH,20260224,14.15,14.19,13.78,13.82,14.17,-0.35,-2.47,300229.88,416763.931
600859.SH,20260213,14.38,14.48,14.15,14.17,14.35,-0.18,-1.2544,208810.86,298416.174
600859.SH,20260212,14.52,14.52,14.3,14.35,14.5,-0.15,-1.0345,204758.13,294254.163
600859.SH,20260211,14.58,14.76,14.44,14.5,14.58,-0.08,-0.5487,214334.35,312119.071
600859.SH,20260210,14.76,14.8,14.45,14.58,14.85,-0.27,-1.8182,249955.71,364323.447
600859.SH,20260209,14.6,14.95,14.5,14.85,14.49,0.36,2.4845,275726.64,407675.403
600859.SH,20260206,14.67,14.69,14.42,14.49,14.76,-0.27,-1.8293,293786.0,427048.821
600859.SH,20260205,14.54,14.88,14.53,14.76,14.65,0.11,0.7509,276859.5,407736.014
600859.SH,20260204,14.52,14.67,14.41,14.65,14.52,0.13,0.8953,219001.88,319105.685
600859.SH,20260203,14.34,14.52,14.24,14.52,14.16,0.36,2.5424,273559.37,394486.373
600859.SH,20260202,14.41,14.64,14.15,14.16,14.5,-0.34,-2.3448,276362.5,397911.209
600859.SH,20260130,14.76,14.92,14.4,14.5,14.79,-0.29,-1.9608,339840.99,496108.399
600859.SH,20260129,14.5,14.89,14.28,14.79,14.89,-0.1,-0.6716,388697.12,568250.565
600859.SH,20260128,15.06,15.14,14.84,14.89,15.11,-0.22,-1.456,314221.71,470575.415
600859.SH,20260127,15.53,15.56,14.97,15.11,15.54,-0.43,-2.7671,429512.89,650160.501
600859.SH,20260126,15.82,16.01,15.44,15.54,15.9,-0.36,-2.2642,349247.22,546520.286
600859.SH,20260123,15.99,16.12,15.79,15.9,15.82,0.08,0.5057,416876.2,665567.061
600859.SH,20260122,15.8,16.25,15.76,15.82,15.55,0.27,1.7363,513136.38,817877.538
600859.SH,20260121,15.82,15.94,15.48,15.55,15.89,-0.34,-2.1397,369895.53,576865.465
600859.SH,20260120,15.56,16.27,15.5,15.89,15.57,0.32,2.0552,574018.72,913463.692
600859.SH,20260119,15.06,15.62,15.02,15.57,15.08,0.49,3.2493,430078.42,664174.691
600859.SH,20260116,15.52,15.64,15.04,15.08,15.55,-0.47,-3.0225,446367.24,679945.538
600859.SH,20260115,15.5,15.85,15.46,15.55,15.57,-0.02,-0.1285,352857.13,551200.611
600859.SH,20260114,15.49,16.04,15.39,15.57,15.52,0.05,0.3222,522040.48,820787.29
600859.SH,20260113,16.04,16.19,15.5,15.52,16.16,-0.64,-3.9604,537601.8,850287.869
600859.SH,20260112,15.61,16.35,15.51,16.16,15.6,0.56,3.5897,712308.8,1132284.498
600859.SH,20260109,15.24,15.69,15.21,15.6,15.3,0.3,1.9608,568113.18,884009.508
600859.SH,20260108,15.13,15.4,15.02,15.3,15.25,0.05,0.3279,405841.31,618661.348
600859.SH,20260107,15.1,15.47,15.07,15.25,15.16,0.09,0.5937,460134.34,704164.732
600859.SH,20260106,14.94,15.32,14.86,15.16,15.0,0.16,1.0667,470261.56,711624.33
600859.SH,20260105,15.37,15.37,14.94,15.0,15.53,-0.53,-3.4127,591710.99,891029.144
600859.SH,20251231,14.93,15.8,14.65,15.53,14.84,0.69,4.6496,760305.76,1159726.731
600859.SH,20251230,15.07,15.3,14.8,14.84,15.21,-0.37,-2.4326,468644.9,699568.478
600859.SH,20251229,15.6,15.98,15.21,15.21,15.46,-0.25,-1.6171,568609.4,880589.653
600859.SH,20251226,15.13,15.85,15.11,15.46,15.12,0.34,2.2487,820459.71,1268250.216
600859.SH,20251225,15.2,15.36,15.07,15.12,15.25,-0.13,-0.8525,432035.72,655747.305
600859.SH,20251224,15.52,15.6,15.21,15.25,15.67,-0.42,-2.6803,636512.73,976817.487
600859.SH,20251223,16.43,16.6,15.57,15.67,16.42,-0.75,-4.5676,999245.46,1585607.148
600859.SH,20251222,15.4,16.98,15.31,16.42,15.52,0.9,5.799,1319357.92,2137021.123
600859.SH,20251219,14.93,15.6,14.8,15.52,14.9,0.62,4.1611,820715.7,1259361.123
600859.SH,20251218,14.78,15.12,14.69,14.9,14.85,0.05,0.3367,473376.65,706714.653
600859.SH,20251217,15.02,15.14,14.58,14.85,14.79,0.06,0.4057,489579.37,725736.052
600859.SH,20251216,14.38,14.97,14.36,14.79,14.45,0.34,2.3529,564572.56,835460.939
600859.SH,20251215,14.26,14.57,14.12,14.45,14.23,0.22,1.546,321496.26,460986.608
600859.SH,20251212,14.37,14.47,14.19,14.23,14.41,-0.18,-1.2491,357899.86,512319.622
600859.SH,20251211,14.8,14.84,14.4,14.41,14.91,-0.5,-3.3535,398830.05,579690.025
600859.SH,20251210,14.82,15.07,14.76,14.91,14.57,0.34,2.3336,538263.18,803003.577
600859.SH,20251209,14.66,14.76,14.37,14.57,14.7,-0.13,-0.8844,290096.96,422953.066
600859.SH,20251208,14.82,15.16,14.64,14.7,14.58,0.12,0.823,394054.1,584888.855
600859.SH,20251205,14.31,14.63,14.28,14.58,14.31,0.27,1.8868,252038.49,365656.152
600859.SH,20251204,14.53,14.62,14.25,14.31,14.61,-0.3,-2.0534,257976.84,371582.449
600859.SH,20251203,14.6,14.77,14.4,14.61,14.67,-0.06,-0.409,304367.96,444080.449
600859.SH,20251202,14.55,14.74,14.41,14.67,14.6,0.07,0.4795,318247.15,464882.33
600859.SH,20251201,14.35,14.83,14.26,14.6,14.41,0.19,1.3185,356376.85,519064.114
600859.SH,20251128,14.25,14.5,14.11,14.41,14.31,0.1,0.6988,211631.88,303500.198
600859.SH,20251127,14.63,14.73,14.3,14.31,14.48,-0.17,-1.174,244931.67,354717.126
600859.SH,20251126,14.4,14.67,14.35,14.48,14.45,0.03,0.2076,244352.63,353709.062
600859.SH,20251125,14.09,14.63,14.03,14.45,14.01,0.44,3.1406,344454.15,494145.62
600859.SH,20251124,14.13,14.22,13.88,14.01,14.1,-0.09,-0.6383,266988.08,374272.531
600859.SH,20251121,14.6,14.74,14.1,14.1,14.61,-0.51,-3.4908,318185.94,457549.998
600859.SH,20251120,14.85,14.88,14.59,14.61,14.77,-0.16,-1.0833,245490.26,361007.293
600859.SH,20251119,15.0,15.23,14.68,14.77,14.86,-0.09,-0.6057,283688.87,422752.621
600859.SH,20251118,15.06,15.15,14.68,14.86,15.18,-0.32,-2.108,318132.32,471449.255
600859.SH,20251117,15.13,15.37,14.98,15.18,15.19,-0.01,-0.0658,279679.86,422799.208
600859.SH,20251114,15.21,15.55,15.18,15.19,15.31,-0.12,-0.7838,347349.32,533637.552
600859.SH,20251113,15.1,15.48,15.0,15.31,15.22,0.09,0.5913,429904.0,651219.953
600859.SH,20251112,15.46,15.72,15.09,15.22,15.5,-0.28,-1.8065,535991.05,822095.053
600859.SH,20251111,15.23,15.82,15.2,15.5,15.43,0.07,0.4537,857888.08,1332695.206
600859.SH,20251110,14.66,15.9,14.5,15.43,14.63,0.8,5.4682,995669.24,1522242.394
600859.SH,20251107,14.38,14.84,14.33,14.63,14.28,0.35,2.451,486091.96,708910.29
600859.SH,20251106,14.41,14.45,14.23,14.28,14.52,-0.24,-1.6529,277200.45,396490.58
600859.SH,20251105,14.34,14.88,14.25,14.52,14.42,0.1,0.6935,449475.79,657250.054
600859.SH,20251104,14.3,14.58,14.27,14.42,14.38,0.04,0.2782,248634.48,358398.484
600859.SH,20251103,14.28,14.42,14.2,14.38,14.44,-0.06,-0.4155,265612.51,380211.167
600859.SH,20251031,14.43,14.75,14.2,14.44,14.14,0.3,2.1216,561362.62,810660.394
600859.SH,20251030,13.87,14.31,13.83,14.14,13.89,0.25,1.7999,414333.71,586599.521
600859.SH,20251029,13.73,13.95,13.67,13.89,13.75,0.14,1.0182,158202.71,218517.709
600859.SH,20251028,13.84,13.91,13.75,13.75,13.89,-0.14,-1.0079,163748.81,226273.161
600859.SH,20251027,14.0,14.01,13.87,13.89,13.97,-0.08,-0.5727,166151.51,231138.014
600859.SH,20251024,14.08,14.18,13.95,13.97,14.1,-0.13,-0.922,159935.52,224419.315
600859.SH,20251023,14.08,14.11,13.94,14.1,14.09,0.01,0.071,135048.39,189150.753
600859.SH,20251022,14.09,14.2,14.06,14.09,14.16,-0.07,-0.4944,131469.86,185646.037
600859.SH,20251021,14.05,14.19,13.97,14.16,14.05,0.11,0.7829,181582.58,256266.845
600859.SH,20251020,14.0,14.14,13.91,14.05,13.92,0.13,0.9339,141298.07,198174.832
600859.SH,20251017,14.08,14.23,13.91,13.92,14.05,-0.13,-0.9253,207187.09,291936.218
600859.SH,20251016,14.08,14.23,14.0,14.05,14.1,-0.05,-0.3546,176457.97,248634.405
600859.SH,20251015,14.05,14.19,14.01,14.1,13.98,0.12,0.8584,166452.5,235002.234
600859.SH,20251014,13.93,14.17,13.93,13.98,13.93,0.05,0.3589,181279.85,254636.46
600859.SH,20251013,13.8,13.98,13.62,13.93,14.0,-0.07,-0.5,182006.89,252007.621
600859.SH,20251010,13.91,14.11,13.91,14.0,13.95,0.05,0.3584,158581.34,222639.967
600859.SH,20251009,14.05,14.09,13.88,13.95,14.15,-0.2,-1.4134,224886.55,313703.224
600859.SH,20250930,14.16,14.26,14.09,14.15,14.16,-0.01,-0.0706,160686.21,227522.453
600859.SH,20250929,14.22,14.24,14.03,14.16,14.2,-0.04,-0.2817,169512.85,239518.548
600859.SH,20250926,14.2,14.39,14.08,14.2,14.28,-0.08,-0.5602,185450.89,263544.387
600859.SH,20250925,14.38,14.45,14.23,14.28,14.41,-0.13,-0.9022,174887.52,250268.285
600859.SH,20250924,14.23,14.42,14.19,14.41,14.29,0.12,0.8397,159738.41,229094.637
600859.SH,20250923,14.56,14.64,14.16,14.29,14.64,-0.35,-2.3907,268740.74,384472.167
600859.SH,20250922,14.82,14.88,14.54,14.64,14.95,-0.31,-2.0736,329197.07,482877.718
600859.SH,20250919,14.51,15.21,14.23,14.95,14.58,0.37,2.5377,651546.62,959107.834
600859.SH,20250918,14.65,15.08,14.51,14.58,14.66,-0.08,-0.5457,516506.59,763762.875
600859.SH,20250917,14.95,14.99,14.64,14.66,14.93,-0.27,-1.8084,341617.62,503180.607
600859.SH,20250916,14.64,14.94,14.64,14.93,14.59,0.34,2.3304,414914.69,615069.23
600859.SH,20250915,14.68,14.82,14.5,14.59,14.76,-0.17,-1.1518,329307.18,481571.619
600859.SH,20250912,14.94,15.39,14.75,14.76,14.94,-0.18,-1.2048,534354.45,801430.604
600859.SH,20250911,14.81,14.94,14.64,14.94,14.88,0.06,0.4032,358068.6,530184.872
600859.SH,20250910,14.86,14.98,14.74,14.88,14.87,0.01,0.0672,350079.19,521103.914
600859.SH,20250909,14.81,14.89,14.65,14.87,14.83,0.04,0.2697,290020.52,428334.604
600859.SH,20250908,14.84,15.03,14.72,14.83,14.82,0.01,0.0675,383359.35,569988.872
600859.SH,20250905,14.59,14.85,14.22,14.82,14.57,0.25,1.7159,498270.98,727220.352
600859.SH,20250904,14.18,14.8,14.18,14.57,14.2,0.37,2.6056,427602.75,620427.425
600859.SH,20250903,14.66,14.76,14.13,14.2,14.64,-0.44,-3.0055,320075.67,461237.575
600859.SH,20250902,14.75,14.88,14.57,14.64,14.78,-0.14,-0.9472,320669.76,471562.405
600859.SH,20250901,14.59,14.94,14.54,14.78,14.67,0.11,0.7498,380889.65,562206.012
600859.SH,20250829,14.45,14.85,14.34,14.67,14.45,0.22,1.5225,460853.25,676443.841
600859.SH,20250828,14.33,14.6,14.11,14.45,14.36,0.09,0.6267,360205.37,517642.846
600859.SH,20250827,14.68,14.75,14.34,14.36,14.79,-0.43,-2.9074,443709.04,646165.234
600859.SH,20250826,14.61,15.08,14.58,14.79,14.73,0.06,0.4073,458556.05,679457.624
600859.SH,20250825,14.46,14.92,14.42,14.73,14.45,0.28,1.9377,458063.76,671514.285
600859.SH,20250822,14.44,14.47,14.28,14.45,14.42,0.03,0.208,259326.02,372670.497
600859.SH,20250821,14.37,14.56,14.31,14.42,14.48,-0.06,-0.4144,288740.32,416131.843
600859.SH,20250820,14.1,14.59,14.04,14.48,14.16,0.32,2.2599,477347.96,685881.106
600859.SH,20250819,14.19,14.24,14.07,14.16,14.13,0.03,0.2123,248557.81,351887.675
600859.SH,20250818,13.97,14.13,13.95,14.13,13.98,0.15,1.073,257358.55,362057.711
600859.SH,20250815,13.87,14.0,13.8,13.98,13.87,0.11,0.7931,165086.76,229853.456
600859.SH,20250814,14.03,14.13,13.84,13.87,14.08,-0.21,-1.4915,222245.54,310593.447
600859.SH,20250813,14.16,14.25,14.05,14.08,14.05,0.03,0.2135,226748.06,319933.846
600859.SH,20250812,14.04,14.15,14.02,14.05,14.05,0.0,0.0,188503.61,265016.472
600859.SH,20250811,13.93,14.06,13.86,14.05,13.93,0.12,0.8615,206039.76,288146.614
600859.SH,20250808,13.9,13.97,13.87,13.93,13.9,0.03,0.2158,149876.09,208478.282
600859.SH,20250807,13.87,13.96,13.83,13.9,13.87,0.03,0.2163,142635.03,198219.174
600859.SH,20250806,13.9,13.9,13.76,13.87,13.9,-0.03,-0.2158,167689.67,231791.412
600859.SH,20250805,13.88,13.95,13.85,13.9,13.89,0.01,0.072,168184.31,233754.3
600859.SH,20250804,13.82,13.9,13.75,13.89,13.88,0.01,0.072,116356.16,160814.595
600859.SH,20250801,13.83,13.95,13.81,13.88,13.88,0.0,0.0,142190.34,197185.127
600859.SH,20250731,14.18,14.18,13.84,13.88,14.21,-0.33,-2.3223,267610.18,374105.509
600859.SH,20250730,14.13,14.26,14.02,14.21,14.15,0.06,0.424,244533.06,346296.045
600859.SH,20250729,14.17,14.21,13.96,14.15,14.18,-0.03,-0.2116,257824.75,362809.29
600859.SH,20250728,14.25,14.31,14.12,14.18,14.35,-0.17,-1.1847,243723.42,346226.239
600859.SH,20250725,14.78,14.78,14.33,14.35,14.79,-0.44,-2.975,503536.93,728747.716
600859.SH,20250724,14.11,15.15,14.07,14.79,14.05,0.74,5.2669,870446.09,1281553.05
600859.SH,20250723,14.27,14.41,14.03,14.05,14.3,-0.25,-1.7483,403808.34,573061.055
600859.SH,20250722,14.25,14.36,14.06,14.3,14.2,0.1,0.7042,368101.93,523360.32
600859.SH,20250721,13.8,14.27,13.77,14.2,13.85,0.35,2.5271,450374.85,634658.496
600859.SH,20250718,13.64,13.94,13.6,13.85,13.63,0.22,1.6141,232523.84,319848.939
600859.SH,20250717,13.54,13.72,13.54,13.63,13.52,0.11,0.8136,159151.49,217167.852
600859.SH,20250716,13.45,13.6,13.45,13.52,13.43,0.09,0.6701,143412.57,194103.101
600859.SH,20250715,13.58,13.6,13.35,13.43,13.58,-0.15,-1.1046,187927.85,252795.311
600859.SH,20250714,13.79,13.79,13.57,13.58,13.92,-0.34,-2.4425,293630.75,401374.355
600859.SH,20250711,13.94,14.0,13.86,13.92,13.94,-0.02,-0.1435,186588.92,260131.73
600859.SH,20250710,13.73,13.97,13.72,13.94,13.75,0.19,1.3818,186181.57,258204.352
600859.SH,20250709,13.86,13.93,13.79,13.83,13.87,-0.04,-0.2884,155196.66,215282.279
600859.SH,20250708,13.82,13.88,13.78,13.87,13.83,0.04,0.2892,137514.6,190305.291
600859.SH,20250707,13.87,13.89,13.73,13.83,13.86,-0.03,-0.2165,128468.05,177464.615
600859.SH,20250704,13.91,14.06,13.84,13.86,13.88,-0.02,-0.1441,204943.11,285524.401
600859.SH,20250703,13.87,13.93,13.83,13.88,13.88,0.0,0.0,91601.33,127063.075
600859.SH,20250702,13.87,13.91,13.8,13.88,13.87,0.01,0.0721,111197.79,154029.304
600859.SH,20250701,13.89,13.94,13.79,13.87,13.89,-0.02,-0.144,125305.7,173688.861
600859.SH,20250630,13.72,14.03,13.69,13.89,13.67,0.22,1.6094,218803.63,302828.498
600859.SH,20250627,13.72,13.77,13.65,13.67,13.73,-0.06,-0.437,138468.65,189728.746
600859.SH,20250626,13.72,13.81,13.6,13.73,13.74,-0.01,-0.0728,186865.06,256280.995
600859.SH,20250625,13.72,13.78,13.59,13.74,13.61,0.13,0.9552,210962.59,288732.642
600859.SH,20250624,13.53,13.63,13.5,13.61,13.44,0.17,1.2649,151875.19,206265.697
600859.SH,20250623,13.24,13.48,13.18,13.44,13.32,0.12,0.9009,121569.64,162401.751
600859.SH,20250620,13.32,13.49,13.29,13.32,13.3,0.02,0.1504,122952.67,164794.803
600859.SH,20250619,13.45,13.55,13.25,13.3,13.48,-0.18,-1.3353,126798.42,169504.176
600859.SH,20250618,13.55,13.55,13.41,13.48,13.57,-0.09,-0.6632,88122.86,118768.884
600859.SH,20250617,13.46,13.6,13.46,13.57,13.49,0.08,0.593,104915.59,142161.801
600859.SH,20250616,13.44,13.51,13.4,13.49,13.46,0.03,0.2229,108528.29,146196.009
600859.SH,20250613,13.75,13.77,13.45,13.46,13.8,-0.34,-2.4638,247035.26,335007.142
600859.SH,20250612,13.88,13.91,13.74,13.8,13.89,-0.09,-0.6479,150422.12,207887.653
600859.SH,20250611,13.86,14.01,13.83,13.89,13.86,0.03,0.2165,154096.23,214734.393
600859.SH,20250610,14.03,14.05,13.7,13.86,14.04,-0.18,-1.2821,219918.47,305355.062
600859.SH,20250609,13.96,14.14,13.9,14.04,13.95,0.09,0.6452,191184.94,268156.94
600859.SH,20250606,14.0,14.07,13.94,13.95,14.03,-0.08,-0.5702,139711.07,195195.873
600859.SH,20250605,14.15,14.16,13.94,14.03,14.12,-0.09,-0.6374,185355.32,260187.761
600859.SH,20250604,13.98,14.13,13.9,14.12,14.0,0.12,0.8571,214886.15,301546.131
600859.SH,20250603,13.93,14.02,13.84,14.0,14.0,0.0,0.0,140917.08,196821.936
600859.SH,20250530,14.05,14.25,13.93,14.0,14.11,-0.11,-0.7796,239099.6,336247.589
600859.SH,20250529,13.98,14.19,13.75,14.11,13.96,0.15,1.0745,242351.39,340355.406
600859.SH,20250528,13.9,14.17,13.88,13.96,13.89,0.07,0.504,194572.58,273114.08
600859.SH,20250527,13.89,13.97,13.83,13.89,13.91,-0.02,-0.1438,125900.56,174938.275
600859.SH,20250526,13.9,14.02,13.77,13.91,13.92,-0.01,-0.0718,146010.43,202510.467
600859.SH,20250523,14.35,14.41,13.9,13.92,14.42,-0.5,-3.4674,321703.93,455196.242
600859.SH,20250522,14.32,14.58,14.29,14.42,14.42,0.0,0.0,371915.09,537170.878
600859.SH,20250521,14.17,14.69,14.07,14.42,14.19,0.23,1.6209,465023.77,667105.045
600859.SH,20250520,14.14,14.27,14.08,14.19,14.13,0.06,0.4246,286099.89,405547.236
600859.SH,20250519,14.03,14.23,14.0,14.13,14.25,-0.12,-0.8421,307350.36,433912.149
600859.SH,20250516,13.74,14.55,13.7,14.25,13.7,0.55,4.0146,512329.92,722998.253
600859.SH,20250515,13.91,13.91,13.69,13.7,13.95,-0.25,-1.7921,187913.18,258876.858
600859.SH,20250514,13.86,13.99,13.77,13.95,13.88,0.07,0.5043,199230.3,276314.262
600859.SH,20250513,13.96,14.04,13.87,13.88,13.91,-0.03,-0.2157,210063.13,292784.46
600859.SH,20250512,13.85,13.91,13.66,13.91,13.84,0.07,0.5058,245269.0,338001.425
600859.SH,20250509,14.1,14.1,13.84,13.84,14.14,-0.3,-2.1216,234376.63,326223.76
600859.SH,20250508,13.96,14.2,13.87,14.14,14.0,0.14,1.0,348784.47,491617.545
600859.SH,20250507,14.1,14.23,13.86,14.0,14.01,-0.01,-0.0714,326316.67,458161.368
600859.SH,20250506,13.9,14.03,13.8,14.01,13.91,0.1,0.7189,343461.04,478024.393
600859.SH,20250430,13.8,14.1,13.77,13.91,13.9,0.01,0.0719,351185.54,488235.462
600859.SH,20250429,13.95,14.01,13.82,13.9,14.05,-0.15,-1.0676,316922.26,440682.877
600859.SH,20250428,14.6,14.66,14.03,14.05,14.17,-0.12,-0.8469,492714.97,706702.907
600859.SH,20250425,14.33,14.46,14.14,14.17,14.33,-0.16,-1.1165,302110.15,431637.326
600859.SH,20250424,14.52,14.65,14.28,14.33,14.55,-0.22,-1.512,368706.02,531674.203
600859.SH,20250423,14.89,14.94,14.53,14.55,14.89,-0.34,-2.2834,525238.51,769153.85
600859.SH,20250422,14.79,15.05,14.76,14.89,14.85,0.04,0.2694,472245.4,703964.358
600859.SH,20250421,14.81,15.18,14.81,14.85,14.96,-0.11,-0.7353,477790.12,714508.893
600859.SH,20250418,15.25,15.36,14.83,14.96,15.24,-0.28,-1.8373,508750.05,764381.143
600859.SH,20250417,15.42,15.63,15.22,15.24,15.69,-0.45,-2.8681,723790.33,1115188.125
600859.SH,20250416,15.3,16.14,14.89,15.69,15.19,0.5,3.2916,1181020.06,1833341.612
600859.SH,20250415,15.7,16.09,15.04,15.19,15.96,-0.77,-4.8246,1107886.14,1706254.856
600859.SH,20250414,15.9,16.84,15.86,15.96,16.11,-0.15,-0.9311,1311616.5,2136091.931
600859.SH,20250411,17.1,17.69,15.99,16.11,16.2,-0.09,-0.5556,1972568.88,3304771.636
600859.SH,20250410,15.9,16.2,15.5,16.2,14.73,1.47,9.9796,780668.67,1247620.251
600859.SH,20250409,13.15,14.73,12.92,14.73,13.39,1.34,10.0075,564898.28,787335.908
600859.SH,20250408,12.53,13.41,12.5,13.39,12.42,0.97,7.81,395894.92,515841.987
600859.SH,20250407,13.3,13.43,12.31,12.42,13.68,-1.26,-9.2105,349472.01,447257.379
600859.SH,20250403,13.45,13.76,13.44,13.68,13.56,0.12,0.885,136271.84,186173.618
600859.SH,20250402,13.51,13.59,13.51,13.56,13.54,0.02,0.1477,79401.78,107566.633
600859.SH,20250401,13.53,13.64,13.48,13.54,13.49,0.05,0.3706,109230.25,148056.199
600859.SH,20250331,13.74,13.77,13.45,13.49,13.79,-0.3,-2.1755,151012.18,205085.737
600859.SH,20250328,13.85,13.95,13.78,13.79,14.06,-0.27,-1.9203,177867.09,246226.561
600859.SH,20250327,14.36,14.5,14.06,14.06,14.09,-0.03,-0.2129,263555.56,375430.186
600859.SH,20250326,13.89,14.16,13.89,14.09,13.86,0.23,1.6595,205631.18,288938.426
600859.SH,20250325,13.89,13.95,13.75,13.86,13.84,0.02,0.1445,127926.81,177235.13
600859.SH,20250324,13.78,13.97,13.67,13.84,13.73,0.11,0.8012,180289.19,249268.09
600859.SH,20250321,13.91,14.01,13.69,13.73,13.97,-0.24,-1.718,180629.55,249678.648
600859.SH,20250320,14.12,14.19,13.97,13.97,14.12,-0.15,-1.0623,153492.89,215827.874
600859.SH,20250319,14.14,14.28,14.06,14.12,14.18,-0.06,-0.4231,157439.41,222866.069
600859.SH,20250318,14.3,14.38,14.12,14.18,14.3,-0.12,-0.8392,201476.29,286180.221
600859.SH,20250317,14.9,14.98,14.27,14.3,14.42,-0.12,-0.8322,411946.68,598259.381
600859.SH,20250314,14.0,14.43,13.99,14.42,13.87,0.55,3.9654,409405.05,583531.136
600859.SH,20250313,13.82,14.05,13.79,13.87,13.81,0.06,0.4345,212885.99,295641.591
600859.SH,20250312,13.92,14.01,13.78,13.81,13.92,-0.11,-0.7902,148800.22,206195.801
600859.SH,20250311,13.65,13.94,13.6,13.92,13.84,0.08,0.578,158311.63,218513.288
600859.SH,20250310,13.83,13.88,13.68,13.84,13.83,0.01,0.0723,182234.38,251119.851
600859.SH,20250307,13.95,14.03,13.75,13.83,14.08,-0.25,-1.7756,254329.95,352929.361
600859.SH,20250306,13.81,14.27,13.8,14.08,13.95,0.13,0.9319,420326.66,588823.755
600859.SH,20250305,13.36,14.14,13.29,13.95,13.28,0.67,5.0452,547592.58,752077.743
600859.SH,20250304,13.2,13.3,13.07,13.28,13.28,0.0,0.0,148956.73,196731.613
600859.SH,20250303,13.22,13.44,13.2,13.28,13.22,0.06,0.4539,205331.13,273457.566
600859.SH,20250228,13.59,13.71,13.2,13.22,13.64,-0.42,-3.0792,300669.36,404464.539
600859.SH,20250227,13.22,13.65,13.19,13.64,13.23,0.41,3.099,469777.28,634467.359
600859.SH,20250226,13.09,13.26,13.09,13.23,13.11,0.12,0.9153,187820.1,247815.31
600859.SH,20250225,13.13,13.26,13.03,13.11,13.22,-0.11,-0.8321,149029.27,196139.209
600859.SH,20250224,13.14,13.25,13.09,13.22,13.17,0.05,0.3797,172228.84,227177.029
600859.SH,20250221,13.2,13.36,13.1,13.17,13.24,-0.07,-0.5287,218226.33,287617.882
600859.SH,20250220,13.18,13.32,13.11,13.24,13.2,0.04,0.303,194885.54,258331.871
600859.SH,20250219,13.03,13.25,12.94,13.2,13.03,0.17,1.3047,196163.34,257068.887
600859.SH,20250218,13.39,13.39,13.0,13.03,13.42,-0.39,-2.9061,258201.26,339898.424
600859.SH,20250217,13.46,13.53,13.33,13.42,13.53,-0.11,-0.813,221426.1,297456.257
600859.SH,20250214,13.56,13.59,13.42,13.53,13.55,-0.02,-0.1476,167707.06,226382.892
600859.SH,20250213,13.55,13.7,13.51,13.55,13.61,-0.06,-0.4409,248724.26,338632.937
600859.SH,20250212,13.53,13.62,13.4,13.61,13.53,0.08,0.5913,180295.56,243470.763
600859.SH,20250211,13.69,13.69,13.47,13.53,13.64,-0.11,-0.8065,168623.91,228132.926
600859.SH,20250210,13.35,13.64,13.35,13.64,13.35,0.29,2.1723,262811.81,355368.523
600859.SH,20250207,13.22,13.52,13.16,13.35,13.23,0.12,0.907,266093.71,355349.285
600859.SH,20250206,13.04,13.23,12.98,13.23,13.05,0.18,1.3793,162194.85,212929.97
600859.SH,20250205,13.26,13.26,13.0,13.05,13.15,-0.1,-0.7605,150620.58,197046.665
600859.SH,20250127,13.3,13.43,13.14,13.15,13.27,-0.12,-0.9043,153681.88,203700.866
600859.SH,20250124,13.05,13.28,12.99,13.27,13.02,0.25,1.9201,165856.11,218405.374
600859.SH,20250123,13.1,13.31,13.01,13.02,12.99,0.03,0.2309,224423.19,295446.16
600859.SH,20250122,13.33,13.36,12.92,12.99,13.44,-0.45,-3.3482,315156.58,413034.596
600859.SH,20250121,13.71,13.75,13.31,13.44,13.69,-0.25,-1.8262,265010.46,358067.685
600859.SH,20250120,13.7,13.81,13.5,13.69,13.74,-0.05,-0.3639,213251.65,291761.419
600859.SH,20250117,13.75,13.83,13.61,13.74,13.83,-0.09,-0.6508,167980.2,230824.01
600859.SH,20250116,13.74,14.04,13.74,13.83,13.69,0.14,1.0226,239016.11,331855.021
600859.SH,20250115,13.8,13.82,13.6,13.69,13.85,-0.16,-1.1552,186605.31,255544.312
600859.SH,20250114,13.44,13.85,13.4,13.85,13.37,0.48,3.5901,322084.93,438331.654
600859.SH,20250113,13.37,13.5,13.3,13.37,13.43,-0.06,-0.4468,149317.69,199909.385
600859.SH,20250110,13.9,13.92,13.43,13.43,13.88,-0.45,-3.2421,168331.66,229792.449
600859.SH,20250109,13.91,14.09,13.84,13.88,14.03,-0.15,-1.0691,145463.43,202840.884
600859.SH,20250108,13.95,14.13,13.72,14.03,14.06,-0.03,-0.2134,190688.7,265580.769
600859.SH,20250107,14.0,14.08,13.84,14.06,13.93,0.13,0.9332,153547.04,214330.969
600859.SH,20250106,14.3,14.33,13.89,13.93,14.25,-0.32,-2.2456,223894.49,314823.072
600859.SH,20250103,15.35,15.49,14.21,14.25,15.5,-1.25,-8.0645,452187.17,662661.062
600859.SH,20250102,15.36,16.07,15.3,15.5,15.41,0.09,0.584,427503.52,673676.874
002555.SZ,20260527,19.66,20.02,19.39,19.52,19.65,-0.13,-0.6616,303570.12,597839.58
002555.SZ,20260526,19.14,19.8,19.02,19.65,19.23,0.42,2.1841,397781.86,775882.022
002555.SZ,20260525,19.65,19.77,19.09,19.23,19.69,-0.46,-2.3362,427953.72,826062.808
002555.SZ,20260522,20.16,20.2,19.54,19.69,20.11,-0.42,-2.0885,389864.6,768923.215
002555.SZ,20260521,20.86,21.1,20.4,20.51,20.78,-0.27,-1.2993,354097.3,735809.769
002555.SZ,20260520,20.96,20.96,20.63,20.78,21.12,-0.34,-1.6098,291085.55,604260.327
002555.SZ,20260519,20.78,21.15,20.7,21.12,20.7,0.42,2.029,274037.59,574198.466
002555.SZ,20260518,20.9,20.94,20.52,20.7,21.05,-0.35,-1.6627,365633.65,756807.967
002555.SZ,20260515,21.3,21.49,20.92,21.05,21.2,-0.15,-0.7075,353619.13,749022.699
002555.SZ,20260514,22.21,22.49,21.2,21.2,21.82,-0.62,-2.8414,468694.73,1016438.31
002555.SZ,20260513,21.38,21.87,21.35,21.82,21.55,0.27,1.2529,350484.91,758653.345
002555.SZ,20260512,22.0,22.09,21.5,21.55,21.99,-0.44,-2.0009,361463.55,782937.421
002555.SZ,20260511,22.25,22.28,21.85,21.99,22.35,-0.36,-1.6107,479606.6,1053614.979
002555.SZ,20260508,22.15,22.71,22.12,22.35,22.2,0.15,0.6757,542290.55,1217345.564
002555.SZ,20260507,21.77,22.33,21.52,22.2,21.7,0.5,2.3041,506462.9,1111101.343
002555.SZ,20260506,21.5,21.86,21.3,21.7,21.43,0.27,1.2599,416534.18,901072.914
002555.SZ,20260430,21.87,21.87,21.34,21.43,21.98,-0.55,-2.5023,455591.22,979484.357
002555.SZ,20260429,21.61,22.03,21.49,21.98,21.61,0.37,1.7122,461611.56,1011623.456
002555.SZ,20260428,21.42,21.98,21.39,21.61,21.15,0.46,2.1749,535686.02,1163235.642
002555.SZ,20260427,20.64,21.18,20.57,21.15,20.66,0.49,2.3717,315259.69,662528.037
002555.SZ,20260424,21.21,21.21,20.32,20.66,21.3,-0.64,-3.0047,620154.69,1280615.486
002555.SZ,20260423,21.5,21.65,21.21,21.3,21.63,-0.33,-1.5257,342988.42,733792.363
002555.SZ,20260422,21.72,22.0,21.45,21.63,21.92,-0.29,-1.323,345075.87,744930.338
002555.SZ,20260421,21.75,22.19,21.7,21.92,21.85,0.07,0.3204,357636.38,784742.539
002555.SZ,20260420,22.2,22.21,21.7,21.85,22.21,-0.36,-1.6209,534574.2,1167251.47
002555.SZ,20260417,22.4,22.5,21.91,22.21,23.29,-1.08,-4.6372,768525.86,1706060.605
002555.SZ,20260416,22.78,23.38,22.61,23.29,22.62,0.67,2.962,582024.5,1339606.905
002555.SZ,20260415,22.51,23.13,22.51,22.62,22.22,0.4,1.8002,464566.69,1060095.554
002555.SZ,20260414,22.32,22.36,22.03,22.22,21.93,0.29,1.3224,281925.17,625232.333
002555.SZ,20260413,22.59,22.67,21.77,21.93,22.83,-0.9,-3.9422,527940.65,1161855.591
002555.SZ,20260410,22.55,23.14,22.55,22.83,22.42,0.41,1.8287,396623.66,909542.729
002555.SZ,20260409,22.59,22.59,22.33,22.42,22.94,-0.52,-2.2668,317831.9,713018.868
002555.SZ,20260408,22.3,22.96,22.24,22.94,21.65,1.29,5.9584,493943.14,1118214.686
002555.SZ,20260407,21.82,21.97,21.51,21.65,21.72,-0.07,-0.3223,213471.48,463942.308
002555.SZ,20260403,22.3,22.38,21.66,21.72,22.2,-0.48,-2.1622,212396.03,465038.733
002555.SZ,20260402,22.5,22.61,22.05,22.2,22.78,-0.58,-2.5461,343563.86,764492.915
002555.SZ,20260401,21.82,22.85,21.64,22.78,21.41,1.37,6.3989,653903.45,1461703.334
002555.SZ,20260331,21.35,21.8,21.27,21.41,21.37,0.04,0.1872,252187.41,544208.309
002555.SZ,20260330,21.2,21.4,21.0,21.37,21.59,-0.22,-1.019,216079.74,458750.811
002555.SZ,20260327,21.0,21.7,20.91,21.59,21.3,0.29,1.3615,213512.99,457880.548
002555.SZ,20260326,21.81,21.81,21.2,21.3,21.86,-0.56,-2.5618,249488.2,534943.509
002555.SZ,20260325,21.65,21.92,21.54,21.86,21.46,0.4,1.8639,294106.12,640697.532
002555.SZ,20260324,21.68,21.76,21.07,21.46,21.23,0.23,1.0834,301057.49,642750.824
002555.SZ,20260323,21.9,22.02,21.06,21.23,22.42,-1.19,-5.3078,505793.48,1090007.713
002555.SZ,20260320,22.81,23.04,22.35,22.42,22.86,-0.44,-1.9248,351532.48,796545.909
002555.SZ,20260319,23.38,23.4,22.76,22.86,23.76,-0.9,-3.7879,453384.11,1039405.495
002555.SZ,20260318,23.73,24.02,23.37,23.76,23.9,-0.14,-0.5858,388698.51,918476.046
002555.SZ,20260317,23.62,24.38,23.41,23.9,23.45,0.45,1.919,628763.59,1505497.989
002555.SZ,20260316,23.52,23.96,23.01,23.45,23.54,-0.09,-0.3823,357414.99,834067.095
002555.SZ,20260313,24.11,24.38,23.38,23.54,23.7,-0.16,-0.6751,525848.23,1253630.694
002555.SZ,20260312,23.63,24.15,23.52,23.7,23.74,-0.04,-0.1685,493534.17,1177398.472
002555.SZ,20260311,23.48,24.08,23.48,23.74,23.48,0.26,1.1073,555033.04,1323034.384
002555.SZ,20260310,23.48,23.54,23.13,23.48,23.11,0.37,1.601,365390.71,853194.104
002555.SZ,20260309,22.38,23.28,22.27,23.11,23.07,0.04,0.1734,456986.6,1044539.163
002555.SZ,20260306,22.85,23.07,22.77,23.07,23.03,0.04,0.1737,294755.66,676717.059
002555.SZ,20260305,22.89,23.32,22.57,23.03,22.47,0.56,2.4922,505699.19,1160812.032
002555.SZ,20260304,22.6,22.89,22.31,22.47,22.77,-0.3,-1.3175,408685.18,922670.187
002555.SZ,20260303,23.84,23.94,22.72,22.77,23.79,-1.02,-4.2875,572913.05,1329366.229
002555.SZ,20260302,24.03,24.3,23.55,23.79,24.5,-0.71,-2.898,621876.16,1482234.841
002555.SZ,20260227,24.29,24.57,24.12,24.5,24.29,0.21,0.8646,383449.15,935280.484
002555.SZ,20260226,24.93,24.99,24.2,24.29,24.87,-0.58,-2.3321,635972.74,1554050.481
002555.SZ,20260225,24.72,24.92,24.62,24.87,24.72,0.15,0.6068,401465.36,995684.082
002555.SZ,20260224,25.46,25.52,24.44,24.72,25.18,-0.46,-1.8268,575929.88,1420757.142
002555.SZ,20260213,25.9,25.98,25.16,25.18,26.08,-0.9,-3.4509,670423.08,1704320.78
002555.SZ,20260212,25.8,26.3,25.6,26.08,25.97,0.11,0.4236,663197.81,1719894.006
002555.SZ,20260211,26.2,26.37,25.89,25.97,26.19,-0.22,-0.84,721836.7,1886477.771
002555.SZ,20260210,25.8,26.66,25.4,26.19,25.61,0.58,2.2647,1222355.25,3193390.366
002555.SZ,20260209,25.5,25.72,25.27,25.61,25.14,0.47,1.8695,573319.2,1460189.445
002555.SZ,20260206,24.86,25.5,24.44,25.14,24.98,0.16,0.6405,474729.42,1191522.558
002555.SZ,20260205,25.0,25.28,24.88,24.98,25.29,-0.31,-1.2258,419732.93,1050377.816
002555.SZ,20260204,25.51,26.18,25.03,25.29,25.9,-0.61,-2.3552,576616.56,1464312.061
002555.SZ,20260203,26.11,26.3,24.62,25.9,25.51,0.39,1.5288,927763.28,2371416.334
002555.SZ,20260202,26.12,26.71,25.49,25.51,26.52,-1.01,-3.8084,665077.26,1734052.202
002555.SZ,20260130,26.58,26.96,26.08,26.52,26.58,-0.06,-0.2257,641284.96,1702134.662
002555.SZ,20260129,26.4,27.35,26.27,26.58,26.45,0.13,0.4915,903812.6,2428879.722
002555.SZ,20260128,26.89,27.03,26.32,26.45,26.8,-0.35,-1.306,550243.2,1461367.723
002555.SZ,20260127,26.91,27.33,26.45,26.8,27.02,-0.22,-0.8142,512939.02,1372732.374
002555.SZ,20260126,27.89,27.9,26.8,27.02,27.49,-0.47,-1.7097,657722.04,1785965.151
002555.SZ,20260123,28.55,28.67,27.34,27.49,28.1,-0.61,-2.1708,870894.8,2410477.221
002555.SZ,20260122,28.46,29.05,27.81,28.1,28.31,-0.21,-0.7418,670658.03,1897526.513
002555.SZ,20260121,27.23,28.76,26.93,28.31,27.23,1.08,3.9662,965738.81,2707364.721
002555.SZ,20260120,28.4,28.56,26.78,27.23,28.07,-0.84,-2.9925,829092.28,2261224.908
002555.SZ,20260119,27.95,28.58,27.8,28.07,27.8,0.27,0.9712,778086.4,2187826.622
002555.SZ,20260116,29.25,29.52,27.76,27.8,29.25,-1.45,-4.9573,1126069.76,3185551.026
002555.SZ,20260115,29.15,29.9,28.8,29.25,29.57,-0.32,-1.0822,950021.96,2783381.267
002555.SZ,20260114,29.31,30.85,29.05,29.57,29.94,-0.37,-1.2358,1643332.74,4911675.612
002555.SZ,20260113,30.27,31.01,29.29,29.94,29.76,0.18,0.6048,1823009.84,5509167.066
002555.SZ,20260112,28.39,30.02,27.56,29.76,27.29,2.47,9.0509,2186532.24,6371616.449
002555.SZ,20260109,26.35,27.49,26.18,27.29,26.81,0.48,1.7904,1223619.69,3293017.587
002555.SZ,20260108,26.51,27.32,26.05,26.81,26.67,0.14,0.5249,1112406.11,2962449.564
002555.SZ,20260107,26.83,27.69,26.26,26.67,26.41,0.26,0.9845,1372739.24,3697334.094
002555.SZ,20260106,26.19,27.68,26.18,26.41,25.96,0.45,1.7334,2286168.4,6130379.398
002555.SZ,20260105,25.0,25.96,24.94,25.96,23.6,2.36,10.0,471019.92,1212284.014
002555.SZ,20251231,23.37,23.78,23.22,23.6,23.37,0.23,0.9842,501761.42,1180480.824
002555.SZ,20251230,22.55,24.0,22.51,23.37,22.53,0.84,3.7284,881218.56,2057102.44
002555.SZ,20251229,22.62,22.88,22.18,22.53,22.63,-0.1,-0.4419,454775.34,1026597.332
002555.SZ,20251226,22.55,22.91,22.3,22.63,22.5,0.13,0.5778,417728.49,943722.969
002555.SZ,20251225,22.36,22.72,22.13,22.5,22.39,0.11,0.4913,394617.41,882899.238
002555.SZ,20251224,22.58,22.65,22.09,22.39,22.69,-0.3,-1.3222,491530.92,1095743.204
002555.SZ,20251223,22.37,22.88,22.23,22.69,22.38,0.31,1.3852,586161.9,1322217.965
002555.SZ,20251222,22.62,22.95,22.16,22.38,22.5,-0.12,-0.5333,626579.29,1403888.075
002555.SZ,20251219,22.25,22.74,22.02,22.5,22.32,0.18,0.8065,634361.04,1422168.246
002555.SZ,20251218,21.9,22.86,21.81,22.32,21.9,0.42,1.9178,1017437.26,2272566.776
002555.SZ,20251217,20.89,22.14,20.89,21.9,20.7,1.2,5.7971,1032100.99,2235161.396
002555.SZ,20251216,21.22,21.45,20.57,20.7,21.29,-0.59,-2.7713,461131.68,963577.601
002555.SZ,20251215,20.9,21.66,20.9,21.29,20.87,0.42,2.0125,701917.88,1501522.899
002555.SZ,20251212,20.4,20.97,20.36,20.87,20.4,0.47,2.3039,575889.44,1195436.283
002555.SZ,20251211,20.7,20.78,20.39,20.4,20.61,-0.21,-1.0189,300936.33,616702.637
002555.SZ,20251210,20.34,20.7,19.96,20.61,20.34,0.27,1.3274,461261.31,940345.89
002555.SZ,20251209,20.51,20.66,20.22,20.34,20.56,-0.22,-1.07,420529.89,858390.256
002555.SZ,20251208,20.28,20.98,20.2,20.56,20.04,0.52,2.5948,732251.03,1511885.088
002555.SZ,20251205,19.93,20.11,19.82,20.04,19.97,0.07,0.3505,354684.53,709660.323
002555.SZ,20251204,20.14,20.29,19.9,19.97,20.14,-0.17,-0.8441,312928.94,627129.892
002555.SZ,20251203,20.33,20.43,19.95,20.14,20.35,-0.21,-1.0319,374714.47,754859.405
002555.SZ,20251202,20.68,20.82,20.26,20.35,20.79,-0.44,-2.1164,432456.9,882590.428
002555.SZ,20251201,20.46,20.79,20.35,20.79,20.58,0.21,1.0204,522463.3,1075622.139
002555.SZ,20251128,20.88,21.1,20.46,20.58,20.95,-0.37,-1.7661,463424.68,957236.4
002555.SZ,20251127,21.38,21.6,20.88,20.95,21.38,-0.43,-2.0112,528810.59,1121245.98
002555.SZ,20251126,21.45,21.71,21.28,21.38,21.58,-0.2,-0.9268,621290.25,1336323.88
002555.SZ,20251125,20.52,21.75,20.52,21.58,20.44,1.14,5.5773,1211311.88,2593441.451
002555.SZ,20251124,19.94,20.56,19.56,20.44,19.88,0.56,2.8169,607816.46,1227273.235
002555.SZ,20251121,19.6,20.18,19.58,19.88,19.94,-0.06,-0.3009,555319.92,1103128.592
002555.SZ,20251120,20.2,20.28,19.92,19.94,20.09,-0.15,-0.7466,309951.01,622487.108
002555.SZ,20251119,20.86,20.87,19.98,20.09,20.9,-0.81,-3.8756,657879.46,1335452.218
002555.SZ,20251118,20.77,21.18,20.72,20.9,20.7,0.2,0.9662,535630.97,1121963.269
002555.SZ,20251117,20.9,20.9,20.5,20.7,20.95,-0.25,-1.1933,392440.46,811340.84
002555.SZ,20251114,21.1,21.32,20.95,20.95,21.38,-0.43,-2.0112,380035.29,802207.794
002555.SZ,20251113,21.21,21.55,21.15,21.38,21.35,0.03,0.1405,431621.61,922522.535
002555.SZ,20251112,21.71,21.97,21.22,21.35,21.6,-0.25,-1.1574,594802.84,1284046.15
002555.SZ,20251111,21.79,21.83,21.4,21.6,21.7,-0.1,-0.4608,501967.39,1085413.752
002555.SZ,20251110,22.12,22.25,21.64,21.7,22.0,-0.3,-1.3636,516645.72,1128147.833
002555.SZ,20251107,22.52,22.6,21.93,22.0,22.78,-0.78,-3.4241,695710.14,1542435.494
002555.SZ,20251106,23.09,23.12,22.62,22.78,23.01,-0.23,-0.9996,695056.05,1583356.98
002555.SZ,20251105,22.99,23.5,22.85,23.22,23.44,-0.22,-0.9386,1065921.28,2468585.774
002555.SZ,20251104,23.41,24.35,23.1,23.44,22.85,0.59,2.5821,2108038.75,4986726.85
002555.SZ,20251103,22.85,22.85,22.45,22.85,20.77,2.08,10.0144,572023.36,1306532.85
002555.SZ,20251031,21.1,21.2,20.72,20.77,20.94,-0.17,-0.8118,685527.87,1434223.94
002555.SZ,20251030,21.31,21.4,20.78,20.94,21.18,-0.24,-1.1331,776454.66,1635509.057
002555.SZ,20251029,20.6,21.58,20.52,21.18,19.74,1.44,7.2948,1254218.61,2642290.824
002555.SZ,20251028,20.01,20.17,19.61,19.74,20.05,-0.31,-1.5461,538469.07,1066524.136
002555.SZ,20251027,20.6,20.66,19.89,20.05,20.42,-0.37,-1.8119,678920.34,1364696.104
002555.SZ,20251024,20.33,20.55,20.13,20.42,20.45,-0.03,-0.1467,567791.83,1155369.079
002555.SZ,20251023,19.88,20.52,19.67,20.45,19.9,0.55,2.7638,512387.96,1027745.647
002555.SZ,20251022,19.88,20.14,19.8,19.9,19.96,-0.06,-0.3006,375940.8,749611.101
002555.SZ,20251021,19.65,19.96,19.56,19.96,19.61,0.35,1.7848,483704.25,957376.983
002555.SZ,20251020,19.72,19.87,19.44,19.61,19.37,0.24,1.239,368884.48,725618.663
002555.SZ,20251017,20.0,20.09,19.33,19.37,20.09,-0.72,-3.5839,524140.68,1029470.316
002555.SZ,20251016,20.36,20.39,20.02,20.09,20.36,-0.27,-1.3261,338200.69,682840.012
002555.SZ,20251015,20.15,20.4,19.53,20.36,20.05,0.31,1.5461,455998.1,918673.907
002555.SZ,20251014,20.48,20.82,19.91,20.05,20.34,-0.29,-1.4258,609669.19,1241434.219
002555.SZ,20251013,19.95,20.42,19.86,20.34,20.66,-0.32,-1.5489,562841.45,1133940.937
002555.SZ,20251010,21.5,21.52,20.4,20.66,21.59,-0.93,-4.3075,722405.62,1514728.627
002555.SZ,20251009,21.8,21.9,21.1,21.59,21.71,-0.12,-0.5527,634358.9,1358836.465
002555.SZ,20250930,21.97,21.97,21.57,21.71,21.74,-0.03,-0.138,552287.05,1199606.471
002555.SZ,20250929,21.98,22.22,21.6,21.74,22.0,-0.26,-1.1818,714081.11,1560346.534
002555.SZ,20250926,23.03,23.16,21.97,22.0,23.31,-1.31,-5.6199,952516.38,2127603.318
002555.SZ,20250925,22.76,23.74,22.53,23.31,22.49,0.82,3.6461,1037824.01,2424874.5
002555.SZ,20250924,21.52,22.64,21.38,22.49,21.59,0.9,4.1686,983910.14,2171494.834
002555.SZ,20250923,22.06,22.4,21.11,21.59,22.24,-0.65,-2.9227,1339081.55,2900562.44
002555.SZ,20250922,23.68,23.8,21.9,22.24,23.54,-1.3,-5.5225,1590780.6,3587673.304
002555.SZ,20250919,23.04,23.95,22.96,23.54,23.25,0.29,1.2473,1130151.11,2657024.798
002555.SZ,20250918,23.03,24.05,22.8,23.25,23.06,0.19,0.8239,1531805.56,3592598.694
002555.SZ,20250917,22.71,23.27,22.38,23.06,22.59,0.47,2.0806,983537.64,2246045.987
002555.SZ,20250916,22.9,23.01,22.42,22.59,23.06,-0.47,-2.0382,902075.94,2046560.556
002555.SZ,20250915,21.61,23.84,21.5,23.06,21.67,1.39,6.4144,1649253.73,3783495.015
002555.SZ,20250912,22.27,22.28,21.61,21.67,22.27,-0.6,-2.6942,907010.74,1985431.48
002555.SZ,20250911,22.03,22.29,21.2,22.27,22.2,0.07,0.3153,1413860.45,3097815.165
002555.SZ,20250910,22.3,23.13,22.01,22.2,22.74,-0.54,-2.3747,1626356.41,3659047.861
002555.SZ,20250909,22.28,22.88,22.09,22.74,22.28,0.46,2.0646,1926874.87,4339766.489
002555.SZ,20250908,20.41,22.28,20.36,22.28,20.25,2.03,10.0247,1902297.26,4085800.32
002555.SZ,20250905,19.72,20.97,19.15,20.25,19.6,0.65,3.3163,1953749.8,3916606.481
002555.SZ,20250904,19.58,20.18,19.15,19.6,19.46,0.14,0.7194,1242433.87,2441283.694
002555.SZ,20250903,19.32,20.3,19.23,19.67,19.3,0.37,1.9171,1207844.6,2399481.255
002555.SZ,20250902,19.59,19.98,19.04,19.3,19.65,-0.35,-1.7812,918112.4,1787245.276
002555.SZ,20250901,19.8,20.03,19.4,19.65,19.69,-0.04,-0.2031,1098931.47,2167456.853
002555.SZ,20250829,19.58,19.88,19.34,19.69,19.53,0.16,0.8193,1016345.56,1995320.094
002555.SZ,20250828,19.36,19.9,18.95,19.53,19.66,-0.13,-0.6612,1406734.76,2721207.473
002555.SZ,20250827,20.21,20.7,19.63,19.66,19.46,0.2,1.0277,2836203.72,5741481.574
002555.SZ,20250826,19.01,19.46,18.83,19.46,17.69,1.77,10.0057,1353457.92,2617766.44
002555.SZ,20250825,17.96,17.96,17.45,17.69,17.78,-0.09,-0.5062,992649.39,1750129.547
002555.SZ,20250822,17.45,17.78,17.41,17.78,17.44,0.34,1.9495,785666.61,1386193.836
002555.SZ,20250821,17.44,17.66,17.28,17.44,17.44,0.0,0.0,734173.58,1281533.341
002555.SZ,20250820,17.2,17.63,17.17,17.44,17.19,0.25,1.4543,781720.8,1358196.283
002555.SZ,20250819,17.39,17.46,17.17,17.19,17.34,-0.15,-0.8651,471573.22,814728.234
002555.SZ,20250818,17.24,17.43,17.18,17.34,17.13,0.21,1.2259,695777.09,1204987.469
002555.SZ,20250815,16.78,17.35,16.63,17.13,16.9,0.23,1.3609,684133.0,1163407.38
002555.SZ,20250814,17.03,17.3,16.77,16.9,16.99,-0.09,-0.5297,669624.9,1144379.974
002555.SZ,20250813,16.96,17.22,16.82,16.99,16.92,0.07,0.4137,507898.24,863183.824
002555.SZ,20250812,16.99,17.14,16.9,16.92,17.03,-0.11,-0.6459,313636.23,532470.405
002555.SZ,20250811,16.94,17.1,16.87,17.03,16.97,0.06,0.3536,312081.96,530666.045
002555.SZ,20250808,17.23,17.45,16.93,16.97,17.25,-0.28,-1.6232,427804.19,731454.084
002555.SZ,20250807,17.36,17.36,17.08,17.25,17.4,-0.15,-0.8621,371564.29,639381.996
002555.SZ,20250806,17.22,17.6,17.08,17.4,17.18,0.22,1.2806,717315.78,1241691.998
002555.SZ,20250805,16.89,17.48,16.81,17.18,16.89,0.29,1.717,855022.88,1473557.453
002555.SZ,20250804,16.33,16.96,16.29,16.89,16.49,0.4,2.4257,593322.24,994219.298
002555.SZ,20250801,16.6,16.62,16.26,16.49,16.61,-0.12,-0.7225,493100.81,808107.714
002555.SZ,20250731,17.1,17.1,16.53,16.61,17.08,-0.47,-2.7518,587306.56,983849.536
002555.SZ,20250730,16.93,17.24,16.81,17.08,16.98,0.1,0.5889,610391.55,1039524.477
002555.SZ,20250729,16.9,16.98,16.67,16.98,16.91,0.07,0.414,455652.33,766677.852
002555.SZ,20250728,17.0,17.04,16.78,16.91,17.02,-0.11,-0.6463,424579.84,718097.188
002555.SZ,20250725,17.15,17.25,16.9,17.02,17.09,-0.07,-0.4096,428855.4,729143.475
002555.SZ,20250724,17.05,17.09,16.87,17.09,17.04,0.05,0.2934,503184.88,854968.008
002555.SZ,20250723,16.76,17.33,16.72,17.04,16.75,0.29,1.7313,932379.58,1591437.439
002555.SZ,20250722,16.82,17.05,16.63,16.75,16.79,-0.04,-0.2382,606724.98,1019204.159
002555.SZ,20250721,16.58,16.8,16.57,16.79,16.59,0.2,1.2055,549067.55,918098.908
002555.SZ,20250718,16.8,16.84,16.51,16.59,16.73,-0.14,-0.8368,492311.33,817592.448
002555.SZ,20250717,16.7,16.75,16.52,16.73,16.69,0.04,0.2397,564588.18,939368.866
002555.SZ,20250716,16.82,16.94,16.56,16.69,16.8,-0.11,-0.6548,681294.72,1137211.468
002555.SZ,20250715,16.83,17.17,16.73,16.8,16.83,-0.03,-0.1783,842002.59,1421691.452
002555.SZ,20250714,18.09,18.09,16.73,16.83,18.55,-1.72,-9.2722,1724129.43,2933584.001
002555.SZ,20250711,18.67,18.93,18.21,18.55,18.7,-0.15,-0.8021,822357.55,1525878.291
002555.SZ,20250710,19.0,19.31,18.32,18.7,18.9,-0.2,-1.0582,954499.07,1786470.375
002555.SZ,20250709,18.34,19.09,18.3,18.9,18.49,0.41,2.2174,1108381.99,2084097.735
002555.SZ,20250708,18.35,18.81,18.26,18.49,18.33,0.16,0.8729,1002535.83,1859105.987
002555.SZ,20250707,18.45,18.76,18.22,18.33,18.5,-0.17,-0.9189,974785.55,1797158.382
002555.SZ,20250704,17.41,18.64,17.35,18.5,17.4,1.1,6.3218,1455313.75,2633298.446
002555.SZ,20250703,17.45,17.76,17.06,17.4,17.43,-0.03,-0.1721,555437.06,961299.677
002555.SZ,20250702,17.75,17.9,17.41,17.43,17.83,-0.4,-2.2434,643692.19,1132222.091
002555.SZ,20250701,17.29,18.04,17.13,17.83,17.29,0.54,3.1232,1200451.84,2126588.172
002555.SZ,20250630,16.35,17.5,16.35,17.29,16.35,0.94,5.7492,1405766.12,2412788.805
002555.SZ,20250627,16.56,16.6,16.2,16.35,16.62,-0.27,-1.6245,630414.59,1032648.206
002555.SZ,20250626,16.73,16.82,16.48,16.62,16.95,-0.33,-1.9469,696853.97,1160561.34
002555.SZ,20250625,16.75,17.48,16.72,16.95,16.81,0.14,0.8328,925679.61,1577704.895
002555.SZ,20250624,16.8,17.05,16.61,16.81,16.61,0.2,1.2041,934006.51,1572476.642
002555.SZ,20250623,16.42,16.85,16.29,16.61,16.5,0.11,0.6667,815161.84,1351135.132
002555.SZ,20250620,16.75,16.96,16.37,16.5,16.55,-0.05,-0.3021,1136184.75,1889286.824
002555.SZ,20250619,15.63,17.09,15.6,16.55,15.61,0.94,6.0218,1964604.94,3238938.941
002555.SZ,20250618,15.4,15.69,15.35,15.61,15.53,0.08,0.5151,524214.57,814103.631
002555.SZ,20250617,15.47,15.95,15.41,15.53,15.43,0.1,0.6481,778843.98,1218143.196
002555.SZ,20250616,15.55,15.86,15.4,15.43,15.45,-0.02,-0.1294,1118287.11,1747205.186
002555.SZ,20250613,15.02,15.6,14.86,15.45,15.06,0.39,2.5896,1424901.25,2184280.938
002555.SZ,20250612,14.87,15.25,14.77,15.06,14.87,0.19,1.2777,680009.76,1023430.339
002555.SZ,20250611,14.61,14.95,14.61,14.87,14.64,0.23,1.571,458061.33,677896.555
002555.SZ,20250610,14.76,14.84,14.46,14.64,14.76,-0.12,-0.813,354645.12,519596.709
002555.SZ,20250609,14.77,14.81,14.7,14.76,14.77,-0.01,-0.0677,251519.54,370983.321
002555.SZ,20250606,14.95,15.03,14.73,14.77,14.95,-0.18,-1.204,293914.02,435322.445
002555.SZ,20250605,14.76,14.98,14.7,14.95,14.78,0.17,1.1502,378238.09,561440.518
002555.SZ,20250604,14.72,14.95,14.7,14.78,14.83,-0.05,-0.3372,356872.59,527807.865
002555.SZ,20250603,14.51,15.09,14.43,14.83,14.67,0.16,1.0907,580096.96,862948.782
002555.SZ,20250530,14.58,14.9,14.56,14.67,14.66,0.01,0.0682,318125.06,468080.53
002555.SZ,20250529,14.48,14.67,14.43,14.66,14.47,0.19,1.3131,240690.86,351171.883
002555.SZ,20250528,14.5,14.54,14.37,14.47,14.5,-0.03,-0.2069,155748.89,225074.261
002555.SZ,20250527,14.52,14.58,14.44,14.5,14.53,-0.03,-0.2065,186235.05,270000.656
002555.SZ,20250526,14.5,14.92,14.48,14.74,14.43,0.31,2.1483,358597.34,528333.33
002555.SZ,20250523,14.6,14.7,14.43,14.43,14.65,-0.22,-1.5017,216602.22,315180.5
002555.SZ,20250522,14.73,14.82,14.6,14.65,14.73,-0.08,-0.5431,220597.98,324152.744
002555.SZ,20250521,14.74,14.8,14.63,14.73,14.73,0.0,0.0,218421.43,321942.701
002555.SZ,20250520,15.01,15.24,14.92,15.1,15.01,0.09,0.5996,316273.02,477363.383
002555.SZ,20250519,15.02,15.06,14.83,15.01,15.03,-0.02,-0.1331,227342.29,339207.014
002555.SZ,20250516,14.85,15.31,14.77,15.03,14.81,0.22,1.4855,366056.27,550372.368
002555.SZ,20250515,15.06,15.08,14.8,14.81,15.08,-0.27,-1.7905,301159.0,447782.056
002555.SZ,20250514,15.03,15.15,14.93,15.08,15.03,0.05,0.3327,296149.68,445050.322
002555.SZ,20250513,15.13,15.17,14.98,15.03,15.01,0.02,0.1332,318220.51,479029.741
002555.SZ,20250512,14.98,15.09,14.93,15.01,14.93,0.08,0.5358,245684.54,368412.954
002555.SZ,20250509,15.21,15.24,14.88,14.93,15.18,-0.25,-1.6469,305656.67,458106.218
002555.SZ,20250508,15.06,15.3,15.03,15.18,15.13,0.05,0.3305,318825.72,484362.834
002555.SZ,20250507,15.49,15.52,15.03,15.13,15.32,-0.19,-1.2402,462176.0,701689.027
002555.SZ,20250506,15.35,15.47,15.16,15.32,15.19,0.13,0.8558,450899.25,690565.335
002555.SZ,20250430,15.6,15.65,15.16,15.19,16.08,-0.89,-5.5348,834289.53,1281129.794
002555.SZ,20250429,15.96,16.17,15.88,16.08,15.88,0.2,1.2594,456792.38,731539.118
002555.SZ,20250428,15.89,16.23,15.83,15.88,15.96,-0.08,-0.5013,562196.49,899375.003
002555.SZ,20250425,16.01,16.17,15.95,15.96,16.03,-0.07,-0.4367,346264.67,555605.566
002555.SZ,20250424,16.2,16.2,15.85,16.03,16.17,-0.14,-0.8658,470893.86,753624.046
002555.SZ,20250423,15.95,16.45,15.7,16.17,15.94,0.23,1.4429,882076.78,1419271.537
002555.SZ,20250422,15.73,16.16,15.67,15.94,15.61,0.33,2.114,834296.04,1330041.428
002555.SZ,20250421,15.33,15.72,15.1,15.61,15.17,0.44,2.9005,563719.46,876213.025
002555.SZ,20250418,14.67,15.27,14.67,15.17,14.66,0.51,3.4789,542463.8,814927.305
002555.SZ,20250417,14.26,14.68,14.25,14.66,14.37,0.29,2.0181,308973.33,447961.394
002555.SZ,20250416,14.31,14.55,14.22,14.37,14.46,-0.09,-0.6224,275624.29,395876.243
002555.SZ,20250415,14.18,14.61,14.15,14.46,14.13,0.33,2.3355,355768.52,510138.166
002555.SZ,20250414,14.19,14.28,14.07,14.13,14.08,0.05,0.3551,245954.16,348642.027
002555.SZ,20250411,13.96,14.18,13.9,14.08,14.1,-0.02,-0.1418,235412.4,331011.792
002555.SZ,20250410,14.2,14.33,14.05,14.1,13.91,0.19,1.3659,322160.69,457364.851
002555.SZ,20250409,13.5,13.98,13.11,13.91,13.69,0.22,1.607,400155.15,545698.187
002555.SZ,20250408,13.7,13.98,13.48,13.69,13.5,0.19,1.4074,369890.0,506353.739
002555.SZ,20250407,14.16,14.32,13.46,13.5,14.96,-1.46,-9.7594,578632.93,798958.865
002555.SZ,20250403,14.8,15.04,14.76,14.96,14.94,0.02,0.1339,194442.89,290292.758
002555.SZ,20250402,14.94,15.14,14.89,14.94,15.0,-0.06,-0.4,188195.06,282514.517
002555.SZ,20250401,14.96,15.17,14.9,15.0,14.9,0.1,0.6711,222076.26,333752.211
002555.SZ,20250331,15.11,15.11,14.81,14.9,15.22,-0.32,-2.1025,316722.69,472959.14
002555.SZ,20250328,15.26,15.45,15.2,15.22,15.22,0.0,0.0,296911.13,455517.938
002555.SZ,20250327,15.2,15.33,15.04,15.22,15.24,-0.02,-0.1312,212926.97,323469.365
002555.SZ,20250326,15.32,15.34,15.2,15.24,15.29,-0.05,-0.327,209642.87,320139.824
002555.SZ,20250325,15.38,15.5,15.26,15.29,15.42,-0.13,-0.8431,217102.17,332913.792
002555.SZ,20250324,15.35,15.47,15.16,15.42,15.39,0.03,0.1949,300096.81,460098.88
002555.SZ,20250321,15.64,15.77,15.33,15.39,15.67,-0.28,-1.7869,365326.22,566629.158
002555.SZ,20250320,15.69,15.89,15.59,15.67,15.74,-0.07,-0.4447,367997.02,579555.192
002555.SZ,20250319,15.94,15.98,15.65,15.74,16.02,-0.28,-1.7478,492208.72,774968.235
002555.SZ,20250318,16.15,16.19,15.93,16.02,16.09,-0.07,-0.4351,405316.18,649827.666
002555.SZ,20250317,16.28,16.45,16.01,16.09,16.21,-0.12,-0.7403,500229.98,807901.448
002555.SZ,20250314,15.74,16.3,15.67,16.21,15.79,0.42,2.6599,824112.97,1323487.177
002555.SZ,20250313,15.62,15.93,15.4,15.79,15.7,0.09,0.5732,509689.15,796052.607
002555.SZ,20250312,15.71,15.85,15.54,15.7,15.66,0.04,0.2554,472935.27,742493.33
002555.SZ,20250311,15.6,15.72,15.49,15.66,15.76,-0.1,-0.6345,296956.34,462923.316
002555.SZ,20250310,15.9,16.13,15.65,15.76,15.84,-0.08,-0.5051,327387.24,517314.152
002555.SZ,20250307,15.7,16.18,15.56,15.84,15.8,0.04,0.2532,637369.69,1012243.988
002555.SZ,20250306,15.4,15.9,15.4,15.8,15.3,0.5,3.268,634291.69,996082.401
002555.SZ,20250305,15.33,15.39,15.11,15.3,15.35,-0.05,-0.3257,276158.3,420699.091
002555.SZ,20250304,15.2,15.5,15.11,15.35,15.3,0.05,0.3268,278598.85,427591.165
002555.SZ,20250303,15.25,15.69,15.06,15.3,15.09,0.21,1.3917,550447.98,848724.411
002555.SZ,20250228,15.75,15.91,15.03,15.09,15.88,-0.79,-4.9748,704410.98,1082399.957
002555.SZ,20250227,15.86,16.15,15.57,15.88,15.82,0.06,0.3793,590791.31,936508.772
002555.SZ,20250226,15.92,15.99,15.71,15.82,15.85,-0.03,-0.1893,434380.66,686503.112
002555.SZ,20250225,15.96,16.03,15.78,15.85,16.12,-0.27,-1.6749,389571.58,618854.702
002555.SZ,20250224,16.4,16.4,16.02,16.12,16.41,-0.29,-1.7672,484141.86,782418.004
002555.SZ,20250221,15.82,16.43,15.66,16.41,15.81,0.6,3.7951,782303.12,1262341.501
002555.SZ,20250220,15.98,16.12,15.75,15.81,16.08,-0.27,-1.6791,478274.68,760413.315
002555.SZ,20250219,15.95,16.16,15.83,16.08,15.93,0.15,0.9416,508820.15,815177.074
002555.SZ,20250218,16.51,16.99,15.9,15.93,16.5,-0.57,-3.4545,865890.58,1418477.182
002555.SZ,20250217,16.65,16.98,16.37,16.5,16.4,0.1,0.6098,955958.46,1590030.687
002555.SZ,20250214,16.05,16.4,15.8,16.4,16.04,0.36,2.2444,780492.57,1260472.126
002555.SZ,20250213,16.3,16.3,15.95,16.04,16.24,-0.2,-1.2315,497471.08,801435.329
002555.SZ,20250212,15.97,16.35,15.94,16.24,16.01,0.23,1.4366,526484.62,853310.321
002555.SZ,20250211,16.12,16.2,15.89,16.01,16.12,-0.11,-0.6824,477479.55,764827.778
002555.SZ,20250210,15.95,16.14,15.85,16.12,15.94,0.18,1.1292,569664.6,913192.78
002555.SZ,20250207,15.77,16.15,15.65,15.94,15.79,0.15,0.95,723412.84,1151440.048
002555.SZ,20250206,15.29,15.83,15.16,15.79,15.36,0.43,2.7995,628445.35,980068.862
002555.SZ,20250205,15.2,15.43,15.13,15.36,14.87,0.49,3.2952,537572.31,821422.243
002555.SZ,20250127,15.12,15.17,14.87,14.87,14.94,-0.07,-0.4685,284582.38,426961.137
002555.SZ,20250124,14.72,14.97,14.7,14.94,14.79,0.15,1.0142,271338.92,403701.511
002555.SZ,20250123,14.92,15.13,14.79,14.79,14.69,0.1,0.6807,356760.41,533695.22
002555.SZ,20250122,14.77,14.83,14.6,14.69,14.88,-0.19,-1.2769,229273.79,336790.25
002555.SZ,20250121,14.92,15.03,14.76,14.88,14.86,0.02,0.1346,267265.62,397714.67
002555.SZ,20250120,14.84,14.97,14.78,14.86,14.78,0.08,0.5413,256080.73,381317.88
002555.SZ,20250117,14.72,14.92,14.67,14.78,14.83,-0.05,-0.3372,233112.0,344466.786
002555.SZ,20250116,14.83,15.07,14.67,14.83,14.78,0.05,0.3383,283974.02,422235.123
002555.SZ,20250115,14.86,14.99,14.74,14.78,14.88,-0.1,-0.672,317943.38,472761.454
002555.SZ,20250114,14.48,14.92,14.37,14.88,14.4,0.48,3.3333,467551.61,687193.894
002555.SZ,20250113,14.08,14.55,14.03,14.4,14.22,0.18,1.2658,250750.93,359314.743
002555.SZ,20250110,14.49,14.69,14.2,14.22,14.54,-0.32,-2.2008,245424.25,354674.378
002555.SZ,20250109,14.49,14.62,14.4,14.54,14.53,0.01,0.0688,223821.59,325502.017
002555.SZ,20250108,14.7,14.7,14.24,14.53,14.82,-0.29,-1.9568,363205.55,526435.848
002555.SZ,20250107,14.58,14.82,14.55,14.82,14.61,0.21,1.4374,256558.86,376319.839
002555.SZ,20250106,14.49,14.78,14.47,14.61,14.57,0.04,0.2745,300719.38,439719.325
002555.SZ,20250103,15.03,15.07,14.56,14.57,15.05,-0.48,-3.1894,413057.82,611522.988
002555.SZ,20250102,15.64,15.7,14.9,15.05,15.64,-0.59,-3.7724,538606.01,823169.368
002432.SZ,20260527,91.0,92.0,83.69,84.54,91.58,-7.04,-7.6873,326715.4,2818748.031
002432.SZ,20260526,92.28,92.99,87.13,91.58,87.86,3.72,4.234,476835.67,4312057.458
002432.SZ,20260525,80.8,87.86,80.7,87.86,79.87,7.99,10.0038,310206.0,2674970.914
002432.SZ,20260522,73.78,79.87,73.0,79.87,72.61,7.26,9.9986,359914.13,2778802.307
002432.SZ,20260521,71.68,77.75,70.12,72.61,70.68,1.93,2.7306,471277.09,3505883.522
002432.SZ,20260520,73.14,75.14,69.33,70.68,73.93,-3.25,-4.3961,269210.82,1917496.295
002432.SZ,20260519,73.77,75.27,72.18,73.93,73.44,0.49,0.6672,200200.7,1475552.811
002432.SZ,20260518,74.38,76.65,72.92,73.44,74.38,-0.94,-1.2638,269697.91,2002957.582
002432.SZ,20260515,78.84,78.84,74.2,74.38,78.82,-4.44,-5.6331,267486.69,2035138.976
002432.SZ,20260514,80.04,84.5,78.29,78.82,77.92,0.9,1.155,402523.96,3286945.294
002432.SZ,20260513,74.23,79.8,71.86,77.92,74.6,3.32,4.4504,373428.28,2826888.261
002432.SZ,20260512,72.69,75.68,72.51,74.6,73.12,1.48,2.0241,238358.2,1766811.604
002432.SZ,20260511,76.87,78.21,72.55,73.12,76.13,-3.01,-3.9538,399727.05,2984193.719
002432.SZ,20260508,76.61,78.5,74.45,76.13,78.3,-2.17,-2.7714,304301.71,2316180.737
002432.SZ,20260507,73.69,79.75,72.07,78.3,72.5,5.8,8.0,446199.92,3416843.75
002432.SZ,20260506,71.91,73.78,68.62,72.5,73.5,-1.0,-1.3605,350630.15,2495485.502
002432.SZ,20260430,75.16,76.7,72.75,73.5,75.16,-1.66,-2.2086,248230.76,1847114.57
002432.SZ,20260429,76.6,81.28,75.03,75.16,74.91,0.25,0.3337,365584.68,2845569.958
002432.SZ,20260428,76.88,77.6,74.53,74.91,77.35,-2.44,-3.1545,223941.27,1696466.937
002432.SZ,20260427,81.14,81.5,75.89,77.35,81.54,-4.19,-5.1386,277153.76,2152540.095
002432.SZ,20260424,85.31,88.02,80.84,81.54,86.15,-4.61,-5.3511,304898.03,2555237.267
002432.SZ,20260423,88.65,94.94,85.7,86.15,88.09,-1.94,-2.2023,416114.7,3723877.573
002432.SZ,20260422,79.51,88.09,78.61,88.09,80.08,8.01,10.0025,369375.18,3063144.622
002432.SZ,20260421,80.36,81.0,77.68,80.08,80.28,-0.2,-0.2491,215870.44,1709062.254
002432.SZ,20260420,75.35,82.89,74.99,80.28,75.35,4.93,6.5428,421597.48,3366467.379
002432.SZ,20260417,74.2,77.67,72.7,75.35,75.28,0.07,0.093,334073.93,2510067.802
002432.SZ,20260416,75.01,75.91,71.75,75.28,75.58,-0.3,-0.3969,346025.56,2573229.553
002432.SZ,20260415,77.91,78.28,75.2,75.58,77.8,-2.22,-2.8535,344092.37,2637832.005
002432.SZ,20260414,84.57,85.9,77.34,77.8,85.93,-8.13,-9.4612,591331.99,4760318.621
002432.SZ,20260413,91.0,91.4,85.53,85.93,92.75,-6.82,-7.3531,388103.34,3397466.531
002432.SZ,20260410,89.18,94.8,88.25,92.75,88.01,4.74,5.3858,272444.65,2516918.614
002432.SZ,20260409,86.74,89.99,81.0,88.01,87.59,0.42,0.4795,303996.34,2604435.234
002432.SZ,20260408,84.43,88.8,83.5,87.59,82.86,4.73,5.7084,372504.85,3214927.22
002432.SZ,20260407,82.1,86.48,80.56,82.86,81.13,1.73,2.1324,295773.67,2468913.711
002432.SZ,20260403,80.0,82.8,79.06,81.13,81.15,-0.02,-0.0246,335350.37,2707764.867
002432.SZ,20260402,82.5,84.94,80.7,81.15,80.94,0.21,0.2595,523829.7,4310176.185
002432.SZ,20260401,76.88,80.94,73.88,80.94,73.58,7.36,10.0027,139160.78,1100034.053
002432.SZ,20260331,75.5,81.91,73.5,73.58,75.5,-1.92,-2.543,615602.53,4695964.936
002432.SZ,20260330,67.95,75.5,65.7,75.5,68.64,6.86,9.9942,581257.86,4105724.153
002432.SZ,20260327,61.72,68.64,61.1,68.64,62.4,6.24,10.0,492469.63,3233610.784
002432.SZ,20260326,63.35,63.5,61.03,62.4,63.7,-1.3,-2.0408,286476.3,1778677.165
002432.SZ,20260325,61.02,65.56,60.59,63.7,60.85,2.85,4.6836,438356.43,2768761.639
002432.SZ,20260324,61.08,61.49,59.0,60.85,60.52,0.33,0.5453,373924.52,2248250.711
002432.SZ,20260323,62.01,65.05,60.0,60.52,62.36,-1.84,-2.9506,490820.8,3055220.15
002432.SZ,20260320,66.33,67.49,61.74,62.36,65.95,-3.59,-5.4435,725387.62,4680542.541
002432.SZ,20260319,62.27,65.95,61.57,65.95,59.95,6.0,10.0083,702246.6,4572463.074
002432.SZ,20260318,54.33,59.95,54.02,59.95,54.5,5.45,10.0,385248.4,2217902.209
002432.SZ,20260317,54.4,56.77,54.36,54.5,54.36,0.14,0.2575,253235.32,1401921.632
002432.SZ,20260316,56.23,56.48,53.6,54.36,55.31,-0.95,-1.7176,251525.74,1371222.898
002432.SZ,20260313,58.63,58.98,54.26,55.31,58.88,-3.57,-6.0632,410185.4,2283994.979
002432.SZ,20260312,60.19,61.3,58.33,58.88,58.52,0.36,0.6152,496473.24,2967352.561
002432.SZ,20260311,53.11,58.52,52.5,58.52,53.2,5.32,10.0,440234.66,2455819.775
002432.SZ,20260310,50.5,53.7,50.31,53.2,50.31,2.89,5.7444,410498.33,2152857.382
002432.SZ,20260309,49.38,50.87,47.52,50.31,49.04,1.27,2.5897,383206.18,1885519.297
002432.SZ,20260306,50.17,50.29,48.2,49.04,50.27,-1.23,-2.4468,265962.72,1301200.681
002432.SZ,20260305,51.63,52.0,48.92,50.27,50.99,-0.72,-1.412,325059.38,1626772.551
002432.SZ,20260304,50.25,51.98,49.77,50.99,50.5,0.49,0.9703,400914.41,2044236.165
002432.SZ,20260303,49.23,52.25,48.29,50.5,48.83,1.67,3.42,622750.98,3120975.956
002432.SZ,20260302,44.02,48.83,43.28,48.83,44.39,4.44,10.0023,521614.16,2453993.956
002432.SZ,20260227,43.93,44.6,43.81,44.39,43.77,0.62,1.4165,141587.89,626664.261
002432.SZ,20260226,44.95,45.08,43.75,43.77,44.91,-1.14,-2.5384,168425.45,741871.03
002432.SZ,20260225,44.08,46.44,44.05,44.91,44.57,0.34,0.7628,346164.29,1565733.63
002432.SZ,20260224,42.5,45.35,42.5,44.57,41.23,3.34,8.1009,454109.86,2016873.64
002432.SZ,20260213,41.9,42.05,41.23,41.23,41.91,-0.68,-1.6225,57535.5,239505.286
002432.SZ,20260212,41.83,42.16,41.65,41.91,41.83,0.08,0.1913,59406.51,248766.18
002432.SZ,20260211,42.26,42.32,41.83,41.83,42.26,-0.43,-1.0175,51001.23,214308.412
002432.SZ,20260210,42.35,42.35,41.97,42.26,42.54,-0.28,-0.6582,61875.1,261084.258
002432.SZ,20260209,42.05,42.6,41.83,42.54,42.04,0.5,1.1893,86445.41,364604.063
002432.SZ,20260206,41.45,42.55,41.09,42.04,41.45,0.59,1.4234,104659.88,439887.305
002432.SZ,20260205,41.32,41.88,41.18,41.45,41.41,0.04,0.0966,69148.29,286825.908
002432.SZ,20260204,41.08,41.43,40.78,41.41,41.16,0.25,0.6074,65445.07,268543.367
002432.SZ,20260203,41.09,41.25,40.7,41.16,40.75,0.41,1.0061,67496.54,276669.269
002432.SZ,20260202,41.9,41.99,40.74,40.75,41.59,-0.84,-2.0197,88611.88,366958.807
002432.SZ,20260130,42.5,42.83,41.42,41.59,42.87,-1.28,-2.9858,112352.48,470105.504
002432.SZ,20260129,42.27,43.34,41.89,42.87,42.38,0.49,1.1562,129697.5,554059.037
002432.SZ,20260128,43.45,43.7,42.38,42.38,43.98,-1.6,-3.638,176582.92,755316.954
002432.SZ,20260127,43.91,44.78,42.93,43.98,42.71,1.27,2.9735,296662.0,1297772.321
002432.SZ,20260126,42.66,42.87,41.8,42.71,42.38,0.33,0.7787,136076.03,577417.927
002432.SZ,20260123,41.23,42.83,41.23,42.38,41.15,1.23,2.9891,124122.41,521187.093
002432.SZ,20260122,41.08,41.26,41.04,41.15,41.04,0.11,0.268,50075.06,205980.744
002432.SZ,20260121,40.93,41.32,40.72,41.04,40.97,0.07,0.1709,63142.26,259131.838
002432.SZ,20260120,41.43,41.5,40.82,40.97,41.42,-0.45,-1.0864,75528.43,310045.357
002432.SZ,20260119,41.58,41.6,41.2,41.42,41.63,-0.21,-0.5044,67774.61,280524.708
002432.SZ,20260116,42.18,42.35,41.34,41.63,42.15,-0.52,-1.2337,97188.55,405070.588
002432.SZ,20260115,42.68,43.12,42.07,42.15,42.7,-0.55,-1.2881,91953.15,390788.414
002432.SZ,20260114,42.85,43.49,42.1,42.7,42.6,0.1,0.2347,168062.77,721921.841
002432.SZ,20260113,42.52,43.81,42.52,42.6,42.31,0.29,0.6854,197846.77,853029.034
002432.SZ,20260112,41.8,42.5,41.75,42.31,41.75,0.56,1.3413,123969.9,523482.378
002432.SZ,20260109,41.07,41.8,41.01,41.75,41.03,0.72,1.7548,104553.96,433215.315
002432.SZ,20260108,40.88,41.29,40.67,41.03,40.88,0.15,0.3669,67720.88,277841.682
002432.SZ,20260107,40.97,41.44,40.82,40.88,40.93,-0.05,-0.1222,72782.58,298939.574
002432.SZ,20260106,40.9,40.98,40.67,40.93,40.92,0.01,0.0244,71972.28,293957.219
002432.SZ,20260105,40.12,40.93,40.12,40.92,40.04,0.88,2.1978,77584.04,315224.365
002432.SZ,20251231,40.18,40.28,39.97,40.04,40.08,-0.04,-0.0998,38883.76,155820.081
002432.SZ,20251230,40.31,40.38,40.07,40.08,40.3,-0.22,-0.5459,40345.0,162057.256
002432.SZ,20251229,40.73,40.73,40.3,40.3,40.75,-0.45,-1.1043,64480.8,260315.842
002432.SZ,20251226,40.53,40.97,40.5,40.75,40.78,-0.03,-0.0736,49966.85,203698.289
002432.SZ,20251225,40.76,40.86,40.52,40.78,40.77,0.01,0.0245,48841.88,198578.95
002432.SZ,20251224,40.7,40.89,40.51,40.77,40.69,0.08,0.1966,47516.37,193312.794
002432.SZ,20251223,41.05,41.07,40.68,40.69,41.14,-0.45,-1.0938,59960.23,244900.714
002432.SZ,20251222,41.5,41.6,41.13,41.14,41.68,-0.54,-1.2956,73503.84,303296.019
002432.SZ,20251219,41.58,41.78,41.22,41.68,42.0,-0.32,-0.7619,84422.9,350340.831
002432.SZ,20251218,41.28,42.53,41.18,42.0,41.18,0.82,1.9913,122827.41,514851.584
002432.SZ,20251217,41.4,41.58,40.65,41.18,41.7,-0.52,-1.247,103418.1,424396.629
002432.SZ,20251216,41.85,42.54,41.41,41.7,41.39,0.31,0.749,142578.84,597944.471
002432.SZ,20251215,41.47,42.55,41.36,41.39,40.31,1.08,2.6792,163687.56,687358.471
002432.SZ,20251212,40.25,40.37,39.96,40.31,40.28,0.03,0.0745,54339.43,218002.603
002432.SZ,20251211,40.2,40.66,40.04,40.28,40.17,0.11,0.2738,57512.0,232080.284
002432.SZ,20251210,40.04,40.26,39.83,40.17,40.05,0.12,0.2996,40906.26,164002.178
002432.SZ,20251209,40.69,40.78,40.02,40.05,40.65,-0.6,-1.476,58484.67,235703.109
002432.SZ,20251208,40.93,41.08,40.63,40.65,40.84,-0.19,-0.4652,53286.43,217431.834
002432.SZ,20251205,40.69,40.91,40.25,40.84,40.69,0.15,0.3686,48148.72,195506.706
002432.SZ,20251204,40.98,41.28,40.4,40.69,40.93,-0.24,-0.5864,55544.13,226323.234
002432.SZ,20251203,40.8,41.03,40.55,40.93,40.8,0.13,0.3186,48271.15,197016.441
002432.SZ,20251202,41.49,41.49,40.74,40.8,41.49,-0.69,-1.6631,63880.39,261814.283
002432.SZ,20251201,41.43,41.55,41.35,41.49,41.42,0.07,0.169,48483.18,200967.56
002432.SZ,20251128,41.48,41.68,41.2,41.42,41.38,0.04,0.0967,51288.36,212327.226
002432.SZ,20251127,41.61,41.87,41.3,41.38,41.4,-0.02,-0.0483,58120.89,241927.028
002432.SZ,20251126,41.99,42.31,41.33,41.4,41.81,-0.41,-0.9806,82680.53,345577.103
002432.SZ,20251125,41.51,42.45,41.44,41.81,41.48,0.33,0.7956,88334.46,370514.735
002432.SZ,20251124,41.9,41.9,41.01,41.48,41.2,0.28,0.6796,73319.14,303701.719
002432.SZ,20251121,41.1,42.31,40.52,41.2,41.63,-0.43,-1.0329,143038.56,591138.06
002432.SZ,20251120,42.68,42.88,41.5,41.63,42.61,-0.98,-2.2999,110531.89,464056.884
002432.SZ,20251119,43.0,43.55,42.47,42.61,43.27,-0.66,-1.5253,98316.17,420930.284
002432.SZ,20251118,43.8,44.1,43.1,43.27,43.89,-0.62,-1.4126,125827.61,548321.991
002432.SZ,20251117,43.3,43.94,42.2,43.89,43.62,0.27,0.619,184209.27,788982.71
002432.SZ,20251114,43.0,45.0,42.9,43.62,42.89,0.73,1.702,307136.12,1351852.85
002432.SZ,20251113,42.77,43.29,42.55,42.89,43.1,-0.21,-0.4872,130820.94,560556.171
002432.SZ,20251112,43.21,43.4,42.66,43.1,42.97,0.13,0.3025,175251.69,753873.2
002432.SZ,20251111,43.5,43.64,42.5,42.97,44.2,-1.23,-2.7828,344566.47,1483433.577
002432.SZ,20251110,41.17,44.2,40.9,44.2,40.18,4.02,10.005,411471.01,1773460.705
002432.SZ,20251107,39.93,40.45,39.85,40.18,39.91,0.27,0.6765,59841.99,240420.798
002432.SZ,20251106,39.83,40.4,39.71,39.91,39.88,0.03,0.0752,52783.07,211204.769
002432.SZ,20251105,39.6,40.05,39.41,39.88,39.78,0.1,0.2514,47020.92,187148.718
002432.SZ,20251104,40.1,40.11,39.54,39.78,40.1,-0.32,-0.798,48764.15,194317.284
002432.SZ,20251103,40.52,40.58,39.75,40.1,40.5,-0.4,-0.9877,73680.64,294841.829
002432.SZ,20251031,39.95,40.71,39.66,40.5,39.77,0.73,1.8356,84264.85,340098.685
002432.SZ,20251030,40.04,40.13,39.62,39.77,40.04,-0.27,-0.6743,56267.64,224353.287
002432.SZ,20251029,39.8,40.17,39.76,40.04,40.05,-0.01,-0.025,71005.84,283977.703
002432.SZ,20251028,40.15,40.22,39.78,40.05,40.09,-0.04,-0.0998,57382.51,229583.698
002432.SZ,20251027,40.03,40.29,39.77,40.09,40.31,-0.22,-0.5458,68168.44,272970.222
002432.SZ,20251024,40.49,40.79,40.17,40.31,40.39,-0.08,-0.1981,56247.46,226925.038
002432.SZ,20251023,40.06,40.56,39.83,40.39,40.09,0.3,0.7483,63867.47,257029.041
002432.SZ,20251022,40.25,40.25,39.98,40.09,40.28,-0.19,-0.4717,38852.99,155794.648
002432.SZ,20251021,40.32,40.39,39.92,40.28,40.2,0.08,0.199,69734.28,279908.232
002432.SZ,20251020,40.56,40.66,40.05,40.2,40.12,0.08,0.1994,60623.77,244150.33
002432.SZ,20251017,40.7,40.8,40.08,40.12,40.77,-0.65,-1.5943,91334.04,368609.35
002432.SZ,20251016,40.3,41.25,40.06,40.77,40.25,0.52,1.2919,131590.91,537328.251
002432.SZ,20251015,39.74,40.26,39.61,40.25,39.74,0.51,1.2833,106160.9,424481.005
002432.SZ,20251014,39.49,40.45,39.12,39.74,38.19,1.55,4.0587,183185.84,729965.107
002432.SZ,20251013,37.73,38.39,37.71,38.19,39.25,-1.06,-2.7006,71756.82,273243.972
002432.SZ,20251010,39.14,39.44,39.06,39.25,39.3,-0.05,-0.1272,51608.41,202394.675
002432.SZ,20251009,38.98,39.36,38.8,39.3,38.79,0.51,1.3148,72975.87,285691.309
002432.SZ,20250930,38.72,39.06,38.58,38.79,38.45,0.34,0.8843,54222.96,210404.554
002432.SZ,20250929,38.54,38.62,38.15,38.45,38.54,-0.09,-0.2335,46586.32,178792.637
002432.SZ,20250926,38.61,38.85,38.43,38.54,38.84,-0.3,-0.7724,39806.0,153776.444
002432.SZ,20250925,38.85,38.94,38.5,38.84,38.85,-0.01,-0.0257,47328.23,183306.198
002432.SZ,20250924,37.9,39.37,37.85,38.85,38.06,0.79,2.0757,68421.58,265502.482
002432.SZ,20250923,38.65,38.65,37.69,38.06,38.66,-0.6,-1.552,67248.04,255661.325
002432.SZ,20250922,38.69,38.82,38.4,38.66,38.62,0.04,0.1036,33593.81,129653.292
002432.SZ,20250919,38.75,38.91,38.51,38.62,38.74,-0.12,-0.3098,40397.5,156234.848
002432.SZ,20250918,39.33,39.39,38.48,38.74,39.33,-0.59,-1.5001,75182.15,293313.608
002432.SZ,20250917,39.07,39.35,39.05,39.33,39.0,0.33,0.8462,54765.31,214951.401
002432.SZ,20250916,39.06,39.27,38.88,39.0,38.98,0.02,0.0513,44419.72,173359.113
002432.SZ,20250915,39.21,39.36,38.91,38.98,39.23,-0.25,-0.6373,48678.03,190016.295
002432.SZ,20250912,39.5,39.64,39.18,39.23,39.54,-0.31,-0.784,54732.01,215294.109
002432.SZ,20250911,39.19,39.59,38.8,39.54,39.37,0.17,0.4318,68989.06,270323.501
002432.SZ,20250910,39.75,39.9,39.27,39.37,39.9,-0.53,-1.3283,65297.64,257625.877
002432.SZ,20250909,39.45,40.92,39.24,39.9,39.46,0.44,1.1151,144084.96,579701.969
002432.SZ,20250908,39.13,39.55,38.93,39.46,38.63,0.83,2.1486,93176.42,366028.041
002432.SZ,20250905,38.29,38.65,38.18,38.63,38.24,0.39,1.0199,56982.45,219197.711
002432.SZ,20250904,38.57,38.76,37.92,38.24,38.45,-0.21,-0.5462,65689.88,252195.548
002432.SZ,20250903,39.1,39.25,38.41,38.45,39.1,-0.65,-1.6624,62406.4,241893.874
002432.SZ,20250902,39.8,39.8,38.77,39.1,39.64,-0.54,-1.3623,81325.16,318459.37
002432.SZ,20250901,39.5,39.84,39.36,39.64,39.51,0.13,0.329,79545.81,315260.611
002432.SZ,20250829,39.58,39.88,39.3,39.51,39.59,-0.08,-0.2021,88473.03,350703.179
002432.SZ,20250828,39.85,40.09,38.7,39.59,39.97,-0.38,-0.9507,159688.19,628610.637
002432.SZ,20250827,41.99,42.0,39.96,39.97,42.75,-2.78,-6.5029,283672.54,1161016.849
002432.SZ,20250826,41.81,43.38,41.77,42.75,41.82,0.93,2.2238,130334.65,553039.348
002432.SZ,20250825,41.98,42.18,41.59,41.82,41.65,0.17,0.4082,103411.26,432791.806
002432.SZ,20250822,41.59,41.75,41.29,41.65,41.6,0.05,0.1202,75902.05,314580.537
002432.SZ,20250821,41.4,42.08,41.23,41.6,41.31,0.29,0.702,97044.52,403876.052
002432.SZ,20250820,41.49,41.65,40.9,41.31,41.44,-0.13,-0.3137,85831.13,353597.681
002432.SZ,20250819,40.82,42.44,40.82,41.44,40.6,0.84,2.069,163716.56,683770.321
002432.SZ,20250818,40.54,40.78,40.38,40.6,40.42,0.18,0.4453,103227.72,419256.889
002432.SZ,20250815,39.93,40.66,39.75,40.42,39.79,0.63,1.5833,98773.61,397050.631
002432.SZ,20250814,40.18,40.7,39.73,39.79,40.0,-0.21,-0.525,94221.0,378113.342
002432.SZ,20250813,40.15,40.26,39.8,40.0,40.05,-0.05,-0.1248,89927.74,359901.161
002432.SZ,20250812,40.15,40.71,40.0,40.05,40.12,-0.07,-0.1745,104858.76,422576.665
002432.SZ,20250811,39.65,40.26,39.44,40.12,39.65,0.47,1.1854,114896.72,457461.807
002432.SZ,20250808,39.51,40.37,39.16,39.65,39.68,-0.03,-0.0756,128607.58,511717.989
002432.SZ,20250807,39.13,40.52,39.06,39.68,38.97,0.71,1.8219,168405.65,670534.074
002432.SZ,20250806,39.05,39.26,38.81,38.97,39.09,-0.12,-0.307,49680.08,193438.299
002432.SZ,20250805,39.07,39.23,38.86,39.09,39.11,-0.02,-0.0511,50631.0,197572.585
002432.SZ,20250804,38.91,39.46,38.4,39.11,39.17,-0.06,-0.1532,102651.5,397520.263
002432.SZ,20250801,38.84,39.66,38.84,39.17,38.9,0.27,0.6941,77585.0,304766.977
002432.SZ,20250731,39.3,39.55,38.76,38.9,39.4,-0.5,-1.269,78601.97,307293.38
002432.SZ,20250730,38.94,39.74,38.71,39.4,38.94,0.46,1.1813,110488.0,434624.018
002432.SZ,20250729,39.08,39.15,38.58,38.94,39.17,-0.23,-0.5872,80238.0,311416.563
002432.SZ,20250728,39.37,39.58,39.02,39.17,39.36,-0.19,-0.4827,70595.55,276645.611
002432.SZ,20250725,39.44,40.06,39.3,39.36,39.49,-0.13,-0.3292,89722.77,355546.292
002432.SZ,20250724,38.97,39.84,38.87,39.49,38.92,0.57,1.4645,105658.73,415386.558
002432.SZ,20250723,39.05,39.56,38.91,38.92,39.05,-0.13,-0.3329,84241.8,330429.114
002432.SZ,20250722,39.02,39.25,38.87,39.05,39.02,0.03,0.0769,74860.84,292284.843
002432.SZ,20250721,39.03,39.12,38.83,39.02,39.22,-0.2,-0.5099,85363.33,332589.453
002432.SZ,20250718,38.68,39.99,38.6,39.22,38.43,0.79,2.0557,167286.0,656490.607
002432.SZ,20250717,38.55,38.7,38.24,38.43,38.6,-0.17,-0.4404,69132.08,265484.478
002432.SZ,20250716,39.39,39.5,38.36,38.6,39.25,-0.65,-1.6561,117829.58,455157.105
002432.SZ,20250715,38.77,39.85,38.57,39.25,36.99,2.26,6.1098,266727.84,1043556.724
002432.SZ,20250714,36.85,37.58,36.8,36.99,36.64,0.35,0.9552,71695.13,266543.987
002432.SZ,20250711,36.61,36.86,36.52,36.64,36.57,0.07,0.1914,66491.0,243852.713
002432.SZ,20250710,36.48,36.64,36.4,36.57,36.48,0.09,0.2467,41223.91,150601.124
002432.SZ,20250709,36.5,36.72,36.42,36.48,36.5,-0.02,-0.0548,43931.17,160617.4
002432.SZ,20250708,36.34,36.58,36.28,36.5,36.34,0.16,0.4403,47985.71,174756.472
002432.SZ,20250707,36.6,36.67,36.33,36.34,36.52,-0.18,-0.4929,33004.0,120224.748
002432.SZ,20250704,36.63,36.79,36.51,36.52,36.6,-0.08,-0.2186,46125.36,168888.572
002432.SZ,20250703,36.46,36.63,36.42,36.6,36.45,0.15,0.4115,37402.88,136734.668
002432.SZ,20250702,36.6,36.61,36.32,36.45,36.62,-0.17,-0.4642,33157.29,120793.668
002432.SZ,20250701,36.49,36.69,36.37,36.62,36.43,0.19,0.5215,43782.03,160167.281
002432.SZ,20250630,36.01,36.55,35.91,36.43,36.0,0.43,1.1944,66292.5,241325.834
002432.SZ,20250627,36.02,36.22,35.98,36.0,35.97,0.03,0.0834,42144.41,152023.724
002432.SZ,20250626,36.27,36.29,35.89,35.97,36.28,-0.31,-0.8545,50120.0,180976.765
002432.SZ,20250625,36.16,36.33,35.98,36.28,36.07,0.21,0.5822,43943.18,158819.212
002432.SZ,20250624,35.82,36.1,35.75,36.07,35.72,0.35,0.9798,45384.0,163232.616
002432.SZ,20250623,35.6,35.82,35.47,35.72,35.72,0.0,0.0,24797.0,88387.885
002432.SZ,20250620,35.79,36.03,35.7,35.72,35.79,-0.07,-0.1956,27356.0,97973.156
002432.SZ,20250619,36.08,36.12,35.72,35.79,36.01,-0.22,-0.6109,37054.1,133106.094
002432.SZ,20250618,36.15,36.18,35.92,36.01,36.2,-0.19,-0.5249,28258.44,101817.764
002432.SZ,20250617,36.1,36.66,36.1,36.2,36.06,0.14,0.3882,48210.01,175114.682
002432.SZ,20250616,35.88,36.18,35.86,36.06,36.17,-0.11,-0.3041,50382.42,181406.711
002432.SZ,20250613,37.1,37.11,36.06,36.17,37.17,-1.0,-2.6903,106265.6,386663.886
002432.SZ,20250612,37.56,37.56,37.07,37.17,37.55,-0.38,-1.012,60570.01,225356.125
002432.SZ,20250611,37.5,37.78,37.33,37.55,37.46,0.09,0.2403,36748.26,138258.862
002432.SZ,20250610,37.98,38.03,37.44,37.64,37.88,-0.24,-0.6336,44820.27,169214.66
002432.SZ,20250609,37.65,38.09,37.61,37.88,37.65,0.23,0.6109,42474.05,160900.859
002432.SZ,20250606,37.65,37.75,37.54,37.65,37.65,0.0,0.0,24150.13,90867.811
002432.SZ,20250605,37.91,37.95,37.56,37.65,37.89,-0.24,-0.6334,43177.41,162672.215
002432.SZ,20250604,37.69,37.97,37.63,37.89,37.68,0.21,0.5573,34795.5,131547.232
002432.SZ,20250603,37.65,37.86,37.39,37.68,37.77,-0.09,-0.2383,39125.98,147153.687
002432.SZ,20250530,38.03,38.28,37.75,37.77,38.13,-0.36,-0.9441,33996.51,129029.67
002432.SZ,20250529,37.6,38.22,37.51,38.13,37.64,0.49,1.3018,36933.01,140370.249
002432.SZ,20250528,38.12,38.19,37.23,37.64,38.11,-0.47,-1.2333,45335.0,170838.755
002432.SZ,20250527,38.24,38.33,37.97,38.11,38.19,-0.08,-0.2095,27369.04,104312.63
002432.SZ,20250526,38.41,38.55,38.11,38.19,38.41,-0.22,-0.5728,29112.27,111489.104
002432.SZ,20250523,38.63,38.98,38.39,38.41,38.64,-0.23,-0.5952,38100.47,147497.024
002432.SZ,20250522,39.0,39.01,38.63,38.64,39.09,-0.45,-1.1512,33713.0,130878.725
002432.SZ,20250521,39.15,39.47,38.99,39.09,39.11,-0.02,-0.0511,44184.01,173313.724
002432.SZ,20250520,39.02,39.33,38.73,39.11,39.19,-0.08,-0.2041,56157.41,218851.821
002432.SZ,20250519,39.27,39.32,38.52,39.19,39.7,-0.51,-1.2846,88564.67,344223.822
002432.SZ,20250516,38.56,40.11,38.35,39.7,38.38,1.32,3.4393,112834.07,444273.005
002432.SZ,20250515,38.76,38.76,38.36,38.38,38.78,-0.4,-1.0315,36129.09,139080.363
002432.SZ,20250514,38.4,38.87,38.27,38.78,38.5,0.28,0.7273,49557.62,191365.136
002432.SZ,20250513,38.86,38.89,38.21,38.5,38.6,-0.1,-0.2591,60759.11,233808.347
002432.SZ,20250512,37.7,38.72,37.55,38.6,37.58,1.02,2.7142,94245.78,359216.463
002432.SZ,20250509,37.79,37.85,37.38,37.58,37.79,-0.21,-0.5557,48410.63,181855.633
002432.SZ,20250508,37.8,37.94,37.67,37.79,37.86,-0.07,-0.1849,43589.88,164845.477
002432.SZ,20250507,38.25,38.31,37.79,37.86,37.9,-0.04,-0.1055,60758.98,230734.28
002432.SZ,20250506,37.81,38.07,37.62,37.9,37.8,0.1,0.2646,65341.99,247309.979
002432.SZ,20250430,37.92,38.12,37.73,37.8,37.95,-0.15,-0.3953,63494.27,240930.468
002432.SZ,20250429,38.17,38.25,37.26,37.95,38.51,-0.56,-1.4542,77784.17,293348.207
002432.SZ,20250428,39.15,39.27,38.27,38.51,39.14,-0.63,-1.6096,48911.4,188520.809
002432.SZ,20250425,38.42,39.22,38.4,39.14,38.38,0.76,1.9802,65283.92,253340.665
002432.SZ,20250424,38.01,38.56,37.83,38.38,38.19,0.19,0.4975,50766.44,194373.875
002432.SZ,20250423,37.73,38.36,37.4,38.19,37.55,0.64,1.7044,59860.47,226875.891
002432.SZ,20250422,37.13,37.56,36.93,37.55,37.11,0.44,1.1857,53439.42,199495.809
002432.SZ,20250421,36.87,37.19,36.72,37.11,36.9,0.21,0.5691,35800.0,132738.258
002432.SZ,20250418,36.69,37.16,36.65,36.9,36.82,0.08,0.2173,29214.59,107737.855
002432.SZ,20250417,36.9,37.17,36.8,36.82,37.1,-0.28,-0.7547,38125.68,140915.427
002432.SZ,20250416,36.73,37.23,36.54,37.1,36.91,0.19,0.5148,54694.14,201881.445
002432.SZ,20250415,36.69,37.14,36.33,36.91,36.77,0.14,0.3807,52397.34,192575.284
002432.SZ,20250414,36.71,36.87,36.5,36.77,36.21,0.56,1.5465,61816.0,226987.767
002432.SZ,20250411,36.36,36.59,35.91,36.21,36.61,-0.4,-1.0926,81446.0,295378.773
002432.SZ,20250410,36.81,37.25,36.48,36.61,35.95,0.66,1.8359,109784.01,404128.203
002432.SZ,20250409,36.1,36.14,34.11,35.95,36.75,-0.8,-2.1769,164187.22,577719.765
002432.SZ,20250408,37.85,37.98,36.51,36.75,37.36,-0.61,-1.6328,108073.98,401396.334
002432.SZ,20250407,38.29,39.2,37.36,37.36,41.51,-4.15,-9.9976,116429.16,442234.573
002432.SZ,20250403,42.0,42.51,41.43,41.51,42.28,-0.77,-1.8212,78917.24,329851.28
002432.SZ,20250402,42.33,42.57,42.01,42.28,42.67,-0.39,-0.914,63702.0,269182.319
002432.SZ,20250401,42.12,43.5,42.12,42.67,42.04,0.63,1.4986,134973.9,579532.411
002432.SZ,20250331,41.88,42.4,41.62,42.04,41.91,0.13,0.3102,66625.13,279483.674
002432.SZ,20250328,42.6,42.7,41.84,41.91,42.66,-0.75,-1.7581,67308.73,283742.685
002432.SZ,20250327,42.09,42.97,42.02,42.66,41.4,1.26,3.0435,105683.87,449415.702
002432.SZ,20250326,41.48,41.61,41.31,41.4,41.56,-0.16,-0.385,35026.01,145146.802
002432.SZ,20250325,41.28,41.64,41.11,41.56,41.32,0.24,0.5808,33617.51,139387.116
002432.SZ,20250324,41.41,41.81,41.06,41.32,41.44,-0.12,-0.2896,47270.0,195785.67
002432.SZ,20250321,41.85,42.09,41.31,41.44,41.87,-0.43,-1.027,48096.8,200278.973
002432.SZ,20250320,42.08,42.4,41.86,41.87,42.08,-0.21,-0.499,49907.21,209911.87
002432.SZ,20250319,42.01,42.36,41.97,42.08,42.15,-0.07,-0.1661,46546.14,196288.291
002432.SZ,20250318,42.25,42.3,42.0,42.15,42.09,0.06,0.1426,43881.01,184836.077
002432.SZ,20250317,42.43,42.53,42.0,42.09,42.43,-0.34,-0.8013,57749.54,243596.414
002432.SZ,20250314,41.5,42.5,41.45,42.43,41.57,0.86,2.0688,78532.91,330286.297
002432.SZ,20250313,41.8,41.84,41.41,41.57,41.76,-0.19,-0.455,48577.84,201727.944
002432.SZ,20250312,41.95,42.07,41.71,41.76,41.93,-0.17,-0.4054,49571.97,207183.547
002432.SZ,20250311,41.8,41.98,41.66,41.93,42.28,-0.35,-0.8278,55404.8,231538.89
002432.SZ,20250310,42.95,43.34,41.91,42.28,42.15,0.13,0.3084,84706.66,358789.708
002432.SZ,20250307,43.0,43.0,41.97,42.15,43.12,-0.97,-2.2495,86536.85,365860.333
002432.SZ,20250306,41.9,43.88,41.7,43.12,41.57,1.55,3.7287,125419.45,537530.289
002432.SZ,20250305,41.79,41.88,41.25,41.57,41.89,-0.32,-0.7639,43715.47,181450.582
002432.SZ,20250304,41.58,42.1,41.39,41.89,41.79,0.1,0.2393,49541.24,206879.797
002432.SZ,20250303,41.77,42.48,41.54,41.79,41.47,0.32,0.7716,68692.28,288583.509
002432.SZ,20250228,42.19,42.4,41.34,41.47,42.29,-0.82,-1.939,72595.33,303251.15
002432.SZ,20250227,42.8,42.86,41.88,42.29,42.6,-0.31,-0.7277,83693.39,353625.975
002432.SZ,20250226,42.71,42.83,42.43,42.6,42.55,0.05,0.1175,60460.3,257620.675
002432.SZ,20250225,42.79,43.07,42.41,42.55,43.28,-0.73,-1.6867,66996.43,286730.45
002432.SZ,20250224,44.75,44.77,43.21,43.28,44.4,-1.12,-2.5225,97696.82,426762.382
002432.SZ,20250221,45.35,45.8,44.2,44.4,45.67,-1.27,-2.7808,147716.52,659746.949
002432.SZ,20250220,44.69,47.65,44.61,45.67,44.1,1.57,3.5601,211125.95,975611.751
002432.SZ,20250219,42.9,44.58,42.5,44.1,42.98,1.12,2.6059,139867.21,611005.308
002432.SZ,20250218,43.6,43.99,42.84,42.98,43.98,-1.0,-2.2738,79001.82,343020.283
002432.SZ,20250217,44.3,44.52,43.71,43.98,43.65,0.33,0.756,132145.47,583047.46
002432.SZ,20250214,42.49,44.4,42.41,43.65,42.57,1.08,2.537,134429.65,584630.869
002432.SZ,20250213,43.5,43.69,42.55,42.57,42.98,-0.41,-0.9539,71396.83,306044.885
002432.SZ,20250212,43.2,43.32,42.74,42.98,43.51,-0.53,-1.2181,81925.03,352008.377
002432.SZ,20250211,43.36,44.24,42.48,43.51,43.24,0.27,0.6244,156973.24,679269.295
002432.SZ,20250210,42.27,43.38,42.25,43.24,41.99,1.25,2.9769,160819.38,691560.817
002432.SZ,20250207,39.93,42.7,39.82,41.99,39.96,2.03,5.0801,176163.96,731600.141
002432.SZ,20250206,39.49,39.99,39.25,39.96,39.47,0.49,1.2414,64603.11,256775.903
002432.SZ,20250205,39.89,40.04,39.16,39.47,39.66,-0.19,-0.4791,59246.51,234414.312
002432.SZ,20250127,40.01,40.28,39.6,39.66,39.94,-0.28,-0.7011,44817.0,178892.106
002432.SZ,20250124,39.81,40.05,39.73,39.94,39.82,0.12,0.3014,40217.0,160522.207
002432.SZ,20250123,40.23,40.44,39.82,39.82,40.09,-0.27,-0.6735,48568.08,194966.24
002432.SZ,20250122,39.8,40.15,39.37,40.09,39.96,0.13,0.3253,42500.63,169051.775
002432.SZ,20250121,40.12,40.16,39.62,39.96,39.98,-0.02,-0.05,31703.0,126307.407
002432.SZ,20250120,39.85,40.26,39.85,39.98,39.81,0.17,0.427,42192.25,168989.153
002432.SZ,20250117,39.65,39.93,39.4,39.81,39.7,0.11,0.2771,32897.0,130726.814
002432.SZ,20250116,39.85,40.1,39.53,39.7,39.66,0.04,0.1009,39229.3,156110.061
002432.SZ,20250115,39.77,40.1,39.56,39.66,39.97,-0.31,-0.7756,43195.39,171648.243
002432.SZ,20250114,39.33,39.98,39.15,39.97,39.15,0.82,2.0945,60361.71,239080.246
002432.SZ,20250113,39.2,39.47,39.02,39.15,39.36,-0.21,-0.5335,33850.2,132765.223
002432.SZ,20250110,39.82,39.93,39.34,39.36,39.84,-0.48,-1.2048,35868.99,142021.949
002432.SZ,20250109,39.79,40.13,39.41,39.84,39.95,-0.11,-0.2753,41035.72,163619.511
002432.SZ,20250108,40.61,40.68,39.55,39.95,40.58,-0.63,-1.5525,70030.56,280278.158
002432.SZ,20250107,41.08,41.2,40.2,40.58,41.32,-0.74,-1.7909,59563.68,241659.58
002432.SZ,20250106,40.61,41.78,40.61,41.32,40.52,0.8,1.9743,79509.45,328359.416
002432.SZ,20250103,40.59,41.21,40.33,40.52,40.86,-0.34,-0.8321,52083.01,212548.889
002432.SZ,20250102,40.88,41.85,40.38,40.86,40.78,0.08,0.1962,69077.15,283031.533
688389.SH,20260527,12.17,12.18,11.91,12.01,12.18,-0.17,-1.3957,27199.11,32687.673
688389.SH,20260526,12.3,12.36,12.05,12.18,12.35,-0.17,-1.3765,31356.82,38111.96
688389.SH,20260525,12.23,12.45,12.22,12.35,12.25,0.1,0.8163,21961.4,27132.069
688389.SH,20260522,12.32,12.34,12.13,12.25,12.23,0.02,0.1635,23285.42,28500.09
688389.SH,20260521,12.36,12.66,12.2,12.23,12.32,-0.09,-0.7305,37411.97,46634.117
688389.SH,20260520,12.5,12.51,12.3,12.32,12.54,-0.22,-1.7544,20723.25,25626.401
688389.SH,20260519,12.36,12.6,12.34,12.54,12.41,0.13,1.0475,16394.6,20466.55
688389.SH,20260518,12.38,12.56,12.32,12.41,12.47,-0.06,-0.4812,19575.16,24303.466
688389.SH,20260515,12.55,12.67,12.4,12.47,12.59,-0.12,-0.9531,25903.82,32467.832
688389.SH,20260514,12.88,12.93,12.55,12.59,12.86,-0.27,-2.0995,31356.35,39846.005
688389.SH,20260513,12.87,12.88,12.76,12.86,12.83,0.03,0.2338,18616.8,23885.028
688389.SH,20260512,13.12,13.12,12.82,12.83,13.17,-0.34,-2.5816,29377.45,37962.854
688389.SH,20260511,13.05,13.19,12.94,13.17,13.02,0.15,1.1521,30400.17,39748.454
688389.SH,20260508,12.93,13.09,12.93,13.02,12.94,0.08,0.6182,24537.98,31934.43
688389.SH,20260507,12.85,13.04,12.85,12.94,12.93,0.01,0.0773,22434.33,28987.255
688389.SH,20260506,13.12,13.12,12.88,12.93,13.05,-0.12,-0.9195,40661.54,52686.214
688389.SH,20260430,13.01,13.1,12.93,13.05,13.0,0.05,0.3846,21647.28,28240.76
688389.SH,20260429,12.86,13.05,12.81,13.0,12.86,0.14,1.0886,25238.53,32750.614
688389.SH,20260428,12.95,12.97,12.79,12.86,12.9,-0.04,-0.3101,20989.1,27003.19
688389.SH,20260427,12.71,12.98,12.66,12.9,12.68,0.22,1.735,35049.52,45043.151
688389.SH,20260424,12.52,12.7,12.5,12.68,12.57,0.11,0.8751,26323.33,33155.283
688389.SH,20260423,12.68,12.88,12.52,12.57,12.95,-0.38,-2.9344,49713.86,63015.346
688389.SH,20260422,12.6,12.95,12.6,12.95,12.65,0.3,2.3715,41322.06,53050.209
688389.SH,20260421,12.62,12.73,12.52,12.65,12.66,-0.01,-0.079,20971.4,26437.039
688389.SH,20260420,12.58,12.75,12.43,12.66,12.65,0.01,0.0791,28593.45,36016.054
688389.SH,20260417,12.73,12.73,12.54,12.65,12.73,-0.08,-0.6284,20696.2,26158.342
688389.SH,20260416,12.69,12.73,12.58,12.73,12.7,0.03,0.2362,20937.74,26482.58
688389.SH,20260415,12.65,12.74,12.58,12.7,12.61,0.09,0.7137,21982.06,27856.984
688389.SH,20260414,12.51,12.64,12.41,12.61,12.45,0.16,1.2851,18888.9,23623.862
688389.SH,20260413,12.53,12.58,12.38,12.45,12.53,-0.08,-0.6385,13396.21,16670.537
688389.SH,20260410,12.39,12.61,12.39,12.53,12.39,0.14,1.1299,22635.85,28391.542
688389.SH,20260409,12.58,12.58,12.38,12.39,12.59,-0.2,-1.5886,18900.53,23540.445
688389.SH,20260408,12.5,12.62,12.44,12.59,12.35,0.24,1.9433,26795.88,33596.494
688389.SH,20260407,12.25,12.35,12.17,12.35,12.2,0.15,1.2295,14727.25,18083.897
688389.SH,20260403,12.41,12.55,12.16,12.2,12.48,-0.28,-2.2436,23243.79,28506.745
688389.SH,20260402,12.55,12.57,12.41,12.48,12.55,-0.07,-0.5578,22961.51,28644.802
688389.SH,20260401,12.31,12.55,12.26,12.55,12.2,0.35,2.8689,33021.71,41073.43
688389.SH,20260331,12.38,12.52,12.18,12.2,12.43,-0.23,-1.8504,21751.55,26840.254
688389.SH,20260330,12.22,12.47,12.21,12.43,12.39,0.04,0.3228,23329.98,28870.589
688389.SH,20260327,12.07,12.42,12.06,12.39,12.16,0.23,1.8914,25868.88,31776.767
688389.SH,20260326,12.38,12.49,12.16,12.16,12.42,-0.26,-2.0934,25724.16,31641.152
688389.SH,20260325,12.36,12.48,12.3,12.42,12.33,0.09,0.7299,28503.18,35316.406
688389.SH,20260324,12.36,12.42,12.16,12.33,12.22,0.11,0.9002,28478.25,34992.178
688389.SH,20260323,12.62,12.69,12.18,12.22,12.77,-0.55,-4.307,47685.76,58851.968
688389.SH,20260320,13.05,13.14,12.77,12.77,13.06,-0.29,-2.2205,28044.61,36247.677
688389.SH,20260319,13.14,13.25,13.01,13.06,13.26,-0.2,-1.5083,23003.55,30139.506
688389.SH,20260318,13.3,13.3,13.17,13.26,13.26,0.0,0.0,18203.82,24072.5
688389.SH,20260317,13.37,13.49,13.24,13.26,13.38,-0.12,-0.8969,21925.41,29355.067
688389.SH,20260316,13.32,13.44,13.26,13.38,13.31,0.07,0.5259,17375.97,23205.114
688389.SH,20260313,13.27,13.43,13.21,13.31,13.3,0.01,0.0752,19931.6,26598.419
688389.SH,20260312,13.32,13.37,13.24,13.3,13.32,-0.02,-0.1502,16277.7,21662.026
688389.SH,20260311,13.45,13.48,13.27,13.32,13.41,-0.09,-0.6711,17790.63,23710.267
688389.SH,20260310,13.07,13.42,13.07,13.41,13.07,0.34,2.6014,25959.49,34509.894
688389.SH,20260309,13.14,13.16,12.99,13.07,13.24,-0.17,-1.284,25245.62,32989.549
688389.SH,20260306,13.06,13.28,13.06,13.24,13.11,0.13,0.9916,23519.59,31061.525
688389.SH,20260305,13.15,13.2,13.04,13.11,13.02,0.09,0.6912,24922.52,32713.055
688389.SH,20260304,13.16,13.33,12.97,13.02,13.23,-0.21,-1.5873,39049.6,51196.139
688389.SH,20260303,13.8,13.89,13.18,13.23,13.78,-0.55,-3.9913,58859.69,79340.903
688389.SH,20260302,13.68,13.95,13.68,13.78,14.08,-0.3,-2.1307,44394.02,61305.813
688389.SH,20260227,14.02,14.12,13.98,14.08,14.06,0.02,0.1422,22856.84,32103.236
688389.SH,20260226,14.01,14.08,13.93,14.06,13.99,0.07,0.5004,27986.86,39147.858
688389.SH,20260225,14.0,14.03,13.92,13.99,13.89,0.1,0.7199,28746.83,40169.458
688389.SH,20260224,13.71,13.92,13.68,13.89,13.65,0.24,1.7582,30688.53,42405.37
688389.SH,20260213,13.74,13.81,13.59,13.65,13.71,-0.06,-0.4376,21630.75,29718.5
688389.SH,20260212,13.87,13.9,13.7,13.71,13.84,-0.13,-0.9393,21607.91,29711.833
688389.SH,20260211,13.82,13.93,13.82,13.84,13.83,0.01,0.0723,16783.48,23286.363
688389.SH,20260210,13.8,13.9,13.78,13.83,13.87,-0.04,-0.2884,18324.94,25379.879
688389.SH,20260209,13.78,13.9,13.75,13.87,13.75,0.12,0.8727,37973.74,52480.542
688389.SH,20260206,13.72,13.89,13.67,13.75,13.78,-0.03,-0.2177,28220.52,38933.213
688389.SH,20260205,13.7,13.91,13.7,13.78,13.78,0.0,0.0,28764.34,39677.598
688389.SH,20260204,13.73,13.81,13.6,13.78,13.7,0.08,0.5839,19183.71,26296.865
688389.SH,20260203,13.58,13.72,13.55,13.7,13.55,0.15,1.107,22194.93,30319.253
688389.SH,20260202,13.63,13.87,13.52,13.55,13.74,-0.19,-1.3828,33015.68,45325.248
688389.SH,20260130,13.75,13.92,13.6,13.74,13.82,-0.08,-0.5789,28449.13,39076.396
688389.SH,20260129,13.85,13.97,13.72,13.82,13.9,-0.08,-0.5755,40332.05,55757.033
688389.SH,20260128,14.05,14.14,13.85,13.9,14.2,-0.3,-2.1127,39103.3,54556.682
688389.SH,20260127,14.35,14.38,13.94,14.2,14.38,-0.18,-1.2517,46333.2,65303.078
688389.SH,20260126,14.26,14.56,14.13,14.38,14.26,0.12,0.8415,69984.52,100353.466
688389.SH,20260123,14.01,14.27,13.95,14.26,13.94,0.32,2.2956,48203.36,68153.763
688389.SH,20260122,13.96,14.05,13.9,13.94,13.98,-0.04,-0.2861,23140.85,32328.197
688389.SH,20260121,13.88,14.07,13.82,13.98,13.78,0.2,1.4514,43545.46,60822.383
688389.SH,20260120,13.86,13.97,13.72,13.78,13.88,-0.1,-0.7205,32955.96,45574.958
688389.SH,20260119,13.9,13.98,13.85,13.88,13.96,-0.08,-0.5731,30752.12,42770.33
688389.SH,20260116,14.05,14.1,13.84,13.96,13.97,-0.01,-0.0716,34704.18,48372.084
688389.SH,20260115,14.07,14.16,13.9,13.97,14.11,-0.14,-0.9922,44791.52,62710.855
688389.SH,20260114,14.08,14.4,13.96,14.11,14.13,-0.02,-0.1415,83629.05,118943.492
688389.SH,20260113,13.98,14.31,13.86,14.13,13.93,0.2,1.4358,86372.4,122085.096
688389.SH,20260112,13.71,13.94,13.66,13.93,13.65,0.28,2.0513,60666.45,83887.258
688389.SH,20260109,13.48,13.65,13.4,13.65,13.45,0.2,1.487,40412.53,54852.677
688389.SH,20260108,13.38,13.55,13.34,13.45,13.39,0.06,0.4481,28100.41,37810.957
688389.SH,20260107,13.47,13.47,13.37,13.39,13.42,-0.03,-0.2235,31686.61,42507.628
688389.SH,20260106,13.49,13.67,13.37,13.42,13.43,-0.01,-0.0745,42167.74,56842.894
688389.SH,20260105,13.05,13.52,12.98,13.43,12.98,0.45,3.4669,52064.22,69322.217
688389.SH,20251231,13.06,13.09,12.96,12.98,13.06,-0.08,-0.6126,21223.33,27585.914
688389.SH,20251230,13.17,13.17,13.04,13.06,13.1,-0.04,-0.3053,24593.83,32160.305
688389.SH,20251229,13.22,13.26,13.1,13.1,13.25,-0.15,-1.1321,25366.25,33379.407
688389.SH,20251226,13.23,13.35,13.2,13.25,13.25,0.0,0.0,17912.88,23740.104
688389.SH,20251225,13.25,13.31,13.17,13.25,13.2,0.05,0.3788,16375.64,21694.123
688389.SH,20251224,13.12,13.21,13.08,13.2,13.09,0.11,0.8403,15326.57,20155.741
688389.SH,20251223,13.21,13.25,13.07,13.09,13.25,-0.16,-1.2075,19782.37,26016.561
688389.SH,20251222,13.24,13.29,13.21,13.25,13.23,0.02,0.1512,13977.08,18521.222
688389.SH,20251219,13.13,13.33,13.13,13.23,13.17,0.06,0.4556,16307.3,21594.922
688389.SH,20251218,13.18,13.26,13.13,13.17,13.17,0.0,0.0,16202.24,21401.737
688389.SH,20251217,13.05,13.19,13.04,13.17,13.07,0.1,0.7651,17876.18,23440.095
688389.SH,20251216,13.11,13.18,13.04,13.07,13.15,-0.08,-0.6084,22622.52,29644.475
688389.SH,20251215,13.33,13.36,13.15,13.15,13.38,-0.23,-1.719,41562.52,54862.408
688389.SH,20251212,13.5,13.55,13.28,13.38,13.58,-0.2,-1.4728,58695.81,78519.723
688389.SH,20251211,13.53,13.59,13.26,13.58,13.53,0.05,0.3695,46977.92,63135.716
688389.SH,20251210,13.53,13.62,13.17,13.53,13.48,0.05,0.3709,61064.35,81512.743
688389.SH,20251209,13.64,13.67,13.47,13.48,13.67,-0.19,-1.3899,25251.18,34257.343
688389.SH,20251208,13.61,13.74,13.52,13.67,13.61,0.06,0.4409,27560.96,37669.158
688389.SH,20251205,13.55,13.66,13.45,13.61,13.58,0.03,0.2209,22922.79,31057.84
688389.SH,20251204,13.58,13.65,13.5,13.58,13.6,-0.02,-0.1471,22803.64,30914.131
688389.SH,20251203,13.88,13.91,13.57,13.6,13.88,-0.28,-2.0173,39982.48,54768.982
688389.SH,20251202,14.0,14.05,13.84,13.88,14.0,-0.12,-0.8571,20120.14,28041.226
688389.SH,20251201,13.85,14.0,13.78,14.0,13.85,0.15,1.083,29617.92,41279.048
688389.SH,20251128,13.8,13.88,13.78,13.85,13.82,0.03,0.2171,15130.6,20949.226
688389.SH,20251127,13.77,13.94,13.7,13.82,13.76,0.06,0.436,17662.91,24418.615
688389.SH,20251126,13.82,13.94,13.76,13.76,13.84,-0.08,-0.578,24464.14,33860.221
688389.SH,20251125,13.9,14.0,13.81,13.84,13.83,0.01,0.0723,27927.59,38826.826
688389.SH,20251124,13.66,13.93,13.61,13.83,13.66,0.17,1.2445,30679.63,42375.801
688389.SH,20251121,13.76,13.85,13.45,13.66,13.75,-0.09,-0.6545,50426.32,68767.472
688389.SH,20251120,13.87,13.9,13.72,13.75,13.8,-0.05,-0.3623,22296.14,30788.205
688389.SH,20251119,14.0,14.07,13.8,13.8,13.99,-0.19,-1.3581,32973.4,45795.231
688389.SH,20251118,14.08,14.14,13.97,13.99,14.08,-0.09,-0.6392,30827.04,43337.849
688389.SH,20251117,14.17,14.18,13.96,14.08,14.16,-0.08,-0.565,52009.18,73095.103
688389.SH,20251114,14.08,14.33,14.07,14.16,14.14,0.02,0.1414,36208.7,51524.249
688389.SH,20251113,14.13,14.18,14.03,14.14,14.13,0.01,0.0708,29359.8,41482.184
688389.SH,20251112,14.1,14.23,14.02,14.13,14.09,0.04,0.2839,40918.66,57816.799
688389.SH,20251111,14.15,14.15,14.02,14.09,14.07,0.02,0.1421,31245.53,43966.804
688389.SH,20251110,13.98,14.12,13.92,14.07,13.92,0.15,1.0776,36936.82,51867.471
688389.SH,20251107,13.86,13.94,13.8,13.92,13.9,0.02,0.1439,29632.26,41132.155
688389.SH,20251106,13.86,13.96,13.84,13.9,13.89,0.01,0.072,27367.44,38016.494
688389.SH,20251105,13.8,13.91,13.76,13.89,13.82,0.07,0.5065,27110.07,37608.044
688389.SH,20251104,13.87,13.87,13.73,13.82,13.87,-0.05,-0.3605,26015.97,35910.377
688389.SH,20251103,13.86,13.91,13.76,13.87,13.81,0.06,0.4345,29374.23,40648.616
688389.SH,20251031,13.64,13.85,13.63,13.81,13.65,0.16,1.1722,32158.56,44259.589
688389.SH,20251030,13.7,13.7,13.53,13.65,13.7,-0.05,-0.365,52689.35,71676.447
688389.SH,20251029,13.75,13.8,13.53,13.7,13.81,-0.11,-0.7965,89709.59,122472.657
688389.SH,20251028,13.92,13.96,13.8,13.81,13.92,-0.11,-0.7902,36070.26,50017.036
688389.SH,20251027,13.97,13.97,13.86,13.92,13.83,0.09,0.6508,29158.27,40552.621
688389.SH,20251024,13.88,14.04,13.78,13.83,13.88,-0.05,-0.3602,30551.87,42393.889
688389.SH,20251023,13.9,13.95,13.72,13.88,13.88,0.0,0.0,24819.34,34270.257
688389.SH,20251022,13.87,14.01,13.83,13.88,13.88,0.0,0.0,24923.0,34684.05
688389.SH,20251021,13.83,13.96,13.78,13.88,13.82,0.06,0.4342,28333.59,39374.889
688389.SH,20251020,13.77,13.98,13.76,13.82,13.74,0.08,0.5822,35390.7,49035.391
688389.SH,20251017,14.16,14.29,13.7,13.74,14.18,-0.44,-3.103,58008.53,80836.039
688389.SH,20251016,14.35,14.43,14.15,14.18,14.41,-0.23,-1.5961,44001.72,62731.121
688389.SH,20251015,14.36,14.5,14.32,14.41,14.39,0.02,0.139,38794.22,55829.504
688389.SH,20251014,14.51,14.7,14.36,14.39,14.51,-0.12,-0.827,48200.26,70002.183
688389.SH,20251013,14.37,14.64,14.36,14.51,14.74,-0.23,-1.5604,52951.52,76571.161
688389.SH,20251010,14.66,14.82,14.45,14.74,14.66,0.08,0.5457,84195.83,123023.291
688389.SH,20251009,13.79,14.88,13.7,14.66,13.82,0.84,6.0781,143253.35,206216.471
688389.SH,20250930,13.73,13.9,13.72,13.82,13.72,0.1,0.7289,23822.95,32946.359
688389.SH,20250929,13.75,13.8,13.58,13.72,13.73,-0.01,-0.0728,36144.66,49428.752
688389.SH,20250926,13.79,13.87,13.65,13.73,13.8,-0.07,-0.5072,35083.84,48313.159
688389.SH,20250925,13.96,14.03,13.79,13.8,13.91,-0.11,-0.7908,28654.65,39823.654
688389.SH,20250924,13.74,13.97,13.74,13.91,13.84,0.07,0.5058,29347.75,40790.647
688389.SH,20250923,14.0,14.06,13.61,13.84,14.04,-0.2,-1.4245,51919.92,71649.368
688389.SH,20250922,14.04,14.17,13.89,14.04,14.07,-0.03,-0.2132,33247.08,46522.32
688389.SH,20250919,13.95,14.21,13.83,14.07,14.0,0.07,0.5,60659.07,85017.385
688389.SH,20250918,14.16,14.17,13.88,14.0,14.14,-0.14,-0.9901,60635.51,85088.915
688389.SH,20250917,14.23,14.24,14.1,14.14,14.19,-0.05,-0.3524,34139.79,48319.433
688389.SH,20250916,14.12,14.22,13.96,14.19,14.12,0.07,0.4958,40400.88,56918.894
688389.SH,20250915,14.18,14.23,14.08,14.12,14.2,-0.08,-0.5634,36053.83,50915.296
688389.SH,20250912,14.33,14.43,14.13,14.2,14.35,-0.15,-1.0453,45002.45,64071.073
688389.SH,20250911,14.14,14.37,13.93,14.35,14.16,0.19,1.3418,50506.25,71540.792
688389.SH,20250910,14.36,14.43,14.15,14.16,14.4,-0.24,-1.6667,49928.85,71143.401
688389.SH,20250909,14.59,14.68,14.35,14.4,14.63,-0.23,-1.5721,50124.69,72648.48
688389.SH,20250908,14.1,14.66,14.1,14.63,14.15,0.48,3.3922,88424.12,128292.565
688389.SH,20250905,13.97,14.16,13.81,14.15,13.95,0.2,1.4337,52445.16,73580.175
688389.SH,20250904,14.03,14.23,13.78,13.95,13.98,-0.03,-0.2146,65519.07,91925.508
688389.SH,20250903,14.06,14.1,13.78,13.98,14.04,-0.06,-0.4274,48338.96,67583.407
688389.SH,20250902,14.2,14.25,13.82,14.04,14.14,-0.1,-0.7072,75043.19,105195.474
688389.SH,20250901,14.19,14.25,14.08,14.14,14.16,-0.02,-0.1412,55246.19,78215.285
688389.SH,20250829,14.22,14.45,13.97,14.16,14.15,0.01,0.0707,115104.84,163161.728
688389.SH,20250828,14.05,14.35,13.45,14.15,14.01,0.14,0.9993,134629.64,186492.405
688389.SH,20250827,14.45,14.61,13.98,14.01,14.45,-0.44,-3.045,80845.33,115612.724
688389.SH,20250826,14.5,14.66,14.42,14.45,14.5,-0.05,-0.3448,62691.59,91028.221
688389.SH,20250825,14.55,14.65,14.35,14.5,14.47,0.03,0.2073,73705.32,107067.985
688389.SH,20250822,14.47,14.53,14.38,14.47,14.49,-0.02,-0.138,50191.2,72560.366
688389.SH,20250821,14.57,14.64,14.4,14.49,14.55,-0.06,-0.4124,50878.49,73897.197
688389.SH,20250820,14.43,14.6,14.31,14.55,14.49,0.06,0.4141,59456.35,85963.555
688389.SH,20250819,14.6,14.7,14.47,14.49,14.6,-0.11,-0.7534,60910.05,88747.243
688389.SH,20250818,14.74,14.84,14.55,14.6,14.68,-0.08,-0.545,79332.4,116069.384
688389.SH,20250815,14.35,14.69,14.3,14.68,14.29,0.39,2.7292,75794.7,109923.172
688389.SH,20250814,14.55,14.58,14.27,14.29,14.5,-0.21,-1.4483,78011.49,112108.742
688389.SH,20250813,14.5,14.58,14.3,14.5,14.5,0.0,0.0,69700.85,100611.187
688389.SH,20250812,14.41,14.77,14.37,14.5,14.45,0.05,0.346,81475.92,118453.412
688389.SH,20250811,14.11,14.54,14.02,14.45,14.16,0.29,2.048,87753.64,125590.404
688389.SH,20250808,14.05,14.33,13.87,14.16,13.98,0.18,1.2876,83782.69,118401.187
688389.SH,20250807,13.94,14.29,13.92,13.98,13.99,-0.01,-0.0715,81924.75,115489.748
688389.SH,20250806,13.9,14.07,13.77,13.99,13.88,0.11,0.7925,57662.18,80151.087
688389.SH,20250805,13.99,14.18,13.79,13.88,13.93,-0.05,-0.3589,60531.35,84247.229
688389.SH,20250804,13.76,13.97,13.5,13.93,13.78,0.15,1.0885,60396.08,82954.454
688389.SH,20250801,13.6,14.03,13.58,13.78,13.6,0.18,1.3235,66976.49,92715.852
688389.SH,20250731,13.71,13.87,13.58,13.6,13.78,-0.18,-1.3062,62781.57,86101.173
688389.SH,20250730,13.83,14.03,13.67,13.78,13.86,-0.08,-0.5772,60985.19,84368.945
688389.SH,20250729,13.8,13.9,13.68,13.86,13.84,0.02,0.1445,63724.29,87939.623
688389.SH,20250728,14.11,14.11,13.82,13.84,13.95,-0.11,-0.7885,63252.35,88012.989
688389.SH,20250725,13.76,14.14,13.75,13.95,13.82,0.13,0.9407,93075.96,130096.406
688389.SH,20250724,13.61,13.89,13.53,13.82,13.52,0.3,2.2189,75569.02,103513.576
688389.SH,20250723,13.48,13.8,13.46,13.52,13.44,0.08,0.5952,88137.92,120138.823
688389.SH,20250722,13.35,13.47,13.27,13.44,13.33,0.11,0.8252,56491.08,75668.303
688389.SH,20250721,13.25,13.36,13.22,13.33,13.28,0.05,0.3765,43266.31,57540.435
688389.SH,20250718,13.26,13.44,13.16,13.28,13.15,0.13,0.9886,60571.43,80178.599
688389.SH,20250717,13.14,13.18,13.09,13.15,13.14,0.01,0.0761,35690.42,46906.835
688389.SH,20250716,13.08,13.14,13.05,13.14,13.06,0.08,0.6126,27259.14,35719.318
688389.SH,20250715,13.19,13.19,12.94,13.06,13.16,-0.1,-0.7599,43211.72,56378.121
688389.SH,20250714,13.23,13.26,13.14,13.16,13.21,-0.05,-0.3785,34586.48,45566.819
688389.SH,20250711,13.1,13.26,13.06,13.21,13.1,0.11,0.8397,47017.01,61867.108
688389.SH,20250710,13.03,13.12,13.03,13.1,13.05,0.05,0.3831,30578.77,40023.463
688389.SH,20250709,13.09,13.18,13.04,13.05,13.09,-0.04,-0.3056,35768.47,46794.683
688389.SH,20250708,12.9,13.1,12.9,13.09,12.93,0.16,1.2374,48962.76,63819.383
688389.SH,20250707,12.93,13.08,12.89,12.93,12.94,-0.01,-0.0773,31775.12,41196.465
688389.SH,20250704,13.01,13.06,12.92,12.94,12.98,-0.04,-0.3082,37066.33,48118.416
688389.SH,20250703,12.99,13.03,12.94,12.98,12.97,0.01,0.0771,28312.28,36779.057
688389.SH,20250702,12.99,13.0,12.88,12.97,12.99,-0.02,-0.154,28705.9,37110.045
688389.SH,20250701,12.98,13.02,12.89,12.99,12.92,0.07,0.5418,33535.65,43534.478
688389.SH,20250630,12.82,12.96,12.82,12.92,12.84,0.08,0.6231,32300.94,41665.245
688389.SH,20250627,12.77,12.93,12.77,12.84,12.82,0.02,0.156,21807.99,28049.582
688389.SH,20250626,12.89,12.9,12.78,12.82,12.87,-0.05,-0.3885,26506.41,34035.356
688389.SH,20250625,12.77,12.89,12.72,12.87,12.77,0.1,0.7831,32004.67,40997.274
688389.SH,20250624,12.57,12.78,12.57,12.77,12.56,0.21,1.672,25877.2,32901.066
688389.SH,20250623,12.5,12.61,12.45,12.56,12.45,0.11,0.8835,21769.37,27279.609
688389.SH,20250620,12.52,12.59,12.45,12.45,12.51,-0.06,-0.4796,17788.23,22256.273
688389.SH,20250619,12.64,12.68,12.46,12.51,12.66,-0.15,-1.1848,25840.99,32439.171
688389.SH,20250618,12.73,12.79,12.58,12.66,12.77,-0.11,-0.8614,33466.64,42348.11
688389.SH,20250617,12.75,12.97,12.71,12.77,12.73,0.04,0.3142,39749.15,50963.318
688389.SH,20250616,12.7,12.78,12.64,12.73,12.68,0.05,0.3943,33309.66,42336.014
688389.SH,20250613,12.97,13.06,12.67,12.68,13.02,-0.34,-2.6114,56831.35,72843.129
688389.SH,20250612,13.04,13.04,12.92,13.02,13.01,0.01,0.0769,29437.08,38197.325
688389.SH,20250611,12.99,13.14,12.97,13.01,13.01,0.0,0.0,34291.39,44746.778
688389.SH,20250610,13.19,13.2,12.92,13.01,13.14,-0.13,-0.9893,44726.67,58359.826
688389.SH,20250609,13.0,13.19,12.97,13.14,12.98,0.16,1.2327,40379.57,52987.694
688389.SH,20250606,13.22,13.22,12.94,12.98,13.17,-0.19,-1.4427,45862.83,59711.077
688389.SH,20250605,13.23,13.3,13.1,13.17,13.25,-0.08,-0.6038,31784.58,41825.883
688389.SH,20250604,13.17,13.25,13.04,13.25,13.17,0.08,0.6074,42887.8,56472.091
688389.SH,20250603,12.98,13.18,12.9,13.17,12.96,0.21,1.6204,38395.97,50293.322
688389.SH,20250530,12.97,13.16,12.92,12.96,13.04,-0.08,-0.6135,27358.82,35563.442
688389.SH,20250529,12.74,13.06,12.73,13.04,12.77,0.27,2.1143,40123.12,51979.748
688389.SH,20250528,12.89,12.95,12.76,12.77,12.91,-0.14,-1.0844,23681.05,30372.972
688389.SH,20250527,12.99,13.0,12.86,12.91,12.9,0.01,0.0775,21309.31,27542.164
688389.SH,20250526,12.87,12.96,12.81,12.9,12.93,-0.03,-0.232,25343.74,32614.512
688389.SH,20250523,13.0,13.19,12.93,12.93,13.03,-0.1,-0.7675,37357.19,48745.741
688389.SH,20250522,13.3,13.67,13.19,13.31,13.32,-0.01,-0.0751,77339.69,103736.209
688389.SH,20250521,13.29,13.36,13.19,13.32,13.26,0.06,0.4525,29551.39,39268.895
688389.SH,20250520,13.1,13.28,13.07,13.26,13.06,0.2,1.5314,34588.53,45704.995
688389.SH,20250519,13.03,13.12,12.93,13.06,13.03,0.03,0.2302,30411.97,39655.017
688389.SH,20250516,13.05,13.1,13.01,13.03,13.02,0.01,0.0768,20724.88,27051.815
688389.SH,20250515,13.08,13.12,13.0,13.02,13.11,-0.09,-0.6865,23625.31,30814.302
688389.SH,20250514,13.21,13.21,12.98,13.11,13.18,-0.07,-0.5311,37516.8,49081.905
688389.SH,20250513,13.2,13.35,13.12,13.18,13.06,0.12,0.9188,42488.88,56061.984
688389.SH,20250512,13.14,13.18,12.94,13.06,13.04,0.02,0.1534,46515.35,60820.432
688389.SH,20250509,13.15,13.18,12.97,13.04,13.15,-0.11,-0.8365,41678.42,54462.038
688389.SH,20250508,13.08,13.2,13.08,13.15,13.1,0.05,0.3817,36151.89,47575.983
688389.SH,20250507,13.15,13.27,13.05,13.1,13.05,0.05,0.3831,50000.64,65828.688
688389.SH,20250506,12.93,13.07,12.89,13.05,12.92,0.13,1.0062,47247.06,61281.009
688389.SH,20250430,12.68,12.99,12.67,12.92,12.65,0.27,2.1344,52287.58,67035.707
688389.SH,20250429,12.58,12.73,12.46,12.65,12.65,0.0,0.0,64431.58,81136.273
688389.SH,20250428,12.9,12.9,12.46,12.65,13.73,-1.08,-7.866,149218.73,188954.052
688389.SH,20250425,13.86,13.91,13.69,13.73,13.72,0.01,0.0729,42726.6,58859.659
688389.SH,20250424,13.86,13.94,13.65,13.72,13.83,-0.11,-0.7954,48642.23,67167.27
688389.SH,20250423,13.79,13.89,13.73,13.83,13.73,0.1,0.7283,44113.71,60912.305
688389.SH,20250422,13.74,13.92,13.64,13.73,13.73,0.0,0.0,56501.89,77943.855
688389.SH,20250421,13.63,13.74,13.48,13.73,13.57,0.16,1.1791,34630.36,47354.796
688389.SH,20250418,13.73,13.78,13.53,13.57,13.66,-0.09,-0.6589,39816.22,54143.974
688389.SH,20250417,13.63,13.79,13.51,13.66,13.68,-0.02,-0.1462,39002.55,53419.578
688389.SH,20250416,13.94,13.94,13.43,13.68,13.96,-0.28,-2.0057,89252.82,122042.447
688389.SH,20250415,13.99,14.03,13.83,13.96,13.99,-0.03,-0.2144,57427.69,79976.806
688389.SH,20250414,14.0,14.22,13.93,13.99,13.86,0.13,0.938,64833.6,91025.236
688389.SH,20250411,13.85,14.07,13.81,13.86,14.06,-0.2,-1.4225,81729.53,113885.824
688389.SH,20250410,14.15,14.42,14.03,14.06,13.92,0.14,1.0057,91590.67,130275.489
688389.SH,20250409,13.55,14.03,12.96,13.92,13.74,0.18,1.31,88289.95,119341.427
688389.SH,20250408,13.57,14.07,13.45,13.74,13.22,0.52,3.9334,102261.91,140478.023
688389.SH,20250407,14.74,14.97,12.88,13.22,15.45,-2.23,-14.4337,161826.22,224783.368
688389.SH,20250403,15.51,15.84,15.37,15.45,15.65,-0.2,-1.278,69701.28,108385.396
688389.SH,20250402,15.61,15.77,15.51,15.65,15.61,0.04,0.2562,55883.06,87457.447
688389.SH,20250401,15.12,15.78,15.04,15.61,15.04,0.57,3.7899,117038.54,182264.432
688389.SH,20250331,15.31,15.44,14.9,15.04,15.45,-0.41,-2.6537,77846.57,117821.128
688389.SH,20250328,15.23,15.98,15.19,15.45,15.25,0.2,1.3115,139913.46,219085.339
688389.SH,20250327,15.22,15.38,15.03,15.25,15.19,0.06,0.395,68789.05,104787.354
688389.SH,20250326,15.2,15.32,15.17,15.19,15.19,0.0,0.0,46180.65,70424.325
688389.SH,20250325,15.18,15.29,15.07,15.19,15.19,0.0,0.0,47315.92,71793.593
688389.SH,20250324,15.44,15.44,15.06,15.19,15.37,-0.18,-1.1711,72233.94,109814.112
688389.SH,20250321,15.53,15.62,15.28,15.37,15.54,-0.17,-1.094,66615.28,102677.908
688389.SH,20250320,15.62,15.66,15.52,15.54,15.62,-0.08,-0.5122,47353.71,73718.392
688389.SH,20250319,15.82,15.86,15.56,15.62,15.82,-0.2,-1.2642,66912.07,105019.775
688389.SH,20250318,15.94,15.98,15.76,15.82,15.85,-0.03,-0.1893,56188.48,89112.925
688389.SH,20250317,15.9,16.05,15.79,15.85,15.83,0.02,0.1263,73136.64,116238.708
688389.SH,20250314,15.47,15.83,15.44,15.83,15.47,0.36,2.3271,81809.43,128376.313
688389.SH,20250313,15.6,15.67,15.4,15.47,15.64,-0.17,-1.087,70464.19,109104.643
688389.SH,20250312,15.78,15.85,15.52,15.64,15.74,-0.1,-0.6353,103954.94,162787.208
688389.SH,20250311,15.86,15.9,15.65,15.74,15.99,-0.25,-1.5635,88746.6,139839.173
688389.SH,20250310,16.17,16.43,15.86,15.99,15.82,0.17,1.0746,132956.63,214337.193
688389.SH,20250307,16.0,16.18,15.75,15.82,16.03,-0.21,-1.31,107887.22,172026.78
688389.SH,20250306,15.91,16.05,15.75,16.03,15.79,0.24,1.5199,125081.13,199540.146
688389.SH,20250305,16.04,16.12,15.63,15.79,16.12,-0.33,-2.0471,112679.08,178034.218
688389.SH,20250304,16.01,16.23,15.91,16.12,16.03,0.09,0.5614,100305.44,161691.026
688389.SH,20250303,15.93,16.27,15.84,16.03,15.78,0.25,1.5843,160038.65,256876.669
688389.SH,20250228,15.99,16.3,15.65,15.78,16.12,-0.34,-2.1092,141533.03,225926.422
688389.SH,20250227,16.45,16.53,15.85,16.12,16.3,-0.18,-1.1043,164905.07,266689.065
688389.SH,20250226,16.08,16.49,15.83,16.3,16.08,0.22,1.3682,192871.44,311784.684
688389.SH,20250225,15.47,16.33,15.41,16.08,15.6,0.48,3.0769,271286.57,432093.581
688389.SH,20250224,15.12,15.93,15.05,15.6,14.99,0.61,4.0694,206573.43,320286.824
688389.SH,20250221,14.95,15.35,14.85,14.99,15.01,-0.02,-0.1332,176497.55,264807.028
688389.SH,20250220,14.7,15.22,14.69,15.01,14.77,0.24,1.6249,109371.0,164571.755
688389.SH,20250219,14.71,14.83,14.51,14.77,14.69,0.08,0.5446,114375.69,167906.575
688389.SH,20250218,15.1,15.2,14.58,14.69,15.19,-0.5,-3.2916,131095.52,195099.414
688389.SH,20250217,15.48,15.67,15.08,15.19,14.97,0.22,1.4696,168364.56,259585.382
688389.SH,20250214,14.73,15.06,14.69,14.97,14.76,0.21,1.4228,111118.5,165648.105
688389.SH,20250213,14.81,14.95,14.73,14.76,14.87,-0.11,-0.7397,40269.96,59739.501
688389.SH,20250212,14.93,14.97,14.74,14.87,14.93,-0.06,-0.4019,39437.14,58528.574
688389.SH,20250211,15.0,15.0,14.74,14.93,14.93,0.0,0.0,51486.71,76530.082
688389.SH,20250210,14.63,15.01,14.59,14.93,14.65,0.28,1.9113,68155.08,101203.363
688389.SH,20250207,14.41,14.8,14.35,14.65,14.43,0.22,1.5246,77763.0,113609.492
688389.SH,20250206,14.3,14.49,14.16,14.43,14.31,0.12,0.8386,67091.64,96359.302
688389.SH,20250205,14.38,14.46,14.24,14.31,14.24,0.07,0.4916,40985.26,58919.908
688389.SH,20250127,14.32,14.47,14.12,14.24,14.3,-0.06,-0.4196,35554.34,50925.433
688389.SH,20250124,14.13,14.32,14.02,14.3,14.12,0.18,1.2748,37702.84,53481.548
688389.SH,20250123,14.16,14.32,14.06,14.12,13.96,0.16,1.1461,59838.86,84994.184
688389.SH,20250122,14.06,14.13,13.81,13.96,14.11,-0.15,-1.0631,43933.82,61194.368
688389.SH,20250121,14.42,14.48,14.04,14.11,14.38,-0.27,-1.8776,73295.76,103551.969
688389.SH,20250120,14.3,14.53,14.29,14.38,14.19,0.19,1.339,47821.86,68899.826
688389.SH,20250117,14.02,14.23,13.88,14.19,14.06,0.13,0.9246,41605.2,58478.516
688389.SH,20250116,14.18,14.34,13.98,14.06,14.13,-0.07,-0.4954,47445.68,67062.379
688389.SH,20250115,14.48,14.51,14.07,14.13,14.53,-0.4,-2.7529,49666.35,70795.273
688389.SH,20250114,14.22,14.55,14.18,14.53,14.2,0.33,2.3239,48232.77,69573.438
688389.SH,20250113,14.04,14.3,13.99,14.2,14.07,0.13,0.924,33357.03,47241.137
688389.SH,20250110,14.3,14.45,14.05,14.07,14.32,-0.25,-1.7458,36153.75,51449.807
688389.SH,20250109,14.51,14.65,14.31,14.32,14.61,-0.29,-1.9849,35106.39,50709.854
688389.SH,20250108,14.57,14.66,14.16,14.61,14.57,0.04,0.2745,33981.37,49103.822
688389.SH,20250107,14.58,14.7,14.35,14.57,14.6,-0.03,-0.2055,29299.54,42441.464
688389.SH,20250106,14.38,14.8,14.38,14.6,14.35,0.25,1.7422,34122.07,49773.696
688389.SH,20250103,14.49,14.76,14.3,14.35,14.49,-0.14,-0.9662,37056.81,53857.195
688389.SH,20250102,14.95,15.02,14.4,14.49,14.89,-0.4,-2.6864,44905.24,66004.35
002668.SZ,20260527,9.4,9.48,9.27,9.33,9.42,-0.09,-0.9554,69039.36,64625.353
002668.SZ,20260526,9.41,9.46,9.24,9.42,9.41,0.01,0.1063,101841.67,95108.416
002668.SZ,20260525,9.54,9.55,9.38,9.41,9.49,-0.08,-0.843,81682.49,77257.981
002668.SZ,20260522,9.62,9.62,9.38,9.49,9.49,0.0,0.0,116891.14,110733.837
002668.SZ,20260521,9.78,9.98,9.66,9.69,9.77,-0.08,-0.8188,142301.55,140220.685
002668.SZ,20260520,9.85,9.93,9.66,9.77,9.89,-0.12,-1.2133,86196.85,84079.284
002668.SZ,20260519,9.82,9.96,9.75,9.89,9.68,0.21,2.1694,109762.27,108136.646
002668.SZ,20260518,9.77,9.98,9.6,9.68,9.75,-0.07,-0.7179,107164.35,104000.888
002668.SZ,20260515,9.68,9.93,9.63,9.75,9.67,0.08,0.8273,149872.34,147098.643
002668.SZ,20260514,9.8,9.8,9.57,9.67,9.77,-0.1,-1.0235,107428.15,103953.77
002668.SZ,20260513,9.9,9.99,9.74,9.77,9.9,-0.13,-1.3131,147443.45,144847.038
002668.SZ,20260512,10.09,10.13,9.82,9.9,10.07,-0.17,-1.6882,199805.73,197945.203
002668.SZ,20260511,10.08,10.17,9.95,10.07,10.08,-0.01,-0.0992,148172.66,149265.664
002668.SZ,20260508,10.03,10.17,9.95,10.08,10.09,-0.01,-0.0991,158982.48,160259.68
002668.SZ,20260507,9.82,10.11,9.8,10.09,9.8,0.29,2.9592,228525.19,228661.115
002668.SZ,20260506,9.59,9.81,9.51,9.8,9.55,0.25,2.6178,167308.9,161644.521
002668.SZ,20260430,9.52,9.59,9.44,9.55,9.56,-0.01,-0.1046,96804.1,92173.635
002668.SZ,20260429,9.58,9.7,9.55,9.56,9.64,-0.08,-0.8299,118505.75,113851.736
002668.SZ,20260428,9.62,9.68,9.57,9.64,9.62,0.02,0.2079,96782.1,93151.505
002668.SZ,20260427,9.72,9.75,9.58,9.62,9.73,-0.11,-1.1305,121790.72,117497.841
002668.SZ,20260424,9.74,9.78,9.57,9.73,9.78,-0.05,-0.5112,111787.72,108355.722
002668.SZ,20260423,9.83,9.88,9.73,9.78,9.88,-0.1,-1.0121,121952.0,119387.014
002668.SZ,20260422,9.83,9.98,9.76,9.88,9.9,-0.02,-0.202,195672.1,193343.032
002668.SZ,20260421,9.63,9.97,9.63,9.9,9.35,0.55,5.8824,392188.68,386340.74
002668.SZ,20260420,9.33,9.55,9.33,9.35,9.33,0.02,0.2144,103331.44,97305.155
002668.SZ,20260417,9.32,9.36,9.26,9.33,9.34,-0.01,-0.1071,56196.4,52320.083
002668.SZ,20260416,9.21,9.39,9.19,9.34,9.19,0.15,1.6322,105806.44,98420.015
002668.SZ,20260415,9.24,9.26,9.16,9.19,9.19,0.0,0.0,67009.0,61636.667
002668.SZ,20260414,9.28,9.31,9.1,9.19,9.25,-0.06,-0.6486,101177.37,92744.919
002668.SZ,20260413,9.13,9.32,9.09,9.25,9.18,0.07,0.7625,88299.44,81452.978
002668.SZ,20260410,9.06,9.24,9.03,9.18,9.0,0.18,2.0,122526.71,112134.447
002668.SZ,20260409,9.06,9.1,9.0,9.0,9.11,-0.11,-1.2075,65767.53,59459.136
002668.SZ,20260408,9.04,9.12,9.04,9.11,8.95,0.16,1.7877,126633.45,114981.923
002668.SZ,20260407,9.05,9.08,8.88,8.95,9.04,-0.09,-0.9956,77141.0,69210.415
002668.SZ,20260403,9.06,9.13,8.98,9.04,9.06,-0.02,-0.2208,64969.91,58748.903
002668.SZ,20260402,9.08,9.11,9.0,9.06,9.1,-0.04,-0.4396,69972.0,63415.661
002668.SZ,20260401,9.0,9.13,8.97,9.1,8.9,0.2,2.2472,101837.87,92407.808
002668.SZ,20260331,8.95,9.1,8.9,8.9,8.94,-0.04,-0.4474,84575.52,76145.501
002668.SZ,20260330,8.92,8.96,8.85,8.94,9.0,-0.06,-0.6667,70361.47,62688.668
002668.SZ,20260327,8.87,9.02,8.83,9.0,8.96,0.04,0.4464,64234.27,57235.714
002668.SZ,20260326,8.96,9.15,8.92,8.96,8.96,0.0,0.0,110453.21,99685.307
002668.SZ,20260325,8.78,8.99,8.77,8.96,8.77,0.19,2.1665,108108.74,95954.348
002668.SZ,20260324,8.68,8.79,8.55,8.77,8.62,0.15,1.7401,114910.1,99647.671
002668.SZ,20260323,8.95,8.96,8.55,8.62,9.02,-0.4,-4.4346,152673.01,132804.486
002668.SZ,20260320,9.12,9.19,9.0,9.02,9.12,-0.1,-1.0965,89199.12,80923.3
002668.SZ,20260319,9.32,9.33,9.1,9.12,9.36,-0.24,-2.5641,133278.34,122818.019
002668.SZ,20260318,9.36,9.41,9.33,9.36,9.36,0.0,0.0,80935.04,75724.237
002668.SZ,20260317,9.39,9.44,9.34,9.36,9.39,-0.03,-0.3195,114445.0,107399.966
002668.SZ,20260316,9.58,9.6,9.37,9.39,9.6,-0.21,-2.1875,217361.84,204804.635
002668.SZ,20260313,9.49,9.7,9.48,9.6,9.56,0.04,0.4184,143302.2,137601.859
002668.SZ,20260312,9.74,9.76,9.51,9.56,9.75,-0.19,-1.9487,229980.97,220596.862
002668.SZ,20260311,9.8,9.83,9.64,9.75,10.03,-0.28,-2.7916,287218.55,278994.314
002668.SZ,20260310,9.72,10.07,9.57,10.03,9.7,0.33,3.4021,296220.67,290942.01
002668.SZ,20260309,9.7,9.71,9.54,9.7,9.74,-0.04,-0.4107,147470.0,141893.32
002668.SZ,20260306,9.48,9.76,9.48,9.74,9.53,0.21,2.2036,131549.84,126858.977
002668.SZ,20260305,9.57,9.59,9.48,9.53,9.44,0.09,0.9534,133740.52,127498.93
002668.SZ,20260304,9.58,9.6,9.36,9.44,9.64,-0.2,-2.0747,141211.94,133868.621
002668.SZ,20260303,9.73,9.85,9.62,9.64,9.72,-0.08,-0.823,150625.0,146730.294
002668.SZ,20260302,9.81,9.87,9.56,9.72,9.97,-0.25,-2.5075,204470.88,198934.002
002668.SZ,20260227,9.96,10.02,9.91,9.97,9.99,-0.02,-0.2002,92798.51,92501.838
002668.SZ,20260226,10.13,10.17,9.95,9.99,10.11,-0.12,-1.1869,173146.85,173686.75
002668.SZ,20260225,10.07,10.21,10.04,10.11,10.06,0.05,0.497,149894.0,152166.432
002668.SZ,20260224,10.06,10.17,10.0,10.06,9.98,0.08,0.8016,181265.0,182721.035
002668.SZ,20260213,10.05,10.1,9.97,9.98,10.06,-0.08,-0.7952,80724.41,81072.605
002668.SZ,20260212,10.07,10.14,10.03,10.06,10.11,-0.05,-0.4946,84188.6,84917.508
002668.SZ,20260211,10.04,10.16,10.02,10.11,10.04,0.07,0.6972,124017.0,125280.751
002668.SZ,20260210,10.05,10.1,9.99,10.04,10.04,0.0,0.0,93796.98,94389.686
002668.SZ,20260209,10.09,10.1,9.94,10.04,10.04,0.0,0.0,127524.56,127707.631
002668.SZ,20260206,10.05,10.11,10.0,10.04,10.09,-0.05,-0.4955,91782.69,92308.334
002668.SZ,20260205,9.96,10.17,9.92,10.09,9.96,0.13,1.3052,151110.99,152456.327
002668.SZ,20260204,9.76,9.97,9.71,9.96,9.77,0.19,1.9447,135035.68,133212.633
002668.SZ,20260203,9.89,9.94,9.69,9.77,9.85,-0.08,-0.8122,151099.31,147899.806
002668.SZ,20260202,9.99,10.07,9.82,9.85,10.07,-0.22,-2.1847,111173.84,110705.096
002668.SZ,20260130,10.06,10.17,9.94,10.07,10.08,-0.01,-0.0992,113545.62,114131.979
002668.SZ,20260129,9.96,10.09,9.91,10.08,9.95,0.13,1.3065,117334.53,117446.513
002668.SZ,20260128,9.94,9.99,9.89,9.95,9.95,0.0,0.0,88540.63,87904.671
002668.SZ,20260127,10.09,10.13,9.9,9.95,10.1,-0.15,-1.4851,130484.85,130303.174
002668.SZ,20260126,10.22,10.28,10.03,10.1,10.25,-0.15,-1.4634,151449.21,153047.341
002668.SZ,20260123,10.21,10.36,10.18,10.25,10.19,0.06,0.5888,143182.34,146756.611
002668.SZ,20260122,10.18,10.22,10.1,10.19,10.18,0.01,0.0982,94804.47,96407.275
002668.SZ,20260121,10.28,10.3,10.16,10.18,10.23,-0.05,-0.4888,102465.98,104808.534
002668.SZ,20260120,10.18,10.25,10.12,10.23,10.17,0.06,0.59,141821.58,144701.166
002668.SZ,20260119,9.98,10.21,9.95,10.17,10.0,0.17,1.7,126310.79,128194.609
002668.SZ,20260116,10.08,10.08,9.95,10.0,10.05,-0.05,-0.4975,108235.72,108295.642
002668.SZ,20260115,10.08,10.12,9.99,10.05,10.08,-0.03,-0.2976,100919.25,101364.075
002668.SZ,20260114,10.19,10.26,10.03,10.08,10.19,-0.11,-1.0795,175040.38,177865.333
002668.SZ,20260113,10.28,10.35,10.15,10.19,10.28,-0.09,-0.8755,150223.8,153782.327
002668.SZ,20260112,10.21,10.28,10.18,10.28,10.25,0.03,0.2927,109982.15,112612.493
002668.SZ,20260109,10.18,10.29,10.14,10.25,10.19,0.06,0.5888,113864.6,116474.075
002668.SZ,20260108,10.15,10.28,10.04,10.19,10.18,0.01,0.0982,127262.41,129458.414
002668.SZ,20260107,10.41,10.42,10.16,10.18,10.42,-0.24,-2.3033,159231.2,163402.083
002668.SZ,20260106,10.49,10.52,10.29,10.42,10.5,-0.08,-0.7619,157377.15,163653.473
002668.SZ,20260105,10.43,10.56,10.32,10.5,10.38,0.12,1.1561,145600.32,152510.189
002668.SZ,20251231,10.88,10.97,10.3,10.38,10.82,-0.44,-4.0665,254057.03,266889.816
002668.SZ,20251230,10.76,11.04,10.72,10.82,10.76,0.06,0.5576,115759.57,125858.926
002668.SZ,20251229,10.71,10.9,10.65,10.76,10.71,0.05,0.4669,112481.97,121515.474
002668.SZ,20251226,10.76,10.79,10.66,10.71,10.81,-0.1,-0.9251,68591.19,73501.709
002668.SZ,20251225,10.63,10.89,10.57,10.81,10.69,0.12,1.1225,108671.1,117326.434
002668.SZ,20251224,10.64,10.7,10.6,10.69,10.65,0.04,0.3756,62962.55,67048.745
002668.SZ,20251223,10.67,10.74,10.53,10.65,10.63,0.02,0.1881,81506.83,86538.792
002668.SZ,20251222,10.86,10.88,10.6,10.63,10.84,-0.21,-1.9373,130805.05,140085.658
002668.SZ,20251219,10.57,10.87,10.5,10.84,10.62,0.22,2.0716,124450.74,133331.847
002668.SZ,20251218,10.67,10.7,10.55,10.62,10.71,-0.09,-0.8403,80765.7,85717.36
002668.SZ,20251217,10.64,10.73,10.51,10.71,10.64,0.07,0.6579,81576.05,86599.174
002668.SZ,20251216,10.89,10.9,10.59,10.64,10.9,-0.26,-2.3853,100246.0,107295.787
002668.SZ,20251215,10.6,10.93,10.58,10.9,10.62,0.28,2.6365,129889.86,140616.419
002668.SZ,20251212,10.55,10.67,10.54,10.62,10.55,0.07,0.6635,99577.05,105763.261
002668.SZ,20251211,10.67,10.71,10.54,10.55,10.67,-0.12,-1.1246,78695.96,83730.133
002668.SZ,20251210,10.52,10.7,10.51,10.67,10.58,0.09,0.8507,71369.6,75832.715
002668.SZ,20251209,10.7,10.76,10.54,10.58,10.65,-0.07,-0.6573,83963.23,89319.281
002668.SZ,20251208,10.84,10.84,10.6,10.65,10.78,-0.13,-1.2059,107711.0,114810.534
002668.SZ,20251205,10.8,10.82,10.63,10.78,10.82,-0.04,-0.3697,80294.62,86225.373
002668.SZ,20251204,10.89,10.94,10.75,10.82,10.9,-0.08,-0.7339,73307.0,79359.61
002668.SZ,20251203,10.81,10.98,10.76,10.9,10.82,0.08,0.7394,100078.18,109040.412
002668.SZ,20251202,10.68,10.9,10.63,10.82,10.67,0.15,1.4058,101226.78,109530.61
002668.SZ,20251201,10.71,10.71,10.54,10.67,10.71,-0.04,-0.3735,109925.61,116940.041
002668.SZ,20251128,10.81,10.82,10.62,10.71,10.8,-0.09,-0.8333,101077.33,108022.15
002668.SZ,20251127,10.68,10.93,10.63,10.8,10.68,0.12,1.1236,154330.78,166589.27
002668.SZ,20251126,10.61,10.73,10.54,10.68,10.61,0.07,0.6598,102948.65,109365.163
002668.SZ,20251125,10.52,10.66,10.45,10.61,10.46,0.15,1.434,124008.2,131298.253
002668.SZ,20251124,10.55,10.58,10.37,10.46,10.5,-0.04,-0.381,112640.76,117923.783
002668.SZ,20251121,10.61,10.74,10.46,10.5,10.61,-0.11,-1.0368,143342.06,151622.606
002668.SZ,20251120,10.86,10.86,10.58,10.61,10.79,-0.18,-1.6682,130850.07,139773.225
002668.SZ,20251119,10.8,10.91,10.71,10.79,10.75,0.04,0.3721,105016.5,113453.723
002668.SZ,20251118,11.0,11.04,10.71,10.75,10.95,-0.2,-1.8265,125254.24,135580.314
002668.SZ,20251117,11.2,11.23,10.86,10.95,11.18,-0.23,-2.0572,184267.4,202197.559
002668.SZ,20251114,11.26,11.39,11.16,11.18,11.33,-0.15,-1.3239,147670.0,166088.444
002668.SZ,20251113,11.33,11.34,11.22,11.33,11.36,-0.03,-0.2641,145022.85,163481.954
002668.SZ,20251112,11.14,11.45,11.1,11.36,11.1,0.26,2.3423,251557.55,285044.674
002668.SZ,20251111,11.31,11.38,11.04,11.1,11.35,-0.25,-2.2026,232043.71,258678.304
002668.SZ,20251110,11.4,11.6,11.25,11.35,11.36,-0.01,-0.088,204589.6,232841.69
002668.SZ,20251107,11.35,11.66,11.31,11.36,11.45,-0.09,-0.786,208610.22,238976.834
002668.SZ,20251106,11.12,11.6,11.03,11.45,11.05,0.4,3.6199,287921.26,326449.609
002668.SZ,20251105,11.0,11.25,10.95,11.05,11.1,-0.05,-0.4505,214467.49,238509.047
002668.SZ,20251104,11.02,11.42,10.97,11.1,11.03,0.07,0.6346,348212.77,390009.121
002668.SZ,20251103,10.84,11.15,10.66,11.03,10.89,0.14,1.2856,419681.88,458686.344
002668.SZ,20251031,10.43,10.98,10.42,10.89,10.35,0.54,5.2174,642483.34,686875.566
002668.SZ,20251030,10.34,10.77,10.13,10.35,9.79,0.56,5.7201,745776.33,785366.263
002668.SZ,20251029,9.7,9.81,9.61,9.79,9.72,0.07,0.7202,84871.95,82269.818
002668.SZ,20251028,9.81,9.83,9.72,9.72,9.85,-0.13,-1.3198,77192.37,75392.208
002668.SZ,20251027,9.8,9.88,9.75,9.85,9.82,0.03,0.3055,96584.2,94910.987
002668.SZ,20251024,9.94,9.94,9.78,9.82,9.9,-0.08,-0.8081,103399.7,101640.889
002668.SZ,20251023,9.73,9.95,9.66,9.9,9.74,0.16,1.6427,135254.91,132578.758
002668.SZ,20251022,9.69,9.79,9.67,9.74,9.72,0.02,0.2058,75928.53,73863.617
002668.SZ,20251021,9.64,9.75,9.63,9.72,9.65,0.07,0.7254,71936.09,69867.827
002668.SZ,20251020,9.59,9.68,9.59,9.65,9.53,0.12,1.2592,84212.26,81088.593
002668.SZ,20251017,9.61,9.66,9.48,9.53,9.61,-0.08,-0.8325,104007.31,99469.44
002668.SZ,20251016,9.7,9.75,9.6,9.61,9.7,-0.09,-0.9278,89328.0,86252.702
002668.SZ,20251015,9.58,9.71,9.54,9.7,9.58,0.12,1.2526,90854.46,87687.749
002668.SZ,20251014,9.56,9.64,9.52,9.58,9.55,0.03,0.3141,114007.42,109248.652
002668.SZ,20251013,9.59,9.6,9.46,9.55,9.81,-0.26,-2.6504,165751.53,157791.192
002668.SZ,20251010,9.68,9.83,9.61,9.81,9.68,0.13,1.343,160665.31,157014.441
002668.SZ,20251009,9.66,9.72,9.5,9.68,9.66,0.02,0.207,180746.7,173146.62
002668.SZ,20250930,9.78,9.78,9.6,9.66,9.73,-0.07,-0.7194,165466.0,160228.89
002668.SZ,20250929,9.8,9.88,9.61,9.73,9.8,-0.07,-0.7143,157205.1,153273.17
002668.SZ,20250926,9.95,9.99,9.78,9.8,9.85,-0.05,-0.5076,99717.88,98469.186
002668.SZ,20250925,9.98,10.01,9.82,9.85,10.01,-0.16,-1.5984,98933.75,97811.13
002668.SZ,20250924,9.82,10.02,9.8,10.01,9.86,0.15,1.5213,104931.99,104200.532
002668.SZ,20250923,9.93,10.05,9.75,9.86,9.95,-0.09,-0.9045,119741.27,118030.377
002668.SZ,20250922,10.1,10.14,9.88,9.95,10.09,-0.14,-1.3875,112135.24,111699.772
002668.SZ,20250919,10.05,10.11,9.95,10.09,10.1,-0.01,-0.099,119736.37,119955.267
002668.SZ,20250918,10.3,10.39,10.0,10.1,10.34,-0.24,-2.3211,200300.26,204060.328
002668.SZ,20250917,10.17,10.35,10.16,10.34,10.16,0.18,1.7717,194164.74,199492.615
002668.SZ,20250916,10.15,10.19,10.09,10.16,10.15,0.01,0.0985,112415.97,113804.761
002668.SZ,20250915,10.28,10.31,10.12,10.15,10.27,-0.12,-1.1685,138517.99,140987.78
002668.SZ,20250912,10.43,10.44,10.26,10.27,10.43,-0.16,-1.534,156038.62,161009.416
002668.SZ,20250911,10.43,10.45,10.26,10.43,10.44,-0.01,-0.0958,146853.02,151959.949
002668.SZ,20250910,10.68,10.71,10.43,10.44,10.72,-0.28,-2.6119,131059.07,137856.245
002668.SZ,20250909,10.76,10.77,10.58,10.72,10.79,-0.07,-0.6487,135749.0,144765.176
002668.SZ,20250908,10.4,10.84,10.32,10.79,10.38,0.41,3.9499,273882.07,292567.347
002668.SZ,20250905,10.29,10.42,10.18,10.38,10.28,0.1,0.9728,127564.03,131730.671
002668.SZ,20250904,10.33,10.41,10.18,10.28,10.39,-0.11,-1.0587,154463.04,159420.093
002668.SZ,20250903,10.43,10.48,10.17,10.39,10.44,-0.05,-0.4789,193245.24,199470.544
002668.SZ,20250902,10.42,10.55,10.3,10.44,10.43,0.01,0.0959,201567.87,209932.757
002668.SZ,20250901,10.7,10.72,10.35,10.43,10.68,-0.25,-2.3408,279949.47,293278.693
002668.SZ,20250829,10.8,10.83,10.63,10.68,10.81,-0.13,-1.2026,202443.19,216767.101
002668.SZ,20250828,10.74,10.95,10.54,10.81,10.71,0.1,0.9337,225737.55,243062.149
002668.SZ,20250827,11.1,11.15,10.71,10.71,11.05,-0.34,-3.0769,294134.88,322769.253
002668.SZ,20250826,10.53,11.3,10.49,11.05,10.57,0.48,4.5412,505767.43,555726.875
002668.SZ,20250825,10.59,10.63,10.47,10.57,10.57,0.0,0.0,167946.08,177280.777
002668.SZ,20250822,10.65,10.67,10.48,10.57,10.6,-0.03,-0.283,139924.1,147719.807
002668.SZ,20250821,10.57,10.66,10.49,10.6,10.58,0.02,0.189,163446.02,172720.182
002668.SZ,20250820,10.46,10.58,10.37,10.58,10.5,0.08,0.7619,124932.87,130643.405
002668.SZ,20250819,10.64,10.65,10.46,10.5,10.6,-0.1,-0.9434,120450.59,126891.04
002668.SZ,20250818,10.43,10.73,10.37,10.6,10.38,0.22,2.1195,253078.4,266750.528
002668.SZ,20250815,10.27,10.4,10.23,10.38,10.27,0.11,1.0711,125661.02,129820.934
002668.SZ,20250814,10.42,10.44,10.27,10.27,10.42,-0.15,-1.4395,112361.42,116179.788
002668.SZ,20250813,10.36,10.46,10.33,10.42,10.31,0.11,1.0669,137543.64,143066.011
002668.SZ,20250812,10.29,10.43,10.25,10.31,10.25,0.06,0.5854,122794.05,127060.62
002668.SZ,20250811,10.13,10.32,10.13,10.25,10.28,-0.03,-0.2918,119323.7,122296.631
002668.SZ,20250808,10.26,10.34,10.22,10.28,10.31,-0.03,-0.291,122216.49,125474.65
002668.SZ,20250807,10.47,10.5,10.29,10.31,10.48,-0.17,-1.6221,151612.67,157653.414
002668.SZ,20250806,10.51,10.55,10.39,10.48,10.48,0.0,0.0,129837.76,135816.273
002668.SZ,20250805,10.28,10.57,10.27,10.48,10.26,0.22,2.1442,177690.35,185325.81
002668.SZ,20250804,10.21,10.39,10.18,10.26,10.33,-0.07,-0.6776,154162.86,158031.468
002668.SZ,20250801,10.15,10.59,10.15,10.33,10.14,0.19,1.8738,208433.71,215932.168
002668.SZ,20250731,10.3,10.33,10.12,10.14,10.35,-0.21,-2.029,147491.62,150207.92
002668.SZ,20250730,10.25,10.41,10.22,10.35,10.25,0.1,0.9756,148117.94,152856.07
002668.SZ,20250729,10.36,10.38,10.16,10.25,10.37,-0.12,-1.1572,140909.52,144080.405
002668.SZ,20250728,10.22,10.54,10.21,10.37,10.2,0.17,1.6667,225565.07,234042.687
002668.SZ,20250725,10.15,10.34,10.08,10.2,10.05,0.15,1.4925,227655.06,232954.753
002668.SZ,20250724,9.99,10.05,9.93,10.05,10.0,0.05,0.5,115726.05,115655.452
002668.SZ,20250723,9.95,10.12,9.9,10.0,9.93,0.07,0.7049,164897.49,165193.271
002668.SZ,20250722,9.86,9.95,9.81,9.93,9.89,0.04,0.4044,146256.18,144611.827
002668.SZ,20250721,9.7,9.93,9.67,9.89,9.71,0.18,1.8538,153534.26,150728.733
002668.SZ,20250718,9.74,9.78,9.63,9.71,9.74,-0.03,-0.308,109844.28,106260.909
002668.SZ,20250717,9.76,9.82,9.72,9.74,9.75,-0.01,-0.1026,115715.0,112979.62
002668.SZ,20250716,9.64,9.82,9.64,9.75,9.62,0.13,1.3514,126168.0,123170.291
002668.SZ,20250715,9.73,9.78,9.6,9.62,9.75,-0.13,-1.3333,108013.24,104314.515
002668.SZ,20250714,9.68,9.78,9.65,9.75,9.68,0.07,0.7231,116993.58,113929.605
002668.SZ,20250711,9.63,9.71,9.62,9.68,9.64,0.04,0.4149,151294.97,146193.63
002668.SZ,20250710,9.58,9.66,9.57,9.64,9.63,0.01,0.1038,77581.84,74594.102
002668.SZ,20250709,9.69,9.73,9.58,9.63,9.7,-0.07,-0.7216,137419.2,132714.373
002668.SZ,20250708,9.67,9.71,9.49,9.7,9.67,0.03,0.3102,232952.22,223799.085
002668.SZ,20250707,9.78,9.8,9.66,9.67,9.84,-0.17,-1.7276,125899.44,122045.252
002668.SZ,20250704,9.88,9.91,9.81,9.84,9.87,-0.03,-0.304,85994.21,84827.573
002668.SZ,20250703,9.94,9.95,9.75,9.87,9.96,-0.09,-0.9036,127963.84,125692.928
002668.SZ,20250702,10.0,10.07,9.92,9.96,10.01,-0.05,-0.4995,104188.0,103908.239
002668.SZ,20250701,9.85,10.15,9.79,10.01,9.77,0.24,2.4565,167838.99,167478.689
002668.SZ,20250630,9.81,9.84,9.71,9.77,9.8,-0.03,-0.3061,81662.1,79649.255
002668.SZ,20250627,9.77,9.83,9.71,9.8,9.74,0.06,0.616,77798.42,76196.704
002668.SZ,20250626,9.93,9.94,9.73,9.74,9.92,-0.18,-1.8145,109861.86,107564.965
002668.SZ,20250625,9.63,9.98,9.59,9.92,9.59,0.33,3.4411,216775.85,213590.888
002668.SZ,20250624,9.35,9.62,9.34,9.59,9.31,0.28,3.0075,164462.65,156910.76
002668.SZ,20250623,9.38,9.44,9.3,9.31,9.45,-0.14,-1.4815,93889.0,87642.168
002668.SZ,20250620,9.44,9.52,9.43,9.45,9.46,-0.01,-0.1057,48625.8,46016.344
002668.SZ,20250619,9.54,9.59,9.44,9.46,9.56,-0.1,-1.046,68151.36,64692.269
002668.SZ,20250618,9.6,9.62,9.51,9.56,9.63,-0.07,-0.7269,58651.61,56062.204
002668.SZ,20250617,9.67,9.68,9.57,9.63,9.68,-0.05,-0.5165,62539.8,60144.178
002668.SZ,20250616,9.63,9.72,9.61,9.68,9.63,0.05,0.5192,72854.45,70452.511
002668.SZ,20250613,9.8,9.81,9.61,9.63,9.92,-0.29,-2.9234,141670.16,137214.118
002668.SZ,20250612,10.03,10.03,9.88,9.92,10.03,-0.11,-1.0967,91079.0,90441.528
002668.SZ,20250611,9.97,10.08,9.95,10.03,9.98,0.05,0.501,91728.68,92137.929
002668.SZ,20250610,10.06,10.18,9.88,9.98,10.09,-0.11,-1.0902,114483.87,114723.724
002668.SZ,20250609,10.02,10.17,9.9,10.09,10.02,0.07,0.6986,87593.0,88223.038
002668.SZ,20250606,10.0,10.07,9.93,10.02,10.0,0.02,0.2,63217.48,63366.51
002668.SZ,20250605,10.1,10.13,9.99,10.0,10.1,-0.1,-0.9901,93384.68,93684.098
002668.SZ,20250604,10.1,10.16,10.05,10.1,10.09,0.01,0.0991,74725.03,75464.887
002668.SZ,20250603,10.2,10.23,10.06,10.09,10.23,-0.14,-1.3685,73763.29,74549.757
002668.SZ,20250530,10.34,10.34,10.2,10.23,10.37,-0.14,-1.35,57759.0,59184.551
002668.SZ,20250529,10.24,10.43,10.2,10.37,10.24,0.13,1.2695,71713.56,74220.803
002668.SZ,20250528,10.23,10.29,10.19,10.24,10.22,0.02,0.1957,47541.88,48706.609
002668.SZ,20250527,10.32,10.32,10.19,10.22,10.35,-0.13,-1.256,68591.48,70110.347
002668.SZ,20250526,10.4,10.43,10.29,10.35,10.39,-0.04,-0.385,56563.0,58585.97
002668.SZ,20250523,10.47,10.64,10.39,10.39,10.49,-0.1,-0.9533,68280.17,71778.224
002668.SZ,20250522,10.61,10.65,10.47,10.49,10.61,-0.12,-1.131,61822.56,65134.484
002668.SZ,20250521,10.7,10.73,10.56,10.61,10.69,-0.08,-0.7484,70996.9,75358.512
002668.SZ,20250520,10.52,10.7,10.44,10.69,10.52,0.17,1.616,81162.79,86113.945
002668.SZ,20250519,10.54,10.55,10.35,10.52,10.53,-0.01,-0.095,80468.61,84122.303
002668.SZ,20250516,10.52,10.61,10.45,10.53,10.56,-0.03,-0.2841,59058.0,62241.235
002668.SZ,20250515,10.73,10.78,10.55,10.56,10.78,-0.22,-2.0408,90141.0,95949.153
002668.SZ,20250514,10.76,10.8,10.55,10.78,10.79,-0.01,-0.0927,104126.0,111141.919
002668.SZ,20250513,10.95,11.02,10.74,10.79,10.76,0.03,0.2788,147071.92,159791.283
002668.SZ,20250512,10.75,10.96,10.67,10.76,10.66,0.1,0.9381,104857.61,112864.905
002668.SZ,20250509,10.6,10.77,10.57,10.66,10.64,0.02,0.188,100042.0,106752.438
002668.SZ,20250508,10.57,10.89,10.54,10.64,10.61,0.03,0.2828,112864.57,120625.268
002668.SZ,20250507,10.41,10.73,10.41,10.61,10.31,0.3,2.9098,208810.06,221935.966
002668.SZ,20250506,10.21,10.33,10.18,10.31,10.19,0.12,1.1776,122035.61,125307.879
002668.SZ,20250430,10.28,10.35,10.18,10.19,10.27,-0.08,-0.779,92099.0,94471.704
002668.SZ,20250429,10.07,10.32,10.05,10.27,10.17,0.1,0.9833,77408.62,79300.502
002668.SZ,20250428,10.43,10.48,10.09,10.17,10.44,-0.27,-2.5862,146192.42,148885.618
002668.SZ,20250425,10.49,10.64,10.38,10.44,10.51,-0.07,-0.666,111549.0,116896.358
002668.SZ,20250424,10.52,10.7,10.45,10.51,10.52,-0.01,-0.0951,105090.0,110873.526
002668.SZ,20250423,10.8,10.95,10.51,10.52,10.75,-0.23,-2.1395,166253.0,177421.171
002668.SZ,20250422,10.77,11.08,10.62,10.75,10.11,0.64,6.3304,320254.42,345206.527
002668.SZ,20250421,10.03,10.13,9.95,10.11,9.98,0.13,1.3026,78891.89,79236.594
002668.SZ,20250418,9.96,10.0,9.83,9.98,9.97,0.01,0.1003,74523.55,73867.424
002668.SZ,20250417,10.02,10.19,9.96,9.97,10.09,-0.12,-1.1893,93114.9,93756.704
002668.SZ,20250416,10.0,10.11,9.86,10.09,10.02,0.07,0.6986,126049.67,125725.501
002668.SZ,20250415,9.79,10.15,9.71,10.02,9.74,0.28,2.8747,168309.05,167966.187
002668.SZ,20250414,9.9,9.98,9.74,9.74,9.73,0.01,0.1028,127051.0,125310.813
002668.SZ,20250411,9.69,9.83,9.62,9.73,9.78,-0.05,-0.5112,108399.37,105287.652
002668.SZ,20250410,9.6,10.17,9.58,9.78,9.27,0.51,5.5016,268621.89,266654.639
002668.SZ,20250409,9.1,9.37,8.63,9.27,9.4,-0.13,-1.383,210820.9,191378.294
002668.SZ,20250408,9.35,9.48,8.88,9.4,9.64,-0.24,-2.4896,336915.91,307722.604
002668.SZ,20250407,9.68,10.0,9.64,9.64,10.71,-1.07,-9.9907,95113.0,92388.234
002668.SZ,20250403,11.19,11.19,10.6,10.71,11.3,-0.59,-5.2212,237668.63,257526.366
002668.SZ,20250402,11.25,11.31,11.12,11.3,11.27,0.03,0.2662,120937.0,135890.085
002668.SZ,20250401,11.54,11.62,11.25,11.27,11.59,-0.32,-2.761,192803.87,219526.711
002668.SZ,20250331,11.35,11.81,11.24,11.59,11.35,0.24,2.1145,243066.02,281969.801
002668.SZ,20250328,11.3,11.43,11.23,11.35,11.3,0.05,0.4425,103525.85,117715.504
002668.SZ,20250327,11.3,11.36,11.22,11.3,11.29,0.01,0.0886,79081.81,89258.919
002668.SZ,20250326,11.44,11.48,11.28,11.29,11.47,-0.18,-1.5693,144886.59,164444.841
002668.SZ,20250325,11.54,11.77,11.42,11.47,11.55,-0.08,-0.6926,150354.17,174302.425
002668.SZ,20250324,11.42,11.7,11.4,11.55,11.41,0.14,1.227,160456.18,185640.273
002668.SZ,20250321,11.64,11.7,11.36,11.41,11.64,-0.23,-1.9759,162358.06,186597.521
002668.SZ,20250320,11.78,11.88,11.63,11.64,11.85,-0.21,-1.7722,136337.87,160343.618
002668.SZ,20250319,11.93,11.93,11.61,11.85,12.0,-0.15,-1.25,202782.97,238655.602
002668.SZ,20250318,11.93,12.08,11.74,12.0,11.93,0.07,0.5868,198337.35,235804.145
002668.SZ,20250317,12.05,12.06,11.83,11.93,11.86,0.07,0.5902,203585.46,243185.543
002668.SZ,20250314,11.55,11.95,11.54,11.86,11.53,0.33,2.8621,242770.94,287537.808
002668.SZ,20250313,11.47,11.68,11.46,11.53,11.5,0.03,0.2609,149035.11,172400.807
002668.SZ,20250312,11.49,11.6,11.42,11.5,11.5,0.0,0.0,153259.79,176596.044
002668.SZ,20250311,11.35,11.55,11.2,11.5,11.42,0.08,0.7005,211262.91,239778.793
002668.SZ,20250310,11.68,11.68,11.22,11.42,11.66,-0.24,-2.0583,203105.0,230955.205
002668.SZ,20250307,11.75,11.8,11.54,11.66,11.84,-0.18,-1.5203,180896.81,210380.444
002668.SZ,20250306,11.91,11.91,11.67,11.84,11.9,-0.06,-0.5042,202420.51,238434.137
002668.SZ,20250305,11.65,11.92,11.64,11.9,11.68,0.22,1.8836,172035.53,203017.66
002668.SZ,20250304,11.66,11.92,11.61,11.68,11.7,-0.02,-0.1709,139504.78,164200.644
002668.SZ,20250303,11.89,12.09,11.64,11.7,11.95,-0.25,-2.0921,263228.0,310974.674
002668.SZ,20250228,11.76,12.25,11.75,11.95,11.85,0.1,0.8439,366978.26,439468.745
002668.SZ,20250227,11.42,11.87,11.37,11.85,11.4,0.45,3.9474,284229.54,331093.965
002668.SZ,20250226,11.34,11.49,11.33,11.4,11.34,0.06,0.5291,137367.78,156556.818
002668.SZ,20250225,11.46,11.49,11.3,11.34,11.59,-0.25,-2.157,155073.65,176594.115
002668.SZ,20250224,11.38,11.76,11.35,11.59,11.45,0.14,1.2227,255917.8,296469.785
002668.SZ,20250221,11.51,11.57,11.12,11.45,11.64,-0.19,-1.6323,331670.99,373897.097
002668.SZ,20250220,11.49,11.73,11.4,11.64,11.54,0.1,0.8666,257447.02,297346.396
002668.SZ,20250219,11.77,11.99,11.32,11.54,12.12,-0.58,-4.7855,446479.23,513250.367
002668.SZ,20250218,12.44,12.44,12.03,12.12,12.43,-0.31,-2.494,171402.15,209838.49
002668.SZ,20250217,12.43,12.6,12.34,12.43,12.44,-0.01,-0.0804,193710.86,241664.733
002668.SZ,20250214,12.4,12.58,12.2,12.44,12.4,0.04,0.3226,173510.93,215424.12
002668.SZ,20250213,12.41,12.66,12.4,12.4,12.39,0.01,0.0807,218213.84,273319.089
002668.SZ,20250212,12.37,12.47,12.26,12.39,12.42,-0.03,-0.2415,143193.58,176580.167
002668.SZ,20250211,12.25,12.56,12.25,12.42,12.21,0.21,1.7199,201787.67,250165.615
002668.SZ,20250210,12.4,12.41,12.12,12.21,12.43,-0.22,-1.7699,231084.34,282270.576
002668.SZ,20250207,12.33,12.56,12.15,12.43,12.33,0.1,0.811,185885.08,230831.667
002668.SZ,20250206,12.19,12.35,12.15,12.33,12.2,0.13,1.0656,155513.06,190886.138
002668.SZ,20250205,12.72,12.72,12.18,12.2,12.68,-0.48,-3.7855,223577.35,275885.636
002668.SZ,20250127,12.85,12.98,12.68,12.68,12.77,-0.09,-0.7048,139783.4,178866.618
002668.SZ,20250124,12.8,12.97,12.7,12.77,12.84,-0.07,-0.5452,165609.04,212467.807
002668.SZ,20250123,13.07,13.25,12.82,12.84,13.02,-0.18,-1.3825,176969.98,230167.453
002668.SZ,20250122,12.86,13.16,12.57,13.02,12.94,0.08,0.6182,225104.31,289175.905
002668.SZ,20250121,13.13,13.19,12.82,12.94,13.03,-0.09,-0.6907,166253.0,215324.094
002668.SZ,20250120,13.25,13.47,12.95,13.03,13.16,-0.13,-0.9878,201706.8,266460.524
002668.SZ,20250117,13.2,13.29,12.88,13.16,13.27,-0.11,-0.8289,181066.75,237262.017
002668.SZ,20250116,13.17,13.51,13.08,13.27,13.04,0.23,1.7638,240618.9,319984.188
002668.SZ,20250115,13.12,13.39,12.98,13.04,13.15,-0.11,-0.8365,192376.37,252982.921
002668.SZ,20250114,12.64,13.15,12.64,13.15,12.62,0.53,4.1997,235665.42,305009.02
002668.SZ,20250113,12.72,12.88,12.48,12.62,12.95,-0.33,-2.5483,219848.79,278059.265
002668.SZ,20250110,13.6,13.67,12.91,12.95,13.76,-0.81,-5.8866,302513.37,401440.875
002668.SZ,20250109,13.28,14.11,13.16,13.76,13.4,0.36,2.6866,402984.83,548966.955
002668.SZ,20250108,12.96,13.5,12.54,13.4,12.96,0.44,3.3951,402274.54,525069.465
002668.SZ,20250107,12.58,13.08,12.41,12.96,12.59,0.37,2.9388,270204.21,347595.709
002668.SZ,20250106,12.72,12.87,12.43,12.59,12.49,0.1,0.8006,261105.85,330295.588
002668.SZ,20250103,13.14,13.34,12.42,12.49,13.16,-0.67,-5.0912,413874.76,531031.332
002668.SZ,20250102,13.3,13.77,13.01,13.16,13.12,0.04,0.3049,379049.06,505497.917
000651.SZ,20260527,38.8,39.08,38.24,38.61,38.88,-0.27,-0.6944,384819.74,1483103.981
000651.SZ,20260526,38.6,39.0,38.47,38.88,38.63,0.25,0.6472,336833.54,1302961.286
000651.SZ,20260525,38.74,39.12,38.4,38.63,38.74,-0.11,-0.2839,325132.83,1261335.417
000651.SZ,20260522,38.9,38.99,38.42,38.74,38.86,-0.12,-0.3088,386699.56,1495945.911
000651.SZ,20260521,39.51,39.6,38.82,38.86,39.51,-0.65,-1.6452,362240.13,1420574.383
000651.SZ,20260520,39.56,39.72,39.16,39.51,39.56,-0.05,-0.1264,342672.26,1353385.816
000651.SZ,20260519,39.7,39.9,39.45,39.56,39.71,-0.15,-0.3777,400945.9,1587822.667
000651.SZ,20260518,40.24,40.6,39.61,39.71,40.28,-0.57,-1.4151,402090.61,1607481.15
000651.SZ,20260515,40.09,40.68,39.92,40.28,40.22,0.06,0.1492,489795.73,1981438.233
000651.SZ,20260514,40.25,40.59,40.12,40.22,40.3,-0.08,-0.1985,373002.35,1505627.121
000651.SZ,20260513,40.29,40.56,40.08,40.3,40.34,-0.04,-0.0992,337820.1,1360917.808
000651.SZ,20260512,40.45,40.85,40.22,40.34,40.46,-0.12,-0.2966,464724.6,1882458.841
000651.SZ,20260511,39.85,40.7,39.6,40.46,39.91,0.55,1.3781,679353.85,2746551.242
000651.SZ,20260508,39.85,40.19,39.77,39.91,39.89,0.02,0.0501,387755.61,1550905.021
000651.SZ,20260507,39.9,40.27,39.75,39.89,39.95,-0.06,-0.1502,437507.65,1747721.64
000651.SZ,20260506,40.0,40.15,39.51,39.95,40.05,-0.1,-0.2497,617800.35,2456659.973
000651.SZ,20260430,40.49,40.86,40.05,40.05,40.47,-0.42,-1.0378,764381.86,3084996.599
000651.SZ,20260429,39.99,40.88,39.6,40.47,38.44,2.03,5.281,2007040.92,8098172.738
000651.SZ,20260428,37.41,38.47,37.36,38.44,37.51,0.93,2.4793,725042.86,2755183.336
000651.SZ,20260427,37.01,37.85,36.98,37.51,37.11,0.4,1.0779,451723.56,1694388.405
000651.SZ,20260424,36.81,37.16,36.71,37.11,36.96,0.15,0.4058,308383.24,1141101.913
000651.SZ,20260423,36.95,37.08,36.78,36.96,36.94,0.02,0.0541,225089.45,830889.313
000651.SZ,20260422,36.91,36.95,36.61,36.94,36.91,0.03,0.0813,227738.63,838683.088
000651.SZ,20260421,36.98,37.2,36.88,36.91,36.94,-0.03,-0.0812,276516.61,1023172.301
000651.SZ,20260420,36.93,37.01,36.8,36.94,36.95,-0.01,-0.0271,269786.43,995994.349
000651.SZ,20260417,37.25,37.25,36.93,36.95,37.32,-0.37,-0.9914,389503.5,1440862.486
000651.SZ,20260416,37.4,37.52,37.23,37.32,37.39,-0.07,-0.1872,219375.31,818475.411
000651.SZ,20260415,37.33,37.46,37.21,37.39,37.28,0.11,0.2951,223351.68,834462.048
000651.SZ,20260414,37.2,37.35,37.1,37.28,37.16,0.12,0.3229,201059.0,747700.876
000651.SZ,20260413,37.28,37.28,37.04,37.16,37.34,-0.18,-0.4821,184075.16,683305.358
000651.SZ,20260410,37.29,37.44,37.15,37.34,37.32,0.02,0.0536,171311.85,639939.705
000651.SZ,20260409,37.6,37.78,37.21,37.32,37.8,-0.48,-1.2698,254751.96,952135.812
000651.SZ,20260408,37.64,37.86,37.6,37.8,37.33,0.47,1.259,285020.74,1075869.149
000651.SZ,20260407,37.48,37.51,37.07,37.33,37.47,-0.14,-0.3736,208340.69,775656.492
000651.SZ,20260403,37.81,37.91,37.38,37.47,37.85,-0.38,-1.004,172135.19,646629.952
000651.SZ,20260402,38.0,38.01,37.7,37.85,38.02,-0.17,-0.4471,196462.35,743233.958
000651.SZ,20260401,38.07,38.13,37.83,38.02,37.82,0.2,0.5288,192769.33,732243.27
000651.SZ,20260331,37.65,38.37,37.65,37.82,37.65,0.17,0.4515,306434.46,1165908.094
000651.SZ,20260330,37.51,37.76,37.4,37.65,37.88,-0.23,-0.6072,213031.66,800867.964
000651.SZ,20260327,37.61,38.01,37.48,37.88,37.94,-0.06,-0.1581,191946.82,726440.92
000651.SZ,20260326,38.16,38.35,37.9,37.94,38.13,-0.19,-0.4983,192844.13,734511.604
000651.SZ,20260325,37.68,38.15,37.55,38.13,37.6,0.53,1.4096,261141.92,990516.783
000651.SZ,20260324,37.15,37.69,37.02,37.6,36.94,0.66,1.7867,333400.47,1245504.74
000651.SZ,20260323,37.72,37.75,36.83,36.94,38.22,-1.28,-3.349,553679.38,2058913.575
000651.SZ,20260320,38.55,38.77,38.13,38.22,38.56,-0.34,-0.8817,447599.99,1717253.687
000651.SZ,20260319,38.8,38.98,38.44,38.56,39.02,-0.46,-1.1789,312052.38,1207171.579
000651.SZ,20260318,38.94,39.05,38.71,39.02,38.94,0.08,0.2054,353549.59,1374608.874
000651.SZ,20260317,38.9,39.2,38.83,38.94,38.78,0.16,0.4126,438065.23,1710460.04
000651.SZ,20260316,38.5,38.9,38.39,38.78,38.6,0.18,0.4663,422740.02,1637781.202
000651.SZ,20260313,37.88,38.66,37.8,38.6,37.88,0.72,1.9007,593264.49,2277902.663
000651.SZ,20260312,37.7,37.92,37.58,37.88,37.8,0.08,0.2116,239997.21,905740.993
000651.SZ,20260311,37.75,37.87,37.54,37.8,37.74,0.06,0.159,276145.05,1041527.499
000651.SZ,20260310,37.37,37.74,37.34,37.74,37.33,0.41,1.0983,285653.86,1072450.803
000651.SZ,20260309,37.2,37.48,37.03,37.33,37.4,-0.07,-0.1872,300943.11,1120759.414
000651.SZ,20260306,37.0,37.43,36.85,37.4,37.04,0.36,0.9719,266635.01,991301.857
000651.SZ,20260305,36.93,37.12,36.93,37.04,36.89,0.15,0.4066,241402.81,893557.062
000651.SZ,20260304,37.0,37.03,36.6,36.89,37.09,-0.2,-0.5392,429858.82,1580902.095
000651.SZ,20260303,37.19,37.45,37.01,37.09,37.2,-0.11,-0.2957,457098.25,1699063.588
000651.SZ,20260302,37.3,37.36,37.01,37.2,37.45,-0.25,-0.6676,452751.45,1682670.708
000651.SZ,20260227,37.58,37.67,37.22,37.45,37.59,-0.14,-0.3724,472217.95,1767400.434
000651.SZ,20260226,37.5,37.94,37.5,37.59,38.49,-0.9,-2.3383,843413.74,3175378.983
000651.SZ,20260225,38.48,38.78,38.42,38.49,38.43,0.06,0.1561,338464.63,1306946.252
000651.SZ,20260224,38.6,38.65,38.38,38.43,38.37,0.06,0.1564,252061.42,968711.848
000651.SZ,20260213,38.43,38.52,38.26,38.37,38.43,-0.06,-0.1561,197194.14,757267.269
000651.SZ,20260212,38.64,38.7,38.39,38.43,38.72,-0.29,-0.749,271633.35,1044139.633
000651.SZ,20260211,38.78,38.86,38.69,38.72,38.8,-0.08,-0.2062,182239.07,706297.155
000651.SZ,20260210,38.62,38.83,38.54,38.8,38.62,0.18,0.4661,232274.6,898718.548
000651.SZ,20260209,38.61,38.7,38.54,38.62,38.56,0.06,0.1556,238335.17,919641.403
000651.SZ,20260206,38.8,38.99,38.52,38.56,38.92,-0.36,-0.925,298606.26,1153263.734
000651.SZ,20260205,38.75,39.0,38.63,38.92,38.88,0.04,0.1029,346114.83,1343643.649
000651.SZ,20260204,38.26,38.88,38.18,38.88,38.36,0.52,1.3556,379663.78,1466888.422
000651.SZ,20260203,38.53,38.79,38.18,38.36,38.54,-0.18,-0.467,376331.16,1442955.438
000651.SZ,20260202,38.6,39.08,38.5,38.54,38.7,-0.16,-0.4134,367219.73,1424235.221
000651.SZ,20260130,38.85,39.19,38.63,38.7,38.88,-0.18,-0.463,449104.24,1747213.866
000651.SZ,20260129,38.27,38.97,37.99,38.88,38.33,0.55,1.4349,747271.79,2868814.687
000651.SZ,20260128,38.91,38.91,38.28,38.33,38.91,-0.58,-1.4906,722084.28,2775619.624
000651.SZ,20260127,39.1,39.3,38.89,38.91,39.07,-0.16,-0.4095,461231.09,1802727.726
000651.SZ,20260126,39.43,39.58,39.02,39.07,39.43,-0.36,-0.913,628566.64,2463838.287
000651.SZ,20260123,39.97,39.97,39.4,39.43,39.85,-0.42,-1.054,685534.98,2710525.41
000651.SZ,20260122,40.79,41.05,40.58,40.85,40.77,0.08,0.1962,471743.2,1928287.009
000651.SZ,20260121,41.3,41.34,40.65,40.77,41.28,-0.51,-1.2355,662524.89,2709673.028
000651.SZ,20260120,40.54,41.35,40.46,41.28,40.53,0.75,1.8505,906361.28,3720424.859
000651.SZ,20260119,40.36,40.64,40.36,40.53,40.35,0.18,0.4461,414366.14,1678735.459
000651.SZ,20260116,40.22,40.48,40.22,40.35,40.12,0.23,0.5733,459310.38,1851791.291
000651.SZ,20260115,40.2,40.33,40.1,40.12,40.2,-0.08,-0.199,324846.65,1304905.55
000651.SZ,20260114,40.31,40.39,40.16,40.2,40.33,-0.13,-0.3223,454446.21,1829561.992
000651.SZ,20260113,40.6,40.65,40.25,40.33,40.53,-0.2,-0.4935,461470.14,1865582.634
000651.SZ,20260112,40.47,40.58,40.26,40.53,40.48,0.05,0.1235,393084.1,1588322.792
000651.SZ,20260109,40.43,40.53,40.36,40.48,40.44,0.04,0.0989,292909.16,1184787.574
000651.SZ,20260108,40.43,40.48,40.28,40.44,40.44,0.0,0.0,270930.4,1094487.854
000651.SZ,20260107,40.82,40.82,40.42,40.44,40.82,-0.38,-0.9309,423631.99,1716288.75
000651.SZ,20260106,40.77,40.86,40.65,40.82,40.76,0.06,0.1472,395447.34,1612142.949
000651.SZ,20260105,40.34,40.8,40.22,40.76,40.22,0.54,1.3426,496728.62,2013848.01
000651.SZ,20251231,40.56,40.81,40.15,40.22,40.53,-0.31,-0.7649,502972.68,2027975.877
000651.SZ,20251230,40.66,40.76,40.37,40.53,40.72,-0.19,-0.4666,383899.44,1555084.605
000651.SZ,20251229,40.76,41.12,40.64,40.72,40.76,-0.04,-0.0981,392741.0,1605652.379
000651.SZ,20251226,40.88,40.94,40.71,40.76,40.91,-0.15,-0.3667,259172.99,1057441.482
000651.SZ,20251225,40.73,41.04,40.66,40.91,40.76,0.15,0.368,264079.37,1079985.129
000651.SZ,20251224,40.81,40.92,40.65,40.76,40.9,-0.14,-0.3423,286646.7,1167661.551
000651.SZ,20251223,40.87,41.15,40.77,40.9,40.88,0.02,0.0489,330872.33,1355000.138
000651.SZ,20251222,41.14,41.16,40.85,40.88,41.14,-0.26,-0.632,345820.29,1414848.052
000651.SZ,20251219,40.99,41.15,40.86,41.14,40.96,0.18,0.4395,307976.4,1263638.45
000651.SZ,20251218,41.1,41.1,40.83,40.96,41.1,-0.14,-0.3406,247356.33,1012493.591
000651.SZ,20251217,40.84,41.2,40.64,41.1,40.85,0.25,0.612,424249.73,1740260.247
000651.SZ,20251216,40.78,40.91,40.7,40.85,40.87,-0.02,-0.0489,251553.36,1026692.914
000651.SZ,20251215,40.91,41.06,40.83,40.87,40.75,0.12,0.2945,360059.41,1475417.478
000651.SZ,20251212,40.72,40.95,40.58,40.75,40.65,0.1,0.246,487137.16,1988362.913
000651.SZ,20251211,40.51,41.08,40.48,40.65,40.37,0.28,0.6936,455941.36,1859381.215
000651.SZ,20251210,40.3,40.51,40.15,40.37,40.35,0.02,0.0496,258695.1,1043151.124
000651.SZ,20251209,40.72,40.84,40.3,40.35,40.68,-0.33,-0.8112,292292.9,1183740.573
000651.SZ,20251208,40.88,41.05,40.62,40.68,40.87,-0.19,-0.4649,328105.13,1338254.293
000651.SZ,20251205,40.94,41.09,40.65,40.87,40.94,-0.07,-0.171,274382.29,1120758.571
000651.SZ,20251204,40.78,41.17,40.7,40.94,40.81,0.13,0.3185,264627.07,1084266.565
000651.SZ,20251203,40.85,41.15,40.76,40.81,40.9,-0.09,-0.22,371872.97,1524469.883
000651.SZ,20251202,40.85,41.06,40.66,40.9,40.85,0.05,0.1224,320497.57,1309293.683
000651.SZ,20251201,40.42,40.85,40.32,40.85,40.36,0.49,1.2141,408827.55,1662495.213
000651.SZ,20251128,40.28,40.39,40.11,40.36,40.33,0.03,0.0744,204371.45,823012.374
000651.SZ,20251127,40.25,40.48,40.04,40.33,40.33,0.0,0.0,295930.24,1191840.275
000651.SZ,20251126,40.07,40.38,40.02,40.33,40.07,0.26,0.6489,319654.63,1285253.244
000651.SZ,20251125,40.16,40.2,39.72,40.07,40.11,-0.04,-0.0997,413435.01,1650903.64
000651.SZ,20251124,40.26,40.42,40.01,40.11,40.25,-0.14,-0.3478,355300.91,1427143.469
000651.SZ,20251121,40.18,40.72,39.97,40.25,40.35,-0.1,-0.2478,550948.77,2218464.826
000651.SZ,20251120,40.18,40.64,40.06,40.35,40.16,0.19,0.4731,332902.13,1345880.532
000651.SZ,20251119,40.1,40.29,40.0,40.16,40.11,0.05,0.1247,218006.37,875626.45
000651.SZ,20251118,40.19,40.46,40.05,40.11,40.19,-0.08,-0.1991,265683.19,1069136.102
000651.SZ,20251117,40.62,40.62,40.06,40.19,40.62,-0.43,-1.0586,366439.71,1474977.099
000651.SZ,20251114,40.87,41.13,40.61,40.62,41.0,-0.38,-0.9268,351223.41,1433919.235
000651.SZ,20251113,41.15,41.32,40.75,41.0,41.15,-0.15,-0.3645,441638.42,1807279.175
000651.SZ,20251112,40.93,41.35,40.93,41.15,40.92,0.23,0.5621,580158.18,2389716.804
000651.SZ,20251111,40.9,41.09,40.75,40.92,40.86,0.06,0.1468,468452.73,1916064.154
000651.SZ,20251110,40.1,40.88,40.09,40.86,40.02,0.84,2.099,640991.07,2605209.45
000651.SZ,20251107,39.95,40.08,39.88,40.02,39.99,0.03,0.075,244832.24,979334.368
000651.SZ,20251106,39.71,40.05,39.65,39.99,39.72,0.27,0.6798,347530.78,1387911.304
000651.SZ,20251105,39.55,39.88,39.45,39.72,39.71,0.01,0.0252,281069.83,1116210.036
000651.SZ,20251104,39.5,39.92,39.41,39.71,39.52,0.19,0.4808,398198.16,1581033.855
000651.SZ,20251103,39.65,39.84,39.2,39.52,39.75,-0.23,-0.5786,613443.9,2416098.282
000651.SZ,20251031,39.79,40.03,39.52,39.75,40.47,-0.72,-1.7791,921555.79,3666645.834
000651.SZ,20251030,40.61,40.79,40.41,40.47,40.69,-0.22,-0.5407,439595.53,1782629.301
000651.SZ,20251029,40.72,40.72,40.52,40.69,40.72,-0.03,-0.0737,287433.19,1167340.75
000651.SZ,20251028,40.97,41.15,40.67,40.72,40.97,-0.25,-0.6102,338061.25,1378729.084
000651.SZ,20251027,40.53,41.14,40.51,40.97,40.5,0.47,1.1605,616525.29,2522404.578
000651.SZ,20251024,40.53,40.75,40.44,40.5,40.53,-0.03,-0.074,292379.85,1185827.907
000651.SZ,20251023,40.55,40.64,40.21,40.53,40.57,-0.04,-0.0986,331124.15,1338043.368
000651.SZ,20251022,40.58,40.81,40.52,40.57,40.69,-0.12,-0.2949,307742.74,1250401.263
000651.SZ,20251021,40.77,40.86,40.45,40.69,40.77,-0.08,-0.1962,354371.67,1442346.029
000651.SZ,20251020,40.36,40.78,40.23,40.77,40.22,0.55,1.3675,394715.11,1600009.494
000651.SZ,20251017,40.73,41.05,40.17,40.22,40.77,-0.55,-1.349,451803.83,1833060.233
000651.SZ,20251016,40.82,40.94,40.6,40.77,40.82,-0.05,-0.1225,397468.59,1618938.798
000651.SZ,20251015,40.65,40.95,40.45,40.82,40.58,0.24,0.5914,438869.95,1790310.725
000651.SZ,20251014,40.45,40.79,40.1,40.58,40.45,0.13,0.3214,557710.99,2261968.772
000651.SZ,20251013,39.8,40.6,39.59,40.45,40.41,0.04,0.099,565692.97,2268779.182
000651.SZ,20251010,40.18,40.84,40.03,40.41,40.38,0.03,0.0743,609576.28,2469698.375
000651.SZ,20251009,39.73,40.38,39.4,40.38,39.72,0.66,1.6616,638098.38,2543021.33
000651.SZ,20250930,39.96,40.0,39.66,39.72,39.94,-0.22,-0.5508,395376.15,1572376.371
000651.SZ,20250929,39.85,40.05,39.45,39.94,39.85,0.09,0.2258,410191.4,1628579.198
000651.SZ,20250926,39.51,40.05,39.3,39.85,39.5,0.35,0.8861,450107.54,1788343.094
000651.SZ,20250925,39.88,39.9,39.45,39.5,39.99,-0.49,-1.2253,468990.83,1857372.586
000651.SZ,20250924,39.65,40.04,39.43,39.99,39.64,0.35,0.8829,363780.47,1448981.726
000651.SZ,20250923,39.8,40.03,39.46,39.64,39.83,-0.19,-0.477,434243.66,1723357.528
000651.SZ,20250922,40.3,40.33,39.7,39.83,40.44,-0.61,-1.5084,582026.71,2322154.503
000651.SZ,20250919,40.11,40.46,40.01,40.44,40.21,0.23,0.572,393408.52,1583195.857
000651.SZ,20250918,40.7,40.87,40.08,40.21,40.79,-0.58,-1.4219,580312.18,2346320.116
000651.SZ,20250917,40.46,40.83,40.37,40.79,40.5,0.29,0.716,525926.42,2136326.5
000651.SZ,20250916,40.89,40.89,40.5,40.5,40.94,-0.44,-1.0747,555724.98,2256583.688
000651.SZ,20250915,41.04,41.05,40.68,40.94,41.05,-0.11,-0.268,492795.18,2012642.286
000651.SZ,20250912,41.38,41.45,41.02,41.05,41.37,-0.32,-0.7735,660883.69,2722505.542
000651.SZ,20250911,41.17,41.39,41.01,41.37,41.16,0.21,0.5102,528172.46,2173796.449
000651.SZ,20250910,41.32,41.37,41.11,41.16,41.34,-0.18,-0.4354,491111.92,2023251.595
000651.SZ,20250909,41.44,41.67,41.26,41.34,41.42,-0.08,-0.1931,666713.52,2763193.803
000651.SZ,20250908,41.5,41.72,41.27,41.42,41.36,0.06,0.1451,627318.0,2600069.326
000651.SZ,20250905,41.15,41.4,41.01,41.36,41.19,0.17,0.4127,643464.92,2650536.771
000651.SZ,20250904,41.5,41.55,41.0,41.19,41.54,-0.35,-0.8426,703629.67,2900310.236
000651.SZ,20250903,42.25,42.46,41.5,41.54,41.52,0.02,0.0482,822525.98,3434722.12
000651.SZ,20250902,41.25,41.85,41.11,41.52,41.41,0.11,0.2656,855870.58,3550285.585
000651.SZ,20250901,42.59,42.59,41.35,41.41,42.6,-1.19,-2.7934,1615704.65,6741851.464
000651.SZ,20250829,43.38,43.38,42.11,42.6,45.26,-2.66,-5.8772,2541970.17,10860336.787
000651.SZ,20250828,47.24,47.7,46.94,47.25,47.24,0.01,0.0212,697027.99,3292087.079
000651.SZ,20250827,48.06,48.35,47.23,47.24,48.04,-0.8,-1.6653,693531.56,3313272.438
000651.SZ,20250826,48.0,48.23,47.72,48.04,48.1,-0.06,-0.1247,508961.29,2443015.425
000651.SZ,20250825,47.25,48.1,47.1,48.1,47.11,0.99,2.1015,762382.38,3634953.484
000651.SZ,20250822,46.98,47.19,46.53,47.11,46.64,0.47,1.0077,816582.59,3829295.315
000651.SZ,20250821,46.91,47.05,46.06,46.64,47.18,-0.54,-1.1446,765657.52,3568330.417
000651.SZ,20250820,46.8,47.19,46.58,47.18,47.06,0.12,0.255,469445.6,2203682.931
000651.SZ,20250819,47.78,48.15,46.85,47.06,47.65,-0.59,-1.2382,634121.26,2990236.717
000651.SZ,20250818,47.79,48.25,47.51,47.65,47.79,-0.14,-0.2929,370441.66,1768894.378
000651.SZ,20250815,47.67,47.82,47.23,47.79,47.7,0.09,0.1887,351231.43,1670821.115
000651.SZ,20250814,47.79,48.24,47.7,47.7,47.73,-0.03,-0.0629,302763.25,1452267.997
000651.SZ,20250813,48.0,48.12,47.64,47.73,47.88,-0.15,-0.3133,272881.91,1304027.2
000651.SZ,20250812,47.3,48.3,47.19,47.88,47.23,0.65,1.3762,450653.37,2161625.922
000651.SZ,20250811,47.44,47.55,47.06,47.23,47.44,-0.21,-0.4427,244308.92,1153959.694
000651.SZ,20250808,47.04,47.61,46.9,47.44,47.0,0.44,0.9362,280780.04,1330702.728
000651.SZ,20250807,46.8,47.15,46.67,47.0,46.9,0.1,0.2132,264710.71,1242505.459
000651.SZ,20250806,46.82,46.98,46.61,46.9,46.72,0.18,0.3853,255528.41,1195891.319
000651.SZ,20250805,46.15,46.79,45.93,46.72,46.12,0.6,1.301,277893.51,1292384.737
000651.SZ,20250804,45.88,46.25,45.75,46.12,45.89,0.23,0.5012,210785.95,970597.561
000651.SZ,20250801,45.72,46.05,45.63,45.89,45.62,0.27,0.5918,234001.38,1072991.265
000651.SZ,20250731,46.38,46.4,45.5,45.62,46.37,-0.75,-1.6174,447716.5,2048763.765
000651.SZ,20250730,46.14,46.66,46.04,46.37,46.12,0.25,0.5421,320217.29,1485063.024
000651.SZ,20250729,46.65,46.78,46.01,46.12,46.63,-0.51,-1.0937,427600.76,1977627.238
000651.SZ,20250728,46.94,47.1,46.59,46.63,46.8,-0.17,-0.3632,382200.7,1787484.712
000651.SZ,20250725,46.5,47.59,46.5,46.8,47.79,-0.99,-2.0716,621993.16,2915516.402
000651.SZ,20250724,48.18,48.24,47.63,47.79,48.15,-0.36,-0.7477,316142.5,1511025.339
000651.SZ,20250723,47.94,48.47,47.92,48.15,47.89,0.26,0.5429,263582.98,1271321.139
000651.SZ,20250722,47.53,47.92,47.44,47.89,47.55,0.34,0.715,299742.24,1429157.496
000651.SZ,20250721,47.89,48.08,47.39,47.55,47.88,-0.33,-0.6892,269500.47,1283868.234
000651.SZ,20250718,47.8,47.9,47.54,47.88,47.56,0.32,0.6728,210739.24,1005963.291
000651.SZ,20250717,47.48,48.05,47.4,47.56,47.48,0.08,0.1685,225690.1,1076853.664
000651.SZ,20250716,48.09,48.09,47.34,47.48,47.95,-0.47,-0.9802,279248.58,1328279.572
000651.SZ,20250715,47.37,48.09,47.15,47.95,47.25,0.7,1.4815,397740.68,1899605.093
000651.SZ,20250714,47.14,47.68,47.02,47.25,46.95,0.3,0.639,305755.44,1449274.849
000651.SZ,20250711,46.5,47.15,46.45,46.95,46.34,0.61,1.3164,318347.59,1494825.589
000651.SZ,20250710,46.2,46.52,45.95,46.34,46.2,0.14,0.303,209382.69,968829.196
000651.SZ,20250709,46.62,46.68,46.11,46.2,46.6,-0.4,-0.8584,274919.0,1275124.561
000651.SZ,20250708,46.49,46.92,46.38,46.6,46.49,0.11,0.2366,256017.61,1195231.043
000651.SZ,20250707,46.9,46.94,46.38,46.49,46.74,-0.25,-0.5349,189802.32,883494.027
000651.SZ,20250704,46.53,46.84,46.3,46.74,46.53,0.21,0.4513,196169.92,915277.878
000651.SZ,20250703,46.6,46.67,46.25,46.53,46.41,0.12,0.2586,217129.82,1009129.138
000651.SZ,20250702,45.55,46.72,45.49,46.41,45.45,0.96,2.1122,542095.94,2510495.844
000651.SZ,20250701,45.05,45.48,44.85,45.45,44.92,0.53,1.1799,242453.77,1096683.969
000651.SZ,20250630,45.23,45.54,44.87,44.92,45.22,-0.3,-0.6634,321622.11,1448606.965
000651.SZ,20250627,45.57,45.92,45.13,45.22,45.5,-0.28,-0.6154,323096.76,1471819.552
000651.SZ,20250626,45.52,45.79,45.37,45.5,45.37,0.13,0.2865,252526.54,1151071.482
000651.SZ,20250625,44.93,45.49,44.77,45.37,44.9,0.47,1.0468,303185.49,1369156.252
000651.SZ,20250624,44.49,45.0,44.49,44.9,44.42,0.48,1.0806,298953.86,1341941.177
000651.SZ,20250623,44.6,44.72,44.2,44.42,44.64,-0.22,-0.4928,290723.5,1290335.717
000651.SZ,20250620,44.08,44.66,44.03,44.64,44.08,0.56,1.2704,248254.48,1104057.156
000651.SZ,20250619,44.46,44.54,44.04,44.08,44.48,-0.4,-0.8993,275096.48,1216983.698
000651.SZ,20250618,44.49,44.85,44.4,44.48,44.45,0.03,0.0675,212106.06,945371.392
000651.SZ,20250617,44.61,44.72,44.34,44.45,44.6,-0.15,-0.3363,256592.89,1142203.684
000651.SZ,20250616,44.92,45.15,44.58,44.6,44.92,-0.32,-0.7124,304698.16,1363049.192
000651.SZ,20250613,44.71,45.04,44.65,44.92,44.86,0.06,0.1337,352204.51,1579504.549
000651.SZ,20250612,44.89,44.99,44.54,44.86,44.77,0.09,0.201,270084.11,1208650.694
000651.SZ,20250611,44.62,44.94,44.55,44.77,44.65,0.12,0.2688,226642.17,1014722.777
000651.SZ,20250610,44.82,45.07,44.56,44.65,44.82,-0.17,-0.3793,339236.02,1518074.753
000651.SZ,20250609,45.0,45.15,44.65,44.82,44.87,-0.05,-0.1114,274460.34,1229052.587
000651.SZ,20250606,45.03,45.08,44.85,44.87,44.94,-0.07,-0.1558,222151.71,998633.301
000651.SZ,20250605,45.38,45.5,44.83,44.94,45.32,-0.38,-0.8385,356488.52,1603307.536
000651.SZ,20250604,45.05,45.59,44.99,45.32,44.98,0.34,0.7559,305372.64,1382826.2
000651.SZ,20250603,46.23,46.34,44.8,44.98,46.42,-1.44,-3.1021,733643.23,3314112.394
000651.SZ,20250530,46.07,46.54,45.86,46.42,46.06,0.36,0.7816,318706.76,1474547.579
000651.SZ,20250529,46.6,46.79,46.0,46.06,46.68,-0.62,-1.3282,352636.69,1628706.117
000651.SZ,20250528,46.36,46.76,45.93,46.68,46.18,0.5,1.0827,231386.83,1075443.86
000651.SZ,20250527,46.05,46.5,46.05,46.18,46.04,0.14,0.3041,178542.91,826245.233
000651.SZ,20250526,46.57,46.7,45.88,46.04,46.56,-0.52,-1.1168,257220.9,1186480.284
000651.SZ,20250523,47.01,47.43,46.45,46.56,47.08,-0.52,-1.1045,327488.85,1536083.93
000651.SZ,20250522,46.88,47.31,46.88,47.08,46.87,0.21,0.448,228984.44,1077781.758
000651.SZ,20250521,46.9,47.27,46.75,46.87,47.0,-0.13,-0.2766,211477.26,993620.021
000651.SZ,20250520,45.75,47.0,45.68,47.0,45.71,1.29,2.8221,470336.8,2189829.257
000651.SZ,20250519,45.7,45.88,45.48,45.71,45.58,0.13,0.2852,220714.91,1008131.234
000651.SZ,20250516,46.21,46.31,45.45,45.58,46.2,-0.62,-1.342,310925.2,1419612.106
000651.SZ,20250515,46.07,46.27,45.75,46.2,45.9,0.3,0.6536,288515.08,1328591.252
000651.SZ,20250514,47.0,47.22,46.64,46.9,46.98,-0.08,-0.1703,331513.76,1555756.47
000651.SZ,20250513,47.0,47.14,46.81,46.98,46.9,0.08,0.1706,248680.39,1167331.549
000651.SZ,20250512,47.18,47.3,46.78,46.9,47.0,-0.1,-0.2128,335058.72,1572471.336
000651.SZ,20250509,46.68,47.18,46.53,47.0,46.52,0.48,1.0318,317423.61,1492819.464
000651.SZ,20250508,46.19,46.65,46.11,46.52,46.1,0.42,0.9111,267159.83,1241304.185
000651.SZ,20250507,45.98,46.35,45.8,46.1,45.47,0.63,1.3855,406180.4,1872997.541
000651.SZ,20250506,45.89,46.06,45.31,45.47,45.56,-0.09,-0.1975,391608.45,1783798.632
000651.SZ,20250430,46.35,46.4,45.52,45.56,46.27,-0.71,-1.5345,330522.85,1514036.455
000651.SZ,20250429,46.73,46.85,45.85,46.27,46.55,-0.28,-0.6015,337778.6,1560746.362
000651.SZ,20250428,46.81,47.3,46.25,46.55,45.22,1.33,2.9412,863703.64,4046000.946
000651.SZ,20250425,45.31,45.53,45.09,45.22,45.4,-0.18,-0.3965,233137.06,1054750.38
000651.SZ,20250424,45.29,45.54,45.0,45.4,45.29,0.11,0.2429,204351.41,925443.213
000651.SZ,20250423,45.7,45.75,45.15,45.29,45.55,-0.26,-0.5708,221351.89,1006597.596
000651.SZ,20250422,45.17,45.99,45.03,45.55,45.19,0.36,0.7966,216664.59,986446.708
000651.SZ,20250421,45.25,45.4,44.91,45.19,45.3,-0.11,-0.2428,206954.49,934991.606
000651.SZ,20250418,44.87,45.5,44.73,45.3,44.98,0.32,0.7114,225437.61,1019872.405
000651.SZ,20250417,45.13,45.13,44.62,44.98,45.28,-0.3,-0.6625,202413.45,909520.81
000651.SZ,20250416,44.68,45.37,44.48,45.28,44.86,0.42,0.9362,340480.85,1530820.445
000651.SZ,20250415,43.89,44.97,43.56,44.86,43.89,0.97,2.2101,517243.0,2304662.178
000651.SZ,20250414,45.1,45.15,43.6,43.89,45.1,-1.21,-2.6829,669545.66,2954928.33
000651.SZ,20250411,44.6,45.12,44.13,45.1,44.81,0.29,0.6472,304088.72,1361064.693
000651.SZ,20250410,44.71,44.95,44.25,44.81,44.87,-0.06,-0.1337,436561.85,1949505.012
000651.SZ,20250409,44.17,45.2,43.83,44.87,44.62,0.25,0.5603,551324.82,2462959.792
000651.SZ,20250408,43.28,44.69,42.91,44.62,43.3,1.32,3.0485,755973.37,3327610.338
000651.SZ,20250407,43.2,44.68,42.2,43.3,45.35,-2.05,-4.5204,927197.76,4030308.608
000651.SZ,20250403,44.75,45.4,44.55,45.35,45.17,0.18,0.3985,401416.06,1808260.636
000651.SZ,20250402,45.13,46.0,45.0,45.17,45.13,0.04,0.0886,316119.56,1435118.537
000651.SZ,20250401,45.33,45.5,44.8,45.13,45.46,-0.33,-0.7259,357328.94,1614126.073
000651.SZ,20250331,45.35,46.23,45.2,45.46,45.28,0.18,0.3975,438528.63,2009314.133
000651.SZ,20250328,45.19,45.54,44.97,45.28,45.19,0.09,0.1992,312833.69,1417042.006
000651.SZ,20250327,44.99,45.42,44.8,45.19,44.95,0.24,0.5339,297438.97,1342752.243
000651.SZ,20250326,45.0,45.36,44.55,44.95,45.16,-0.21,-0.465,368421.14,1652034.765
000651.SZ,20250325,44.96,45.6,44.9,45.16,44.98,0.18,0.4002,536152.34,2424960.663
000651.SZ,20250324,44.47,45.29,44.17,44.98,43.74,1.24,2.8349,848866.42,3814449.608
000651.SZ,20250321,42.79,43.86,42.79,43.74,42.71,1.03,2.4116,708548.32,3087674.416
000651.SZ,20250320,43.57,43.66,42.69,42.71,43.61,-0.9,-2.0637,439161.5,1889067.247
000651.SZ,20250319,43.85,43.9,43.33,43.61,43.77,-0.16,-0.3655,293418.58,1278430.689
000651.SZ,20250318,43.46,44.16,43.22,43.77,43.3,0.47,1.0855,431629.2,1885623.888
000651.SZ,20250317,43.3,43.57,43.08,43.3,43.2,0.1,0.2315,355248.07,1537736.633
000651.SZ,20250314,42.54,43.4,42.54,43.2,42.53,0.67,1.5754,516621.57,2227574.499
000651.SZ,20250313,42.1,42.92,42.02,42.53,42.12,0.41,0.9734,507057.52,2161809.155
000651.SZ,20250312,42.36,42.4,41.93,42.12,42.35,-0.23,-0.5431,329319.6,1388249.58
000651.SZ,20250311,41.9,42.51,41.86,42.35,42.25,0.1,0.2367,348545.28,1469626.138
000651.SZ,20250310,41.86,42.25,41.55,42.25,41.86,0.39,0.9317,365830.74,1535238.479
000651.SZ,20250307,41.99,42.22,41.74,41.86,42.11,-0.25,-0.5937,314474.8,1317345.208
000651.SZ,20250306,42.15,42.2,41.69,42.11,42.06,0.05,0.1189,453774.05,1906837.452
000651.SZ,20250305,41.73,42.2,41.44,42.06,41.69,0.37,0.8875,519028.43,2176708.623
000651.SZ,20250304,41.95,42.45,41.58,41.69,40.56,1.13,2.786,1100128.39,4626447.416
000651.SZ,20250303,40.84,41.02,40.45,40.56,40.85,-0.29,-0.7099,419938.96,1709210.135
000651.SZ,20250228,41.38,41.87,40.81,40.85,41.43,-0.58,-1.4,613728.4,2531151.571
000651.SZ,20250227,40.95,41.61,40.94,41.43,40.92,0.51,1.2463,737997.39,3052301.705
000651.SZ,20250226,40.5,41.06,40.5,40.92,40.5,0.42,1.037,489297.1,1995742.497
000651.SZ,20250225,41.18,41.19,40.4,40.5,41.27,-0.77,-1.8658,666441.55,2712820.413
000651.SZ,20250224,41.16,41.58,40.9,41.27,41.36,-0.09,-0.2176,537525.98,2218449.805
000651.SZ,20250221,41.84,41.84,40.84,41.36,41.85,-0.49,-1.1708,819511.22,3373474.394
000651.SZ,20250220,41.85,41.98,41.33,41.85,41.94,-0.09,-0.2146,624175.02,2599789.536
000651.SZ,20250219,43.04,43.09,41.76,41.94,43.03,-1.09,-2.5331,950387.14,3997869.747
000651.SZ,20250218,43.5,43.59,42.93,43.03,43.67,-0.64,-1.4655,430421.78,1859047.194
000651.SZ,20250217,43.81,43.99,43.28,43.67,43.99,-0.32,-0.7274,371430.79,1615024.282
000651.SZ,20250214,43.7,44.27,43.7,43.99,43.82,0.17,0.388,281228.53,1238280.267
000651.SZ,20250213,43.7,44.05,43.56,43.82,43.76,0.06,0.1371,338050.98,1483436.136
000651.SZ,20250212,43.65,43.88,43.33,43.76,43.66,0.1,0.229,270727.84,1178412.799
000651.SZ,20250211,43.97,44.14,43.45,43.66,43.88,-0.22,-0.5014,291796.56,1275546.262
000651.SZ,20250210,44.12,44.24,43.65,43.88,44.12,-0.24,-0.544,305897.85,1341233.006
000651.SZ,20250207,43.68,44.27,43.31,44.12,43.64,0.48,1.0999,401399.29,1763199.894
000651.SZ,20250206,43.87,44.04,43.33,43.64,43.83,-0.19,-0.4335,343096.83,1495055.072
000651.SZ,20250205,44.54,44.8,43.74,43.83,44.89,-1.06,-2.3613,344664.86,1514802.179
000651.SZ,20250127,44.47,45.27,44.47,44.89,44.46,0.43,0.9672,283539.72,1274083.766
000651.SZ,20250124,44.27,44.88,43.93,44.46,44.27,0.19,0.4292,331517.45,1475277.19
000651.SZ,20250123,44.25,44.82,44.1,44.27,44.06,0.21,0.4766,375097.78,1667303.257
000651.SZ,20250122,44.66,44.74,43.55,44.06,44.76,-0.7,-1.5639,396855.82,1746974.884
000651.SZ,20250121,45.38,45.4,44.62,44.76,45.08,-0.32,-0.7098,300010.69,1345248.908
000651.SZ,20250120,46.02,46.38,44.7,45.08,46.0,-0.92,-2.0,618773.41,2797125.718
000651.SZ,20250117,46.15,46.39,45.54,46.0,46.3,-0.3,-0.6479,245895.47,1131875.332
000651.SZ,20250116,46.3,47.14,46.12,46.3,46.09,0.21,0.4556,297938.35,1386882.882
000651.SZ,20250115,45.52,46.84,45.46,46.09,45.64,0.45,0.986,328817.41,1521038.271
000651.SZ,20250114,44.86,45.87,44.79,45.64,44.9,0.74,1.6481,315821.75,1434156.901
000651.SZ,20250113,45.8,45.97,44.69,44.9,46.4,-1.5,-3.2328,421112.41,1903557.019
000651.SZ,20250110,47.34,47.76,46.25,46.4,47.5,-1.1,-2.3158,371612.52,1734493.429
000651.SZ,20250109,47.3,47.65,46.71,47.5,47.24,0.26,0.5504,454126.44,2148119.227
000651.SZ,20250108,45.6,47.38,45.45,47.24,45.65,1.59,3.483,778213.29,3639432.912
000651.SZ,20250107,45.81,46.36,45.1,45.65,46.02,-0.37,-0.804,444060.77,2032272.815
000651.SZ,20250106,45.94,46.52,45.28,46.02,45.74,0.28,0.6122,542128.13,2489906.993
000651.SZ,20250103,46.38,47.32,45.6,45.74,46.34,-0.6,-1.2948,527086.18,2436435.046
000651.SZ,20250102,46.48,47.48,46.0,46.34,45.45,0.89,1.9582,952532.45,4449784.976
600873.SH,20260527,10.09,10.09,9.73,9.8,10.09,-0.29,-2.8741,282956.31,279295.648
600873.SH,20260526,9.5,10.1,9.44,10.09,9.5,0.59,6.2105,598890.49,592001.014
600873.SH,20260525,9.57,9.58,9.4,9.5,9.57,-0.07,-0.7315,143397.5,135982.99
600873.SH,20260522,9.52,9.63,9.42,9.57,9.51,0.06,0.6309,209427.99,199670.977
600873.SH,20260521,9.6,9.71,9.51,9.51,9.62,-0.11,-1.1435,237834.95,228241.309
600873.SH,20260520,9.63,9.73,9.52,9.62,9.63,-0.01,-0.1038,255930.75,246875.007
600873.SH,20260519,9.31,9.69,9.25,9.63,9.31,0.32,3.4372,438030.6,416540.25
600873.SH,20260518,9.07,9.35,9.03,9.31,9.07,0.24,2.6461,380463.89,352094.978
600873.SH,20260515,9.15,9.19,9.05,9.07,9.15,-0.08,-0.8743,279284.86,254421.625
600873.SH,20260514,9.38,9.38,9.04,9.15,9.36,-0.21,-2.2436,387407.49,355784.934
600873.SH,20260513,9.51,9.57,9.34,9.36,9.49,-0.13,-1.3699,323505.09,303666.038
600873.SH,20260512,9.36,9.54,9.33,9.49,9.36,0.13,1.3889,447240.0,422884.473
600873.SH,20260511,9.3,9.42,9.19,9.36,9.38,-0.02,-0.2132,457175.83,426266.701
600873.SH,20260508,9.5,9.52,9.38,9.38,9.48,-0.1,-1.0549,355367.57,335323.889
600873.SH,20260507,9.73,9.74,9.43,9.48,9.72,-0.24,-2.4691,505779.49,480887.22
600873.SH,20260506,9.92,9.92,9.7,9.72,9.92,-0.2,-2.0161,503723.09,491853.355
600873.SH,20260430,9.98,10.06,9.9,9.92,10.02,-0.1,-0.998,319256.34,317988.266
600873.SH,20260429,10.11,10.2,9.95,10.02,10.12,-0.1,-0.9881,396449.63,397351.566
600873.SH,20260428,10.2,10.27,10.05,10.12,10.27,-0.15,-1.4606,345162.15,349781.021
600873.SH,20260427,10.15,10.39,10.01,10.27,10.15,0.12,1.1823,559196.98,570691.424
600873.SH,20260424,10.01,10.21,9.92,10.15,10.0,0.15,1.5,459919.05,462722.854
600873.SH,20260423,9.9,10.07,9.7,10.0,9.97,0.03,0.3009,1010898.34,995691.631
600873.SH,20260422,9.87,10.17,9.87,9.97,10.97,-1.0,-9.1158,1863216.36,1862635.075
600873.SH,20260421,10.8,10.99,10.73,10.97,10.79,0.18,1.6682,442930.78,480453.122
600873.SH,20260420,10.88,10.89,10.71,10.79,10.89,-0.1,-0.9183,370773.71,399348.972
600873.SH,20260417,10.83,10.97,10.79,10.89,10.85,0.04,0.3687,323951.55,352154.464
600873.SH,20260416,10.77,10.86,10.77,10.85,10.77,0.08,0.7428,256348.41,277296.182
600873.SH,20260415,10.87,10.95,10.75,10.77,10.86,-0.09,-0.8287,359447.69,388454.936
600873.SH,20260414,10.94,11.0,10.78,10.86,10.93,-0.07,-0.6404,351018.1,380290.076
600873.SH,20260413,11.03,11.03,10.83,10.93,11.03,-0.1,-0.9066,350078.79,382488.442
600873.SH,20260410,11.03,11.1,10.95,11.03,11.0,0.03,0.2727,341638.81,377291.507
600873.SH,20260409,11.29,11.3,10.96,11.0,11.36,-0.36,-3.169,516346.63,572083.544
600873.SH,20260408,11.28,11.44,11.21,11.36,11.27,0.09,0.7986,586399.01,663346.39
600873.SH,20260407,11.17,11.44,11.12,11.27,11.12,0.15,1.3489,306279.29,345596.803
600873.SH,20260403,11.32,11.35,11.06,11.12,11.32,-0.2,-1.7668,268446.0,299020.605
600873.SH,20260402,11.53,11.54,11.22,11.32,11.57,-0.25,-2.1608,323079.18,366570.685
600873.SH,20260401,11.55,11.64,11.51,11.57,11.45,0.12,1.048,263819.55,305322.018
600873.SH,20260331,11.66,11.8,11.45,11.45,11.68,-0.23,-1.9692,315643.0,365218.06
600873.SH,20260330,11.47,11.72,11.41,11.68,11.57,0.11,0.9507,443994.01,516994.028
600873.SH,20260327,11.34,11.66,11.32,11.57,11.48,0.09,0.784,332635.22,384286.606
600873.SH,20260326,11.55,11.72,11.44,11.48,11.53,-0.05,-0.4337,382703.58,442921.634
600873.SH,20260325,11.25,11.63,11.18,11.53,11.22,0.31,2.7629,530170.74,608170.603
600873.SH,20260324,11.18,11.22,10.89,11.22,11.02,0.2,1.8149,465505.93,514807.969
600873.SH,20260323,11.22,11.33,10.91,11.02,11.46,-0.44,-3.8394,644597.58,714276.318
600873.SH,20260320,11.95,11.99,11.44,11.46,11.87,-0.41,-3.4541,689831.2,802856.828
600873.SH,20260319,12.39,12.52,11.81,11.87,12.44,-0.57,-4.582,836762.71,1010108.379
600873.SH,20260318,12.4,12.58,12.19,12.44,12.51,-0.07,-0.5596,639501.31,790010.605
600873.SH,20260317,12.6,12.99,12.48,12.51,12.83,-0.32,-2.4942,857612.1,1088880.669
600873.SH,20260316,12.95,13.24,12.5,12.83,12.81,0.02,0.1561,937774.84,1204552.075
600873.SH,20260313,12.7,12.89,12.47,12.81,12.7,0.11,0.8661,888893.31,1128738.068
600873.SH,20260312,12.6,13.07,12.44,12.7,12.62,0.08,0.6339,1474040.66,1871175.514
600873.SH,20260311,11.48,12.62,11.39,12.62,11.47,1.15,10.0262,1192393.3,1453737.177
600873.SH,20260310,11.85,11.9,11.43,11.47,11.84,-0.37,-3.125,722375.28,836211.771
600873.SH,20260309,11.91,12.05,11.66,11.84,11.85,-0.01,-0.0844,821883.8,974441.198
600873.SH,20260306,11.18,11.92,11.16,11.85,11.18,0.67,5.9928,790099.8,917599.657
600873.SH,20260305,11.26,11.37,11.11,11.18,11.19,-0.01,-0.0894,274665.64,307743.472
600873.SH,20260304,11.11,11.37,11.11,11.19,11.32,-0.13,-1.1484,290594.67,326844.728
600873.SH,20260303,11.46,11.55,11.24,11.32,11.45,-0.13,-1.1354,375581.01,426057.428
600873.SH,20260302,11.34,11.48,11.21,11.45,11.46,-0.01,-0.0873,348743.79,396552.853
600873.SH,20260227,11.42,11.6,11.34,11.46,11.42,0.04,0.3503,273670.89,314144.96
600873.SH,20260226,11.33,11.5,11.27,11.42,11.33,0.09,0.7944,354526.16,404846.763
600873.SH,20260225,11.1,11.35,11.1,11.33,11.1,0.23,2.0721,397396.41,448425.864
600873.SH,20260224,11.09,11.16,11.01,11.1,11.02,0.08,0.726,229722.23,255086.019
600873.SH,20260213,11.15,11.19,11.0,11.02,11.15,-0.13,-1.1659,247263.36,274066.718
600873.SH,20260212,11.18,11.24,11.1,11.15,11.16,-0.01,-0.0896,190408.69,212532.825
600873.SH,20260211,10.96,11.2,10.95,11.16,10.97,0.19,1.732,295181.28,328590.509
600873.SH,20260210,11.02,11.03,10.9,10.97,11.04,-0.07,-0.6341,193361.84,211934.469
600873.SH,20260209,11.05,11.05,10.9,11.04,10.99,0.05,0.455,279040.21,306612.985
600873.SH,20260206,10.66,11.15,10.62,10.99,10.74,0.25,2.3277,480749.56,527218.925
600873.SH,20260205,10.73,10.81,10.65,10.74,10.72,0.02,0.1866,245305.39,263436.834
600873.SH,20260204,10.66,10.79,10.6,10.72,10.66,0.06,0.5629,256271.11,274319.81
600873.SH,20260203,10.58,10.68,10.54,10.66,10.53,0.13,1.2346,281121.0,298361.994
600873.SH,20260202,10.95,10.95,10.5,10.53,11.01,-0.48,-4.3597,481511.01,514578.514
600873.SH,20260130,11.04,11.07,10.8,11.01,11.04,-0.03,-0.2717,399114.98,437261.568
600873.SH,20260129,10.95,11.04,10.89,11.04,10.93,0.11,1.0064,372804.98,408646.701
600873.SH,20260128,10.9,11.09,10.81,10.93,10.84,0.09,0.8303,432130.64,473614.6
600873.SH,20260127,10.93,11.1,10.77,10.84,10.93,-0.09,-0.8234,318141.12,346511.304
600873.SH,20260126,10.87,10.96,10.74,10.93,10.87,0.06,0.552,430837.82,467850.838
600873.SH,20260123,10.85,10.87,10.76,10.87,10.83,0.04,0.3693,256813.01,277906.547
600873.SH,20260122,10.73,10.88,10.65,10.83,10.74,0.09,0.838,291238.91,314234.811
600873.SH,20260121,10.74,10.84,10.64,10.74,10.74,0.0,0.0,300483.24,322346.382
600873.SH,20260120,10.58,10.82,10.56,10.74,10.56,0.18,1.7045,426142.42,457112.25
600873.SH,20260119,10.36,10.56,10.32,10.56,10.37,0.19,1.8322,375126.86,393279.836
600873.SH,20260116,10.4,10.51,10.34,10.37,10.48,-0.11,-1.0496,381060.0,396880.847
600873.SH,20260115,10.34,10.59,10.34,10.48,10.16,0.32,3.1496,684038.43,717404.091
600873.SH,20260114,10.27,10.29,10.12,10.16,10.28,-0.12,-1.1673,424708.58,434264.01
600873.SH,20260113,10.21,10.31,10.19,10.28,10.22,0.06,0.5871,412511.5,422921.253
600873.SH,20260112,10.19,10.24,10.15,10.22,10.21,0.01,0.0979,290381.92,295692.237
600873.SH,20260109,10.17,10.23,10.16,10.21,10.2,0.01,0.098,249794.57,254766.073
600873.SH,20260108,10.29,10.29,10.17,10.2,10.29,-0.09,-0.8746,263310.87,268806.472
600873.SH,20260107,10.3,10.42,10.28,10.29,10.28,0.01,0.0973,306812.0,317764.129
600873.SH,20260106,10.19,10.31,10.16,10.28,10.19,0.09,0.8832,328663.68,336809.114
600873.SH,20260105,10.15,10.2,10.08,10.19,10.13,0.06,0.5923,294884.87,299150.893
600873.SH,20251231,10.15,10.2,10.09,10.13,10.16,-0.03,-0.2953,160198.33,162384.539
600873.SH,20251230,10.21,10.27,10.14,10.16,10.22,-0.06,-0.5871,206647.1,210807.201
600873.SH,20251229,10.28,10.32,10.21,10.22,10.26,-0.04,-0.3899,209299.72,214634.004
600873.SH,20251226,10.23,10.31,10.17,10.26,10.23,0.03,0.2933,201196.46,206305.315
600873.SH,20251225,10.24,10.28,10.2,10.23,10.22,0.01,0.0978,185331.0,189868.207
600873.SH,20251224,10.04,10.27,10.01,10.22,10.03,0.19,1.8943,398897.23,405331.842
600873.SH,20251223,10.05,10.07,10.0,10.03,10.04,-0.01,-0.0996,171089.27,171715.602
600873.SH,20251222,10.09,10.12,10.04,10.04,10.09,-0.05,-0.4955,197255.0,198626.236
600873.SH,20251219,10.08,10.12,10.02,10.09,10.08,0.01,0.0992,226669.68,228656.167
600873.SH,20251218,10.06,10.12,10.05,10.08,10.07,0.01,0.0993,179733.4,181365.475
600873.SH,20251217,9.99,10.11,9.98,10.07,10.0,0.07,0.7,245386.58,246710.597
600873.SH,20251216,10.04,10.08,9.97,10.0,10.05,-0.05,-0.4975,225278.92,225526.084
600873.SH,20251215,10.1,10.18,10.01,10.05,10.04,0.01,0.0996,295620.16,297300.249
600873.SH,20251212,9.99,10.23,9.96,10.04,9.95,0.09,0.9045,750689.74,757530.454
600873.SH,20251211,10.04,10.11,9.9,9.95,10.04,-0.09,-0.8964,394938.28,394110.348
600873.SH,20251210,10.01,10.08,9.93,10.04,10.02,0.02,0.1996,308693.79,309326.308
600873.SH,20251209,10.04,10.13,10.0,10.02,10.03,-0.01,-0.0997,258535.37,259831.408
600873.SH,20251208,10.15,10.17,10.01,10.03,10.13,-0.1,-0.9872,350423.0,352888.22
600873.SH,20251205,10.17,10.2,10.11,10.13,10.16,-0.03,-0.2953,211523.0,214546.971
600873.SH,20251204,10.18,10.22,10.11,10.16,10.18,-0.02,-0.1965,234590.98,238296.725
600873.SH,20251203,10.22,10.3,10.16,10.18,10.21,-0.03,-0.2938,341596.3,349025.049
600873.SH,20251202,10.2,10.36,10.16,10.21,10.17,0.04,0.3933,368959.45,377361.963
600873.SH,20251201,10.15,10.3,10.13,10.17,10.14,0.03,0.2959,366191.67,373544.828
600873.SH,20251128,10.15,10.17,10.07,10.14,10.14,0.0,0.0,153821.0,155699.318
600873.SH,20251127,10.17,10.19,10.13,10.14,10.15,-0.01,-0.0985,155789.0,158283.421
600873.SH,20251126,10.22,10.24,10.14,10.15,10.22,-0.07,-0.6849,170056.41,173190.003
600873.SH,20251125,10.12,10.24,10.06,10.22,10.13,0.09,0.8885,334609.1,339926.065
600873.SH,20251124,10.25,10.28,9.95,10.13,10.37,-0.24,-2.3144,627407.62,633751.397
600873.SH,20251121,10.6,10.67,10.36,10.37,10.62,-0.25,-2.354,388149.29,407552.156
600873.SH,20251120,10.71,10.81,10.59,10.62,10.68,-0.06,-0.5618,261191.78,279320.553
600873.SH,20251119,10.79,10.84,10.66,10.68,10.78,-0.1,-0.9276,218174.12,234228.96
600873.SH,20251118,10.89,10.94,10.74,10.78,10.89,-0.11,-1.0101,251136.53,272168.866
600873.SH,20251117,11.0,11.01,10.87,10.89,11.0,-0.11,-1.0,287619.73,314062.211
600873.SH,20251114,11.13,11.22,11.0,11.0,11.17,-0.17,-1.5219,255704.41,283424.369
600873.SH,20251113,11.18,11.22,11.11,11.17,11.17,0.0,0.0,236283.46,263571.452
600873.SH,20251112,11.18,11.26,11.15,11.17,11.16,0.01,0.0896,264613.41,296317.494
600873.SH,20251111,11.49,11.5,11.13,11.16,11.57,-0.41,-3.5436,433115.67,486742.053
600873.SH,20251110,11.5,11.64,11.45,11.57,11.52,0.05,0.434,420223.44,485298.313
600873.SH,20251107,11.59,11.62,11.48,11.52,11.55,-0.03,-0.2597,262326.38,302883.354
600873.SH,20251106,11.25,11.6,11.25,11.55,11.28,0.27,2.3936,343153.22,394965.782
600873.SH,20251105,11.38,11.47,11.21,11.28,11.44,-0.16,-1.3986,321476.09,363118.303
600873.SH,20251104,11.39,11.57,11.34,11.44,11.37,0.07,0.6157,460074.16,527092.463
600873.SH,20251103,11.2,11.38,11.14,11.37,11.17,0.2,1.7905,451350.15,508815.08
600873.SH,20251031,11.06,11.21,11.02,11.17,11.08,0.09,0.8123,313444.62,349064.151
600873.SH,20251030,10.88,11.22,10.76,11.08,10.96,0.12,1.0949,537349.68,594728.355
600873.SH,20251029,10.82,10.97,10.72,10.96,10.8,0.16,1.4815,162044.59,176022.994
600873.SH,20251028,10.91,10.96,10.78,10.8,10.9,-0.1,-0.9174,142836.53,155218.75
600873.SH,20251027,10.83,10.94,10.78,10.9,10.81,0.09,0.8326,169838.12,184988.092
600873.SH,20251024,10.83,10.95,10.75,10.81,10.79,0.02,0.1854,172247.91,186587.77
600873.SH,20251023,10.72,10.83,10.65,10.79,10.67,0.12,1.1246,188267.31,202117.36
600873.SH,20251022,10.71,10.75,10.66,10.67,10.7,-0.03,-0.2804,125299.54,134080.174
600873.SH,20251021,10.68,10.78,10.65,10.7,10.65,0.05,0.4695,170537.83,182818.683
600873.SH,20251020,10.83,10.86,10.63,10.65,10.82,-0.17,-1.5712,205740.96,219820.931
600873.SH,20251017,10.9,10.97,10.8,10.82,10.9,-0.08,-0.7339,152069.0,165420.721
600873.SH,20251016,11.0,11.04,10.87,10.9,10.99,-0.09,-0.8189,178314.57,195151.398
600873.SH,20251015,10.9,11.05,10.85,10.99,10.9,0.09,0.8257,287763.05,316617.143
600873.SH,20251014,10.87,11.02,10.8,10.9,10.84,0.06,0.5535,299970.39,328160.932
600873.SH,20251013,10.73,10.89,10.71,10.84,10.93,-0.09,-0.8234,230712.26,249611.049
600873.SH,20251010,10.79,11.01,10.73,10.93,10.83,0.1,0.9234,325328.06,355225.162
600873.SH,20251009,10.61,10.84,10.57,10.83,10.61,0.22,2.0735,282303.62,303207.57
600873.SH,20250930,10.63,10.71,10.57,10.61,10.64,-0.03,-0.282,137940.57,146626.571
600873.SH,20250929,10.64,10.66,10.52,10.64,10.66,-0.02,-0.1876,154589.49,163630.624
600873.SH,20250926,10.56,10.68,10.53,10.66,10.6,0.06,0.566,135745.3,144106.731
600873.SH,20250925,10.6,10.65,10.49,10.6,10.59,0.01,0.0944,192821.02,203724.859
600873.SH,20250924,10.54,10.63,10.49,10.59,10.56,0.03,0.2841,186136.89,196351.298
600873.SH,20250923,10.6,10.64,10.42,10.56,10.6,-0.04,-0.3774,196383.55,206503.253
600873.SH,20250922,10.7,10.72,10.55,10.6,10.7,-0.1,-0.9346,205094.75,217457.654
600873.SH,20250919,10.7,10.76,10.66,10.7,10.7,0.0,0.0,199871.41,213950.085
600873.SH,20250918,10.87,10.88,10.66,10.7,10.86,-0.16,-1.4733,268471.19,288869.079
600873.SH,20250917,10.87,10.96,10.83,10.86,10.88,-0.02,-0.1838,165919.91,180627.098
600873.SH,20250916,11.02,11.03,10.79,10.88,11.0,-0.12,-1.0909,244413.49,265701.194
600873.SH,20250915,11.04,11.18,11.0,11.0,11.04,-0.04,-0.3623,187070.53,207047.148
600873.SH,20250912,11.17,11.19,10.97,11.04,11.17,-0.13,-1.1638,262928.48,290752.139
600873.SH,20250911,11.1,11.19,11.04,11.17,11.16,0.01,0.0896,206111.44,229117.134
600873.SH,20250910,11.25,11.26,11.06,11.16,11.26,-0.1,-0.8881,201291.22,224014.269
600873.SH,20250909,11.19,11.31,11.13,11.26,11.18,0.08,0.7156,327008.93,367485.195
600873.SH,20250908,10.84,11.2,10.8,11.18,10.83,0.35,3.2318,488592.01,542753.555
600873.SH,20250905,10.74,10.83,10.68,10.83,10.74,0.09,0.838,226824.15,244156.537
600873.SH,20250904,10.79,10.84,10.65,10.74,10.8,-0.06,-0.5556,316270.44,338922.921
600873.SH,20250903,10.94,10.98,10.77,10.8,10.94,-0.14,-1.2797,239386.12,259268.407
600873.SH,20250902,10.96,10.97,10.81,10.94,10.98,-0.04,-0.3643,438727.96,477952.187
600873.SH,20250901,11.1,11.12,10.94,10.98,11.06,-0.08,-0.7233,344031.65,378137.625
600873.SH,20250829,10.98,11.16,10.97,11.06,10.97,0.09,0.8204,408199.76,451729.689
600873.SH,20250828,11.01,11.1,10.81,10.97,11.03,-0.06,-0.544,393578.3,431800.267
600873.SH,20250827,11.38,11.39,11.03,11.03,11.36,-0.33,-2.9049,357719.48,400657.273
600873.SH,20250826,11.04,11.39,11.0,11.36,11.04,0.32,2.8986,601619.23,677068.641
600873.SH,20250825,11.03,11.08,11.0,11.04,11.01,0.03,0.2725,391512.88,431898.248
600873.SH,20250822,11.08,11.09,10.93,11.01,11.06,-0.05,-0.4521,420183.69,461495.474
600873.SH,20250821,11.12,11.13,11.01,11.06,11.08,-0.02,-0.1805,394842.51,436996.876
600873.SH,20250820,11.0,11.08,10.75,11.08,10.98,0.1,0.9107,527009.89,574913.408
600873.SH,20250819,11.06,11.1,10.98,10.98,11.04,-0.06,-0.5435,268466.29,295607.28
600873.SH,20250818,11.03,11.11,10.98,11.04,11.02,0.02,0.1815,373806.02,412600.482
600873.SH,20250815,10.96,11.04,10.85,11.02,10.96,0.06,0.5474,349701.8,382685.354
600873.SH,20250814,11.04,11.12,10.93,10.96,11.01,-0.05,-0.4541,308132.54,339328.2
600873.SH,20250813,11.02,11.04,10.94,11.01,10.99,0.02,0.182,361118.92,396989.127
600873.SH,20250812,10.97,11.09,10.94,10.99,10.97,0.02,0.1823,224702.4,247217.854
600873.SH,20250811,11.08,11.1,10.94,10.97,11.05,-0.08,-0.724,311557.5,342145.324
600873.SH,20250808,11.02,11.08,10.99,11.05,11.02,0.03,0.2722,209007.15,230915.591
600873.SH,20250807,11.11,11.15,10.99,11.02,11.12,-0.1,-0.8993,248637.17,274872.506
600873.SH,20250806,11.17,11.21,11.08,11.12,11.2,-0.08,-0.7143,231988.63,257861.799
600873.SH,20250805,11.2,11.24,11.15,11.2,11.19,0.01,0.0894,200377.51,224081.09
600873.SH,20250804,11.16,11.29,11.12,11.19,11.16,0.03,0.2688,233334.0,261226.924
600873.SH,20250801,11.25,11.43,11.11,11.16,11.25,-0.09,-0.8,260146.44,292116.957
600873.SH,20250731,11.7,11.71,11.21,11.25,11.65,-0.4,-3.4335,346666.68,394215.643
600873.SH,20250730,11.26,11.77,11.22,11.65,11.24,0.41,3.6477,465578.1,540339.105
600873.SH,20250729,11.22,11.24,11.11,11.24,11.22,0.02,0.1783,184847.66,206529.333
600873.SH,20250728,11.3,11.37,11.2,11.22,11.29,-0.07,-0.62,177487.57,199932.607
600873.SH,20250725,11.24,11.39,11.21,11.29,11.22,0.07,0.6239,297642.49,336656.231
600873.SH,20250724,11.13,11.24,11.09,11.22,11.13,0.09,0.8086,301643.68,337060.222
600873.SH,20250723,11.1,11.22,11.08,11.13,11.06,0.07,0.6329,383985.03,428256.414
600873.SH,20250722,10.95,11.07,10.92,11.06,10.88,0.18,1.6544,359989.07,396070.882
600873.SH,20250721,10.85,10.93,10.75,10.88,10.8,0.08,0.7407,267132.6,290041.444
600873.SH,20250718,10.81,10.84,10.73,10.8,10.81,-0.01,-0.0925,176892.01,190762.235
600873.SH,20250717,10.76,10.83,10.75,10.81,10.78,0.03,0.2783,157367.46,169678.392
600873.SH,20250716,10.86,10.93,10.75,10.78,10.86,-0.08,-0.7366,170388.86,184052.712
600873.SH,20250715,10.89,11.02,10.83,10.86,10.89,-0.03,-0.2755,185573.64,202329.386
600873.SH,20250714,10.81,10.97,10.8,10.89,10.79,0.1,0.9268,226793.82,247406.678
600873.SH,20250711,10.81,10.9,10.78,10.79,10.8,-0.01,-0.0926,291655.09,315726.969
600873.SH,20250710,10.82,10.85,10.76,10.8,10.81,-0.01,-0.0925,153973.21,166310.999
600873.SH,20250709,10.95,10.98,10.74,10.81,10.94,-0.13,-1.1883,222984.66,241833.804
600873.SH,20250708,11.07,11.13,10.92,10.94,11.08,-0.14,-1.2635,241890.27,265839.991
600873.SH,20250707,11.11,11.13,10.97,11.08,11.05,0.03,0.2715,150063.81,166050.271
600873.SH,20250704,11.14,11.21,11.0,11.05,11.14,-0.09,-0.8079,169450.85,187846.957
600873.SH,20250703,10.97,11.21,10.97,11.14,10.99,0.15,1.3649,265621.1,295896.302
600873.SH,20250702,10.85,11.03,10.8,10.99,10.85,0.14,1.2903,245006.01,268410.5
600873.SH,20250701,10.7,10.87,10.68,10.85,10.69,0.16,1.4967,197126.22,212959.699
600873.SH,20250630,10.76,10.79,10.63,10.69,10.76,-0.07,-0.6506,194074.25,207416.323
600873.SH,20250627,10.69,10.82,10.64,10.76,10.65,0.11,1.0329,184679.55,198879.383
600873.SH,20250626,10.74,10.75,10.61,10.65,10.73,-0.08,-0.7456,214782.35,229047.317
600873.SH,20250625,10.82,10.9,10.68,10.73,10.85,-0.12,-1.106,191482.17,205567.629
600873.SH,20250624,10.77,10.89,10.73,10.85,10.78,0.07,0.6494,175750.22,190205.541
600873.SH,20250623,10.88,10.99,10.66,10.78,10.9,-0.12,-1.1009,178470.35,192066.211
600873.SH,20250620,10.74,10.96,10.66,10.9,10.76,0.14,1.3011,229931.5,249995.974
600873.SH,20250619,10.67,10.78,10.67,10.76,10.7,0.06,0.5607,151577.96,162364.103
600873.SH,20250618,10.78,10.83,10.63,10.7,10.78,-0.08,-0.7421,185430.0,198686.164
600873.SH,20250617,10.68,10.99,10.64,10.78,10.63,0.15,1.4111,316366.74,342707.332
600873.SH,20250616,10.73,10.86,10.62,10.63,10.78,-0.15,-1.3915,183004.8,196110.446
600873.SH,20250613,10.74,10.78,10.66,10.78,10.73,0.05,0.466,154244.51,165607.407
600873.SH,20250612,10.73,10.75,10.62,10.73,10.69,0.04,0.3742,114129.0,122156.128
600873.SH,20250611,10.72,10.82,10.68,10.69,10.72,-0.03,-0.2799,193898.6,208104.213
600873.SH,20250610,10.75,10.83,10.67,10.72,10.68,0.04,0.3745,197377.5,211847.606
600873.SH,20250609,10.66,10.76,10.62,10.68,10.61,0.07,0.6598,167310.26,178957.313
600873.SH,20250606,10.58,10.7,10.57,10.61,10.58,0.03,0.2836,148337.18,157908.617
600873.SH,20250605,10.61,10.64,10.5,10.58,10.59,-0.01,-0.0944,122430.65,129262.534
600873.SH,20250604,10.53,10.62,10.51,10.59,10.53,0.06,0.5698,131385.31,138961.591
600873.SH,20250603,10.45,10.55,10.38,10.53,10.48,0.05,0.4771,164173.88,172016.846
600873.SH,20250530,10.55,10.61,10.48,10.48,10.56,-0.08,-0.7576,129447.4,136397.562
600873.SH,20250529,10.58,10.62,10.49,10.56,10.58,-0.02,-0.189,153271.0,161923.166
600873.SH,20250528,10.6,10.64,10.54,10.58,10.61,-0.03,-0.2828,93744.21,99277.847
600873.SH,20250527,10.55,10.64,10.5,10.61,10.54,0.07,0.6641,130471.08,137824.911
600873.SH,20250526,10.68,10.74,10.51,10.54,10.68,-0.14,-1.3109,168561.98,178520.138
600873.SH,20250523,10.71,10.8,10.65,10.68,10.62,0.06,0.565,184654.88,198203.952
600873.SH,20250522,11.09,11.15,10.97,11.04,11.1,-0.06,-0.5405,173517.47,191581.683
600873.SH,20250521,11.12,11.15,11.03,11.1,11.13,-0.03,-0.2695,154318.94,171272.66
600873.SH,20250520,11.18,11.21,10.97,11.13,11.16,-0.03,-0.2688,195229.27,216919.53
600873.SH,20250519,11.16,11.27,11.1,11.16,11.09,0.07,0.6312,180330.23,201568.178
600873.SH,20250516,10.99,11.11,10.93,11.09,10.99,0.1,0.9099,136896.58,151079.957
600873.SH,20250515,11.0,11.15,10.96,10.99,10.99,0.0,0.0,136504.54,150762.634
600873.SH,20250514,10.91,11.02,10.82,10.99,10.96,0.03,0.2737,150126.0,164392.044
600873.SH,20250513,10.87,10.98,10.73,10.96,10.87,0.09,0.828,177384.26,193225.83
600873.SH,20250512,10.89,10.95,10.75,10.87,10.87,0.0,0.0,238073.99,257706.242
600873.SH,20250509,10.88,10.99,10.85,10.87,10.89,-0.02,-0.1837,132334.12,144378.131
600873.SH,20250508,10.98,10.98,10.8,10.89,10.98,-0.09,-0.8197,178766.55,194502.461
600873.SH,20250507,11.04,11.1,10.96,10.98,11.02,-0.04,-0.363,185388.06,204243.293
600873.SH,20250506,11.0,11.05,10.83,11.02,10.96,0.06,0.5474,263113.27,288174.664
600873.SH,20250430,11.13,11.2,10.94,10.96,11.12,-0.16,-1.4388,168284.16,185635.64
600873.SH,20250429,10.91,11.15,10.91,11.12,11.03,0.09,0.816,143985.41,159626.73
600873.SH,20250428,10.98,11.1,10.95,11.03,10.98,0.05,0.4554,154136.84,169801.301
600873.SH,20250425,11.0,11.18,10.96,10.98,11.0,-0.02,-0.1818,214174.02,236517.102
600873.SH,20250424,10.87,11.03,10.83,11.0,10.89,0.11,1.0101,216271.51,236615.157
600873.SH,20250423,11.17,11.22,10.87,10.89,11.2,-0.31,-2.7679,327601.99,359731.241
600873.SH,20250422,11.17,11.39,10.84,11.2,10.86,0.34,3.1308,584265.0,653585.863
600873.SH,20250421,10.89,10.9,10.72,10.86,10.89,-0.03,-0.2755,138785.61,150130.982
600873.SH,20250418,10.8,10.92,10.68,10.89,10.8,0.09,0.8333,171824.55,185604.406
600873.SH,20250417,10.74,10.94,10.69,10.8,10.81,-0.01,-0.0925,165159.83,178978.724
600873.SH,20250416,10.77,10.83,10.68,10.81,10.77,0.04,0.3714,146411.0,157518.898
600873.SH,20250415,10.7,10.91,10.65,10.77,10.76,0.01,0.0929,212610.14,229318.883
600873.SH,20250414,10.79,10.8,10.57,10.76,10.8,-0.04,-0.3704,302056.08,321999.346
600873.SH,20250411,10.91,10.98,10.63,10.8,10.97,-0.17,-1.5497,334671.38,360831.619
600873.SH,20250410,10.72,11.05,10.72,10.97,10.99,-0.02,-0.182,442780.87,482880.482
600873.SH,20250409,10.95,11.03,10.58,10.99,10.88,0.11,1.011,632159.73,686935.513
600873.SH,20250408,10.32,10.97,10.25,10.88,10.33,0.55,5.3243,832126.05,889818.024
600873.SH,20250407,10.28,10.78,10.11,10.33,10.48,-0.15,-1.4313,676829.81,707908.319
600873.SH,20250403,10.32,10.55,10.28,10.48,10.42,0.06,0.5758,164750.15,172304.414
600873.SH,20250402,10.43,10.49,10.38,10.42,10.43,-0.01,-0.0959,124548.92,130068.658
600873.SH,20250401,10.33,10.55,10.24,10.43,10.34,0.09,0.8704,227057.11,237263.367
600873.SH,20250331,10.25,10.44,10.21,10.34,10.26,0.08,0.7797,170750.3,176736.162
600873.SH,20250328,10.34,10.41,10.22,10.26,10.35,-0.09,-0.8696,134733.8,138685.421
600873.SH,20250327,10.24,10.38,10.21,10.35,10.25,0.1,0.9756,192955.05,199254.449
600873.SH,20250326,10.45,10.45,10.21,10.25,10.47,-0.22,-2.1012,231046.0,237834.549
600873.SH,20250325,10.5,10.6,10.4,10.47,10.52,-0.05,-0.4753,197606.99,207113.553
600873.SH,20250324,10.29,10.62,10.26,10.52,10.3,0.22,2.1359,376573.92,395348.233
600873.SH,20250321,10.2,10.38,10.12,10.3,10.25,0.05,0.4878,257058.13,262903.523
600873.SH,20250320,10.45,10.45,10.22,10.25,10.41,-0.16,-1.537,192536.49,198422.544
600873.SH,20250319,10.14,10.45,10.1,10.41,10.16,0.25,2.4606,405523.13,420645.571
600873.SH,20250318,9.89,10.28,9.86,10.16,9.81,0.35,3.5678,439984.39,445844.557
600873.SH,20250317,9.9,9.97,9.81,9.81,9.88,-0.07,-0.7085,161346.32,159577.77
600873.SH,20250314,9.84,9.95,9.82,9.88,9.85,0.03,0.3046,179396.55,177168.135
600873.SH,20250313,9.83,9.97,9.77,9.85,9.83,0.02,0.2035,146655.0,144832.536
600873.SH,20250312,9.69,9.9,9.55,9.83,9.71,0.12,1.2358,226823.88,222687.357
600873.SH,20250311,9.54,9.71,9.48,9.71,9.54,0.17,1.782,201956.38,194201.373
600873.SH,20250310,9.64,9.68,9.49,9.54,9.63,-0.09,-0.9346,173653.15,166026.39
600873.SH,20250307,9.56,9.74,9.56,9.63,9.66,-0.03,-0.3106,233545.86,225936.876
600873.SH,20250306,9.44,9.72,9.39,9.66,9.35,0.31,3.3155,453690.66,436415.844
600873.SH,20250305,9.26,9.38,9.21,9.35,9.23,0.12,1.3001,203024.3,189325.596
600873.SH,20250304,9.14,9.27,9.1,9.23,9.14,0.09,0.9847,214538.26,197568.732
600873.SH,20250303,9.26,9.33,9.09,9.14,9.26,-0.12,-1.2959,297372.46,272629.916
600873.SH,20250228,9.3,9.4,9.23,9.26,9.31,-0.05,-0.5371,216841.54,201727.094
600873.SH,20250227,9.21,9.31,9.18,9.31,9.2,0.11,1.1957,245016.64,226866.947
600873.SH,20250226,9.18,9.31,9.16,9.2,9.16,0.04,0.4367,204313.26,188213.679
600873.SH,20250225,9.21,9.25,9.14,9.16,9.22,-0.06,-0.6508,182244.99,167416.995
600873.SH,20250224,9.27,9.35,9.19,9.22,9.28,-0.06,-0.6466,250476.14,231623.417
600873.SH,20250221,9.4,9.43,9.21,9.28,9.41,-0.13,-1.3815,309247.1,287585.72
600873.SH,20250220,9.45,9.48,9.37,9.41,9.45,-0.04,-0.4233,168163.79,158449.363
600873.SH,20250219,9.56,9.59,9.4,9.45,9.56,-0.11,-1.1506,184019.0,174167.722
600873.SH,20250218,9.5,9.7,9.46,9.56,9.53,0.03,0.3148,237269.45,227918.77
600873.SH,20250217,9.76,9.76,9.36,9.53,9.92,-0.39,-3.9315,591414.87,559921.508
600873.SH,20250214,9.95,9.97,9.89,9.92,9.9,0.02,0.202,118361.45,117512.133
600873.SH,20250213,10.0,10.02,9.89,9.9,10.0,-0.1,-1.0,186670.0,185856.462
600873.SH,20250212,10.08,10.13,9.89,10.0,10.08,-0.08,-0.7937,158589.4,158223.971
600873.SH,20250211,9.9,10.11,9.82,10.08,9.89,0.19,1.9211,239355.84,239302.355
600873.SH,20250210,9.92,10.08,9.87,9.89,9.92,-0.03,-0.3024,218911.71,217529.937
600873.SH,20250207,9.92,10.0,9.78,9.92,9.91,0.01,0.1009,199205.28,197557.597
600873.SH,20250206,9.83,9.93,9.75,9.91,9.81,0.1,1.0194,175265.52,172380.969
600873.SH,20250205,10.06,10.09,9.79,9.81,10.03,-0.22,-2.1934,188477.31,186429.323
600873.SH,20250127,9.84,10.12,9.84,10.03,9.83,0.2,2.0346,198816.9,198847.401
600873.SH,20250124,9.75,9.86,9.7,9.83,9.76,0.07,0.7172,156129.97,153068.558
600873.SH,20250123,9.83,9.92,9.74,9.76,9.78,-0.02,-0.2045,118825.32,116584.006
600873.SH,20250122,9.68,9.8,9.62,9.78,9.72,0.06,0.6173,156271.17,152023.774
600873.SH,20250121,9.86,9.89,9.68,9.72,9.84,-0.12,-1.2195,176410.72,172216.044
600873.SH,20250120,9.89,10.0,9.81,9.84,9.82,0.02,0.2037,194253.01,192176.233
600873.SH,20250117,9.77,9.89,9.73,9.82,9.78,0.04,0.409,172118.02,169247.615
600873.SH,20250116,9.85,9.94,9.68,9.78,9.79,-0.01,-0.1021,187919.0,183492.367
600873.SH,20250115,9.67,9.87,9.57,9.79,9.67,0.12,1.241,262322.07,256382.831
600873.SH,20250114,9.6,9.77,9.52,9.67,9.61,0.06,0.6243,208790.42,202122.498
600873.SH,20250113,9.41,9.65,9.32,9.61,9.44,0.17,1.8008,253701.78,241061.944
600873.SH,20250110,9.6,9.61,9.44,9.44,9.58,-0.14,-1.4614,146970.48,139544.949
600873.SH,20250109,9.63,9.74,9.54,9.58,9.71,-0.13,-1.3388,199528.42,192816.386
600873.SH,20250108,9.76,9.82,9.44,9.71,9.81,-0.1,-1.0194,334165.43,321018.668
600873.SH,20250107,9.89,9.97,9.66,9.81,9.89,-0.08,-0.8089,247580.2,242082.447
600873.SH,20250106,9.85,10.02,9.79,9.89,9.83,0.06,0.6104,235988.02,233837.162
600873.SH,20250103,9.91,10.12,9.78,9.83,9.87,-0.04,-0.4053,264639.0,262972.806
600873.SH,20250102,10.05,10.15,9.82,9.87,10.03,-0.16,-1.5952,297462.66,297455.696
000786.SZ,20260527,23.1,23.18,21.86,22.09,23.09,-1.0,-4.3309,232014.59,514148.831
000786.SZ,20260526,23.86,23.97,23.02,23.09,23.86,-0.77,-3.2272,176059.07,410188.987
000786.SZ,20260525,23.8,24.03,23.66,23.86,23.78,0.08,0.3364,92264.33,219994.983
000786.SZ,20260522,23.89,23.93,23.63,23.78,23.89,-0.11,-0.4604,75086.85,178387.329
000786.SZ,20260521,24.76,24.83,23.76,23.89,24.89,-1.0,-4.0177,171870.59,415657.557
000786.SZ,20260520,24.52,24.99,24.0,24.89,24.72,0.17,0.6877,193874.58,472391.074
000786.SZ,20260519,24.63,24.74,24.29,24.72,24.61,0.11,0.447,134319.64,329591.527
000786.SZ,20260518,25.2,25.2,24.46,24.61,25.33,-0.72,-2.8425,125218.59,309195.338
000786.SZ,20260515,25.56,25.65,25.04,25.33,25.6,-0.27,-1.0547,108923.26,275929.096
000786.SZ,20260514,26.26,26.3,25.59,25.6,26.33,-0.73,-2.7725,131415.24,338898.336
000786.SZ,20260513,26.7,26.87,26.1,26.33,26.88,-0.55,-2.0461,166775.17,440606.885
000786.SZ,20260512,26.46,27.06,26.17,26.88,26.55,0.33,1.2429,177309.21,473586.269
000786.SZ,20260511,26.16,26.65,25.75,26.55,26.16,0.39,1.4908,148202.18,391143.73
000786.SZ,20260508,26.54,26.72,26.03,26.16,26.56,-0.4,-1.506,112611.22,295970.603
000786.SZ,20260507,26.56,26.78,26.31,26.56,26.54,0.02,0.0754,112127.65,297224.048
000786.SZ,20260506,25.93,26.69,25.71,26.54,25.94,0.6,2.313,188933.39,497268.462
000786.SZ,20260430,26.17,26.44,25.76,25.94,26.17,-0.23,-0.8789,170712.7,444122.883
000786.SZ,20260429,25.15,26.66,25.12,26.17,25.15,1.02,4.0557,242776.93,636783.525
000786.SZ,20260428,24.65,25.29,24.3,25.15,24.82,0.33,1.3296,164634.09,410034.303
000786.SZ,20260427,24.93,25.46,24.75,24.82,24.93,-0.11,-0.4412,142843.12,358459.528
000786.SZ,20260424,24.78,25.05,24.62,24.93,24.88,0.05,0.201,84904.23,210864.023
000786.SZ,20260423,25.3,25.43,24.43,24.88,25.31,-0.43,-1.6989,144651.09,360111.486
000786.SZ,20260422,25.4,25.48,25.04,25.31,25.54,-0.23,-0.9005,129945.83,328351.577
000786.SZ,20260421,25.55,25.73,25.34,25.54,25.68,-0.14,-0.5452,96078.71,245378.657
000786.SZ,20260420,25.51,25.98,25.43,25.68,25.67,0.01,0.039,128971.11,330652.881
000786.SZ,20260417,25.68,26.0,25.15,25.67,25.57,0.1,0.3911,161449.85,411343.038
000786.SZ,20260416,25.64,25.81,25.51,25.57,25.63,-0.06,-0.2341,111319.77,285343.67
000786.SZ,20260415,25.57,26.0,25.5,25.63,25.5,0.13,0.5098,151940.83,390171.302
000786.SZ,20260414,25.52,25.66,24.93,25.5,25.56,-0.06,-0.2347,206566.2,521542.548
000786.SZ,20260413,25.5,25.8,24.78,25.56,25.64,-0.08,-0.312,171712.17,434560.359
000786.SZ,20260410,25.88,25.98,25.42,25.64,25.86,-0.22,-0.8507,183089.62,469782.218
000786.SZ,20260409,26.02,26.4,25.47,25.86,26.22,-0.36,-1.373,170202.28,438921.641
000786.SZ,20260408,26.48,26.5,26.04,26.22,26.06,0.16,0.614,138522.41,362885.855
000786.SZ,20260407,25.76,26.47,25.7,26.06,25.75,0.31,1.2039,90509.73,237063.841
000786.SZ,20260403,26.11,26.17,25.55,25.75,26.17,-0.42,-1.6049,108363.38,279205.179
000786.SZ,20260402,25.95,26.36,25.74,26.17,26.04,0.13,0.4992,93352.56,243740.299
000786.SZ,20260401,26.46,26.64,25.94,26.04,26.08,-0.04,-0.1534,104515.5,273689.662
000786.SZ,20260331,25.97,26.68,25.85,26.08,26.02,0.06,0.2306,161087.98,424236.613
000786.SZ,20260330,24.57,26.19,24.57,26.02,24.94,1.08,4.3304,186256.93,477798.095
000786.SZ,20260327,25.15,25.72,24.87,24.94,25.18,-0.24,-0.9531,125642.17,315575.251
000786.SZ,20260326,25.01,25.64,24.84,25.18,25.48,-0.3,-1.1774,158018.68,399088.857
000786.SZ,20260325,25.45,25.8,25.11,25.48,25.33,0.15,0.5922,108968.27,278226.296
000786.SZ,20260324,24.8,25.53,24.43,25.33,24.5,0.83,3.3878,153883.23,384672.083
000786.SZ,20260323,25.0,25.0,24.13,24.5,25.45,-0.95,-3.7328,162476.57,398190.903
000786.SZ,20260320,25.86,26.02,25.38,25.45,25.8,-0.35,-1.3566,144814.06,371727.995
000786.SZ,20260319,26.42,26.72,25.7,25.8,26.63,-0.83,-3.1168,126388.38,329638.165
000786.SZ,20260318,26.54,26.77,26.08,26.63,26.53,0.1,0.3769,120202.04,317160.551
000786.SZ,20260317,26.33,27.28,26.33,26.53,26.18,0.35,1.3369,178877.6,479976.483
000786.SZ,20260316,26.06,26.68,25.98,26.18,26.08,0.1,0.3834,154326.09,405445.33
000786.SZ,20260313,26.2,27.05,25.99,26.08,26.2,-0.12,-0.458,179436.29,475372.718
000786.SZ,20260312,27.0,27.07,26.08,26.2,27.18,-0.98,-3.6056,250906.0,663374.366
000786.SZ,20260311,27.57,27.75,26.75,27.18,27.58,-0.4,-1.4503,184951.98,501915.033
000786.SZ,20260310,27.24,27.63,27.14,27.58,27.08,0.5,1.8464,119504.13,327868.254
000786.SZ,20260309,27.3,27.68,26.66,27.08,27.77,-0.69,-2.4847,244888.38,661236.009
000786.SZ,20260306,28.0,28.17,27.62,27.77,28.09,-0.32,-1.1392,200528.0,558604.768
000786.SZ,20260305,29.0,29.27,28.0,28.09,28.66,-0.57,-1.9888,190422.04,538451.628
000786.SZ,20260304,28.56,29.18,28.41,28.66,29.0,-0.34,-1.1724,173035.68,497141.3
000786.SZ,20260303,29.82,29.82,28.82,29.0,29.48,-0.48,-1.6282,287574.24,841159.713
000786.SZ,20260302,27.58,29.74,27.57,29.48,27.99,1.49,5.3233,390106.29,1132425.231
000786.SZ,20260227,28.25,28.41,27.77,27.99,28.25,-0.26,-0.9204,113603.3,318796.98
000786.SZ,20260226,28.65,28.65,27.9,28.25,28.68,-0.43,-1.4993,170260.77,479553.252
000786.SZ,20260225,27.62,29.15,27.6,28.68,27.56,1.12,4.0639,302505.92,865660.527
000786.SZ,20260224,27.34,27.78,26.95,27.56,27.05,0.51,1.8854,183083.21,500533.595
000786.SZ,20260213,28.14,28.35,27.01,27.05,28.15,-1.1,-3.9076,224872.63,615752.612
000786.SZ,20260212,28.63,28.96,28.02,28.15,28.78,-0.63,-2.189,183109.99,518710.18
000786.SZ,20260211,28.22,29.1,28.12,28.78,28.24,0.54,1.9122,192454.96,552913.441
000786.SZ,20260210,28.69,28.73,27.76,28.24,28.65,-0.41,-1.4311,203183.55,572176.361
000786.SZ,20260209,28.79,28.9,28.28,28.65,28.6,0.05,0.1748,189971.63,542754.624
000786.SZ,20260206,29.17,29.43,28.52,28.6,29.28,-0.68,-2.3224,234798.56,678712.326
000786.SZ,20260205,29.54,29.8,28.96,29.28,29.55,-0.27,-0.9137,240889.58,706361.735
000786.SZ,20260204,28.01,29.7,27.92,29.55,27.98,1.57,5.6112,526078.47,1541201.594
000786.SZ,20260203,27.2,28.16,27.0,27.98,26.9,1.08,4.0149,336490.35,927760.402
000786.SZ,20260202,27.62,27.69,26.77,26.9,27.9,-1.0,-3.5842,334134.86,904644.911
000786.SZ,20260130,28.5,28.88,27.65,27.9,28.54,-0.64,-2.2425,261440.05,734648.507
000786.SZ,20260129,27.32,28.8,27.27,28.54,27.44,1.1,4.0087,605345.99,1715257.179
000786.SZ,20260128,27.53,28.0,26.93,27.44,27.55,-0.11,-0.3993,325674.35,896291.885
000786.SZ,20260127,27.7,28.38,27.47,27.55,27.63,-0.08,-0.2895,308347.98,859583.61
000786.SZ,20260126,27.5,28.36,27.4,27.63,27.45,0.18,0.6557,339762.84,946620.855
000786.SZ,20260123,27.87,28.25,27.38,27.45,28.0,-0.55,-1.9643,275246.93,762198.279
000786.SZ,20260122,26.7,28.3,26.47,28.0,26.67,1.33,4.9869,596627.0,1652326.512
000786.SZ,20260121,26.83,26.93,26.31,26.67,26.82,-0.15,-0.5593,203206.43,540326.73
000786.SZ,20260120,25.45,26.95,25.42,26.82,25.44,1.38,5.4245,462778.01,1228009.853
000786.SZ,20260119,25.25,25.55,25.15,25.44,25.3,0.14,0.5534,106432.76,269884.746
000786.SZ,20260116,25.67,25.69,25.2,25.3,25.58,-0.28,-1.0946,146159.81,371363.538
000786.SZ,20260115,25.43,25.91,25.42,25.58,25.56,0.02,0.0782,119332.0,306029.124
000786.SZ,20260114,25.52,25.75,25.36,25.56,25.6,-0.04,-0.1563,157549.31,401962.692
000786.SZ,20260113,25.83,25.98,25.44,25.6,25.89,-0.29,-1.1201,183752.54,472003.009
000786.SZ,20260112,25.87,25.99,25.71,25.89,25.87,0.02,0.0773,125372.64,323865.936
000786.SZ,20260109,26.09,26.33,25.73,25.87,25.86,0.01,0.0387,156550.57,405668.081
000786.SZ,20260108,25.35,26.02,25.12,25.86,25.36,0.5,1.9716,218909.46,561760.042
000786.SZ,20260107,25.73,25.84,25.34,25.36,25.74,-0.38,-1.4763,166158.29,423985.404
000786.SZ,20260106,25.27,25.84,25.0,25.74,25.27,0.47,1.8599,253994.2,647112.333
000786.SZ,20260105,24.97,25.34,24.7,25.27,24.97,0.3,1.2014,181819.97,455773.191
000786.SZ,20251231,24.79,25.28,24.76,24.97,24.78,0.19,0.7667,137225.24,344169.187
000786.SZ,20251230,24.52,25.0,24.51,24.78,24.61,0.17,0.6908,97141.89,241039.231
000786.SZ,20251229,24.66,24.78,24.55,24.61,24.75,-0.14,-0.5657,101224.02,249635.193
000786.SZ,20251226,24.84,24.96,24.67,24.75,24.85,-0.1,-0.4024,93569.27,232030.05
000786.SZ,20251225,24.82,25.09,24.72,24.85,24.82,0.03,0.1209,63885.5,158688.426
000786.SZ,20251224,24.7,24.84,24.55,24.82,24.76,0.06,0.2423,66153.05,163327.961
000786.SZ,20251223,24.89,25.01,24.7,24.76,24.95,-0.19,-0.7615,72301.04,179583.42
000786.SZ,20251222,25.21,25.25,24.8,24.95,25.27,-0.32,-1.2663,103458.85,257785.954
000786.SZ,20251219,24.97,25.48,24.86,25.27,24.92,0.35,1.4045,124643.39,314278.203
000786.SZ,20251218,24.83,25.06,24.77,24.92,24.86,0.06,0.2414,60560.0,150970.082
000786.SZ,20251217,24.78,25.01,24.51,24.86,24.7,0.16,0.6478,85928.46,212925.608
000786.SZ,20251216,24.99,25.05,24.62,24.7,25.03,-0.33,-1.3184,80086.47,198731.857
000786.SZ,20251215,24.1,25.28,24.08,25.03,24.19,0.84,3.4725,222386.32,554565.848
000786.SZ,20251212,24.5,24.59,24.14,24.19,24.53,-0.34,-1.3861,142952.81,347667.717
000786.SZ,20251211,24.76,24.88,24.5,24.53,24.83,-0.3,-1.2082,78504.94,193492.934
000786.SZ,20251210,24.34,25.0,24.18,24.83,24.38,0.45,1.8458,119142.86,293896.005
000786.SZ,20251209,24.98,25.09,24.21,24.38,25.1,-0.72,-2.8685,224858.41,551861.21
000786.SZ,20251208,25.09,25.32,24.87,25.1,25.09,0.01,0.0399,118257.79,296956.114
000786.SZ,20251205,24.8,25.13,24.51,25.09,24.81,0.28,1.1286,112878.4,280352.793
000786.SZ,20251204,24.89,25.28,24.71,24.81,24.89,-0.08,-0.3214,105793.93,263859.182
000786.SZ,20251203,25.12,25.3,24.8,24.89,25.18,-0.29,-1.1517,112602.52,281789.939
000786.SZ,20251202,25.31,25.5,25.14,25.18,25.31,-0.13,-0.5136,118991.32,300848.496
000786.SZ,20251201,25.1,25.97,25.1,25.31,25.31,0.0,0.0,197549.21,504980.226
000786.SZ,20251128,24.98,25.31,24.55,25.31,25.13,0.18,0.7163,222772.81,554543.786
000786.SZ,20251127,24.86,25.5,24.4,25.13,24.59,0.54,2.196,272145.42,682317.79
000786.SZ,20251126,24.91,25.08,24.53,24.59,24.91,-0.32,-1.2846,152380.18,375987.921
000786.SZ,20251125,25.2,25.31,24.77,24.91,25.21,-0.3,-1.19,197539.79,492083.568
000786.SZ,20251124,25.25,25.5,25.07,25.21,25.27,-0.06,-0.2374,184682.02,466708.112
000786.SZ,20251121,25.07,25.57,24.96,25.27,25.27,0.0,0.0,326677.4,826436.395
000786.SZ,20251120,24.0,25.54,23.93,25.27,23.91,1.36,5.688,443162.77,1109361.79
000786.SZ,20251119,24.25,24.35,23.8,23.91,24.25,-0.34,-1.4021,103047.45,247453.023
000786.SZ,20251118,24.16,24.55,24.12,24.25,24.21,0.04,0.1652,133669.76,325821.822
000786.SZ,20251117,24.64,24.66,24.09,24.21,24.65,-0.44,-1.785,177968.24,431264.409
000786.SZ,20251114,24.53,24.95,24.46,24.65,24.65,0.0,0.0,304645.45,754019.782
000786.SZ,20251113,24.66,24.91,24.6,24.65,24.72,-0.07,-0.2832,222210.42,549340.971
000786.SZ,20251112,24.58,24.95,24.51,24.72,24.61,0.11,0.447,258062.95,637814.315
000786.SZ,20251111,24.55,24.95,24.3,24.61,24.54,0.07,0.2852,349025.62,862497.259
000786.SZ,20251110,24.39,24.66,24.18,24.54,24.3,0.24,0.9877,261450.79,639802.495
000786.SZ,20251107,24.15,24.59,24.09,24.3,24.15,0.15,0.6211,226991.66,553114.701
000786.SZ,20251106,24.2,24.35,24.11,24.15,24.26,-0.11,-0.4534,186843.15,452348.302
000786.SZ,20251105,23.58,24.4,23.49,24.26,23.68,0.58,2.4493,254899.69,616917.234
000786.SZ,20251104,24.07,24.07,23.55,23.68,24.07,-0.39,-1.6203,186461.31,441769.579
000786.SZ,20251103,23.88,24.15,23.74,24.07,23.77,0.3,1.2621,178886.08,428117.636
000786.SZ,20251031,23.56,23.89,23.55,23.77,23.57,0.2,0.8485,142750.39,338821.25
000786.SZ,20251030,23.94,24.05,23.57,23.57,23.93,-0.36,-1.5044,169224.15,402113.314
000786.SZ,20251029,23.4,24.05,23.21,23.93,23.42,0.51,2.1776,253511.49,600888.356
000786.SZ,20251028,23.56,23.65,23.25,23.42,23.65,-0.23,-0.9725,149118.0,349318.891
000786.SZ,20251027,23.23,23.83,23.09,23.65,23.44,0.21,0.8959,250943.34,591022.311
000786.SZ,20251024,23.78,23.82,23.42,23.44,23.77,-0.33,-1.3883,179349.02,422762.282
000786.SZ,20251023,23.78,24.0,23.51,23.77,23.82,-0.05,-0.2099,206793.62,490949.918
000786.SZ,20251022,23.88,24.07,23.74,23.82,23.85,-0.03,-0.1258,112211.08,268016.314
000786.SZ,20251021,23.89,23.99,23.71,23.85,23.87,-0.02,-0.0838,92544.37,220907.323
000786.SZ,20251020,24.08,24.15,23.62,23.87,23.99,-0.12,-0.5002,114962.83,273881.32
000786.SZ,20251017,24.62,24.71,23.92,23.99,24.7,-0.71,-2.8745,122056.17,296634.746
000786.SZ,20251016,24.77,25.06,24.66,24.7,24.7,0.0,0.0,117068.9,290466.667
000786.SZ,20251015,24.47,25.05,24.35,24.7,24.41,0.29,1.188,190020.98,471013.616
000786.SZ,20251014,24.26,24.65,24.21,24.41,24.2,0.21,0.8678,147473.0,360873.01
000786.SZ,20251013,24.05,24.4,23.96,24.2,24.58,-0.38,-1.546,130983.79,316397.901
000786.SZ,20251010,23.91,24.59,23.85,24.58,23.95,0.63,2.6305,240736.37,586575.878
000786.SZ,20251009,23.7,23.99,23.38,23.95,23.66,0.29,1.2257,188920.49,446879.862
000786.SZ,20250930,24.09,24.16,23.66,23.66,24.08,-0.42,-1.7442,173550.93,414190.586
000786.SZ,20250929,24.1,24.23,23.78,24.08,24.1,-0.02,-0.083,123139.63,295697.603
000786.SZ,20250926,24.18,24.18,23.88,24.1,24.21,-0.11,-0.4544,107588.9,258702.728
000786.SZ,20250925,24.35,24.44,24.14,24.21,24.2,0.01,0.0413,86480.69,209521.56
000786.SZ,20250924,24.1,24.3,24.0,24.2,24.1,0.1,0.4149,109210.98,263448.652
000786.SZ,20250923,24.28,24.34,23.74,24.1,24.35,-0.25,-1.0267,175374.96,420618.141
000786.SZ,20250922,24.8,24.86,24.27,24.35,24.78,-0.43,-1.7353,136079.5,332700.234
000786.SZ,20250919,24.8,24.97,24.71,24.78,24.85,-0.07,-0.2817,103028.62,255995.809
000786.SZ,20250918,25.28,25.28,24.77,24.85,25.29,-0.44,-1.7398,150096.62,375287.229
000786.SZ,20250917,25.17,25.36,25.01,25.29,25.16,0.13,0.5167,109534.58,275632.367
000786.SZ,20250916,25.28,25.36,25.01,25.16,25.28,-0.12,-0.4747,107428.39,270181.164
000786.SZ,20250915,25.31,25.4,25.25,25.28,25.31,-0.03,-0.1185,73773.69,186749.423
000786.SZ,20250912,25.7,25.72,25.27,25.31,25.7,-0.39,-1.5175,162343.03,413450.271
000786.SZ,20250911,25.44,25.71,25.38,25.7,25.5,0.2,0.7843,99658.96,254373.002
000786.SZ,20250910,25.99,26.0,25.49,25.5,25.95,-0.45,-1.7341,128374.22,328557.969
000786.SZ,20250909,25.83,26.04,25.71,25.95,25.89,0.06,0.2317,136864.68,354096.086
000786.SZ,20250908,25.54,25.93,25.4,25.89,25.55,0.34,1.3307,148467.08,382164.236
000786.SZ,20250905,25.45,25.56,25.35,25.55,25.5,0.05,0.1961,128930.33,328237.231
000786.SZ,20250904,25.72,25.77,25.26,25.5,25.72,-0.22,-0.8554,182650.35,464962.106
000786.SZ,20250903,25.86,25.97,25.65,25.72,25.84,-0.12,-0.4644,133575.73,344401.694
000786.SZ,20250902,26.3,26.37,25.7,25.84,26.27,-0.43,-1.6368,288264.26,746021.224
000786.SZ,20250901,26.69,26.69,26.17,26.27,26.7,-0.43,-1.6105,177957.47,468683.813
000786.SZ,20250829,26.66,27.31,26.53,26.7,26.38,0.32,1.213,183542.98,492434.221
000786.SZ,20250828,26.48,26.64,25.94,26.38,26.48,-0.1,-0.3776,153144.23,403417.968
000786.SZ,20250827,27.2,27.25,26.46,26.48,27.26,-0.78,-2.8613,225123.93,604576.842
000786.SZ,20250826,27.06,27.38,26.89,27.26,27.02,0.24,0.8882,224245.74,609621.989
000786.SZ,20250825,26.7,27.15,26.61,27.02,26.6,0.42,1.5789,291510.25,784052.88
000786.SZ,20250822,26.5,26.65,26.35,26.6,26.5,0.1,0.3774,156245.35,414106.227
000786.SZ,20250821,26.4,26.9,26.33,26.5,26.32,0.18,0.6839,233949.69,622574.282
000786.SZ,20250820,26.63,26.63,26.22,26.32,26.68,-0.36,-1.3493,168811.33,444095.722
000786.SZ,20250819,26.61,26.78,26.27,26.68,26.81,-0.13,-0.4849,236066.62,625404.844
000786.SZ,20250818,26.95,27.02,26.65,26.81,26.88,-0.07,-0.2604,167380.82,449300.687
000786.SZ,20250815,26.51,27.13,26.41,26.88,26.51,0.37,1.3957,188102.32,506139.371
000786.SZ,20250814,26.75,27.06,26.51,26.51,26.73,-0.22,-0.823,158859.64,426142.227
000786.SZ,20250813,26.84,26.9,26.56,26.73,26.84,-0.11,-0.4098,154303.05,412140.3
000786.SZ,20250812,26.74,26.86,26.6,26.84,26.79,0.05,0.1866,105123.55,280942.941
000786.SZ,20250811,26.39,26.98,26.39,26.79,26.33,0.46,1.7471,188778.51,505776.528
000786.SZ,20250808,26.22,26.55,26.16,26.33,26.22,0.11,0.4195,110423.65,291569.601
000786.SZ,20250807,26.45,26.53,26.15,26.22,26.4,-0.18,-0.6818,108866.58,285992.684
000786.SZ,20250806,26.16,26.55,26.0,26.4,26.08,0.32,1.227,186143.99,489822.748
000786.SZ,20250805,26.11,26.3,26.01,26.08,26.08,0.0,0.0,143242.46,373811.393
000786.SZ,20250804,26.03,26.13,25.9,26.08,26.1,-0.02,-0.0766,96290.73,250350.619
000786.SZ,20250801,26.12,26.2,25.87,26.1,26.09,0.01,0.0383,101146.12,263611.127
000786.SZ,20250731,26.59,26.67,26.01,26.09,26.68,-0.59,-2.2114,219554.65,574362.304
000786.SZ,20250730,26.6,27.03,26.12,26.68,26.65,0.03,0.1126,201119.08,536494.989
000786.SZ,20250729,26.64,26.99,26.35,26.65,26.59,0.06,0.2256,169944.0,451618.834
000786.SZ,20250728,26.96,27.0,26.47,26.59,26.92,-0.33,-1.2259,154796.55,411750.362
000786.SZ,20250725,27.3,27.35,26.78,26.92,27.38,-0.46,-1.6801,181440.62,489943.558
000786.SZ,20250724,27.34,27.67,27.03,27.38,27.42,-0.04,-0.1459,221258.82,605171.602
000786.SZ,20250723,28.49,28.6,27.41,27.42,28.05,-0.63,-2.246,286301.77,793787.295
000786.SZ,20250722,27.05,28.08,26.58,28.05,26.92,1.13,4.1976,387251.03,1060282.69
000786.SZ,20250721,25.99,26.96,25.97,26.92,25.75,1.17,4.5437,312118.58,829122.516
000786.SZ,20250718,25.95,26.0,25.68,25.75,25.95,-0.2,-0.7707,141318.05,364186.33
000786.SZ,20250717,26.0,26.12,25.85,25.95,26.0,-0.05,-0.1923,72667.01,188292.658
000786.SZ,20250716,25.8,26.1,25.68,26.0,25.77,0.23,0.8925,99885.25,259494.62
000786.SZ,20250715,26.46,26.85,25.65,25.77,26.51,-0.74,-2.7914,225500.8,589372.457
000786.SZ,20250714,26.5,26.94,26.41,26.51,26.5,0.01,0.0377,115979.33,308535.134
000786.SZ,20250711,26.3,26.66,26.03,26.5,26.15,0.35,1.3384,192048.91,508079.033
000786.SZ,20250710,26.72,26.8,26.05,26.15,26.8,-0.65,-2.4254,191446.15,502918.258
000786.SZ,20250709,26.9,27.27,26.71,26.8,26.88,-0.08,-0.2976,92083.22,247855.775
000786.SZ,20250708,26.85,27.4,26.85,26.88,26.83,0.05,0.1864,111924.36,303020.087
000786.SZ,20250707,26.86,27.18,26.8,26.83,26.87,-0.04,-0.1489,64579.2,174151.846
000786.SZ,20250704,26.71,26.93,26.59,26.87,26.72,0.15,0.5614,64553.51,173361.459
000786.SZ,20250703,26.49,26.98,26.49,26.72,26.39,0.33,1.2505,94124.8,252250.434
000786.SZ,20250702,26.52,26.52,26.31,26.39,26.46,-0.07,-0.2646,42425.67,111971.094
000786.SZ,20250701,26.42,26.54,26.29,26.46,26.48,-0.02,-0.0755,57719.18,152465.131
000786.SZ,20250630,26.5,26.66,26.19,26.48,26.5,-0.02,-0.0755,109927.93,289824.144
000786.SZ,20250627,26.55,26.63,26.4,26.5,26.55,-0.05,-0.1883,54536.52,144590.056
000786.SZ,20250626,26.53,26.85,26.4,26.55,26.55,0.0,0.0,90535.54,241048.81
000786.SZ,20250625,26.16,26.56,25.98,26.55,26.13,0.42,1.6073,103774.56,272508.701
000786.SZ,20250624,25.82,26.16,25.76,26.13,25.77,0.36,1.397,89952.42,234310.675
000786.SZ,20250623,25.81,25.9,25.43,25.77,25.94,-0.17,-0.6554,83165.68,213311.589
000786.SZ,20250620,25.98,26.29,25.78,25.94,25.82,0.12,0.4648,100467.39,260759.732
000786.SZ,20250619,26.0,26.18,25.76,25.82,26.04,-0.22,-0.8449,74566.69,193712.287
000786.SZ,20250618,26.39,26.39,25.92,26.04,26.39,-0.35,-1.3263,95632.36,249527.461
000786.SZ,20250617,26.59,26.67,26.3,26.39,26.57,-0.18,-0.6775,86538.82,228579.886
000786.SZ,20250616,27.02,27.16,26.52,26.57,27.08,-0.51,-1.8833,124708.96,332797.132
000786.SZ,20250613,27.68,27.68,26.92,27.08,27.64,-0.56,-2.026,107836.73,293253.459
000786.SZ,20250612,28.43,28.6,28.3,28.5,28.38,0.12,0.4228,69923.38,198810.792
000786.SZ,20250611,28.24,28.6,28.22,28.38,28.23,0.15,0.5313,83877.02,238423.057
000786.SZ,20250610,28.15,28.56,28.08,28.23,28.24,-0.01,-0.0354,104054.93,295075.712
000786.SZ,20250609,28.27,28.31,28.15,28.24,28.19,0.05,0.1774,61155.77,172508.007
000786.SZ,20250606,28.17,28.29,28.05,28.19,28.09,0.1,0.356,63455.72,178802.556
000786.SZ,20250605,28.48,28.51,28.03,28.09,28.46,-0.37,-1.3001,103619.89,291554.228
000786.SZ,20250604,28.02,28.57,28.02,28.46,28.0,0.46,1.6429,102782.72,291505.913
000786.SZ,20250603,28.51,28.65,27.81,28.0,28.67,-0.67,-2.3369,190218.03,534212.244
000786.SZ,20250530,28.54,28.84,28.35,28.67,28.58,0.09,0.3149,72198.22,206875.683
000786.SZ,20250529,28.43,28.62,28.3,28.58,28.43,0.15,0.5276,58769.61,167461.275
000786.SZ,20250528,28.39,28.55,28.21,28.43,28.34,0.09,0.3176,42992.17,121962.86
000786.SZ,20250527,28.48,28.92,28.31,28.34,28.5,-0.16,-0.5614,80291.75,229408.204
000786.SZ,20250526,28.47,28.63,28.34,28.5,28.42,0.08,0.2815,43186.0,123038.621
000786.SZ,20250523,28.61,28.75,28.42,28.42,28.6,-0.18,-0.6294,54450.0,155509.205
000786.SZ,20250522,29.01,29.04,28.53,28.6,29.1,-0.5,-1.7182,91781.42,263349.721
000786.SZ,20250521,29.07,29.16,28.84,29.1,29.07,0.03,0.1032,57073.46,165382.535
000786.SZ,20250520,29.35,29.44,28.97,29.07,29.36,-0.29,-0.9877,83743.58,243948.86
000786.SZ,20250519,29.31,29.73,29.23,29.36,29.35,0.01,0.0341,52204.3,153877.3
000786.SZ,20250516,28.88,29.92,28.88,29.35,28.83,0.52,1.8037,99703.12,294106.983
000786.SZ,20250515,29.1,29.25,28.81,28.83,29.21,-0.38,-1.3009,60157.78,174551.956
000786.SZ,20250514,29.39,29.39,29.13,29.21,29.36,-0.15,-0.5109,72999.45,213378.926
000786.SZ,20250513,29.36,29.7,29.2,29.36,29.24,0.12,0.4104,68028.75,200362.786
000786.SZ,20250512,29.66,30.04,29.07,29.24,29.48,-0.24,-0.8141,125016.62,368024.858
000786.SZ,20250509,29.3,29.69,29.14,29.48,29.36,0.12,0.4087,103416.76,305156.144
000786.SZ,20250508,29.09,29.46,28.65,29.36,29.06,0.3,1.0323,139565.99,406951.95
000786.SZ,20250507,28.98,30.12,28.93,29.06,28.39,0.67,2.36,247721.78,731349.663
000786.SZ,20250506,28.2,28.4,28.0,28.39,28.02,0.37,1.3205,143102.22,402962.509
000786.SZ,20250430,28.45,28.47,27.99,28.02,28.38,-0.36,-1.2685,123602.72,347998.862
000786.SZ,20250429,28.6,28.76,28.36,28.38,28.64,-0.26,-0.9078,67235.32,191588.723
000786.SZ,20250428,29.54,29.58,28.5,28.64,29.53,-0.89,-3.0139,141253.51,406167.125
000786.SZ,20250425,29.74,29.99,28.82,29.53,30.0,-0.47,-1.5667,150550.36,442774.095
000786.SZ,20250424,29.63,30.1,29.59,30.0,29.65,0.35,1.1804,69957.46,209265.06
000786.SZ,20250423,29.96,30.15,29.65,29.65,29.96,-0.31,-1.0347,79119.18,236498.429
000786.SZ,20250422,29.5,30.06,29.36,29.96,29.56,0.4,1.3532,84971.69,253885.631
000786.SZ,20250421,29.94,30.14,29.51,29.56,30.0,-0.44,-1.4667,70446.45,208962.734
000786.SZ,20250418,29.88,30.15,29.68,30.0,30.08,-0.08,-0.266,62318.02,186219.525
000786.SZ,20250417,29.0,30.3,28.83,30.08,29.13,0.95,3.2612,179469.04,537047.143
000786.SZ,20250416,28.91,29.2,28.67,29.13,29.0,0.13,0.4483,86125.61,249183.716
000786.SZ,20250415,29.02,29.19,28.51,29.0,29.02,-0.02,-0.0689,86565.52,249557.364
000786.SZ,20250414,29.59,29.78,28.93,29.02,29.62,-0.6,-2.0257,132687.08,387987.192
000786.SZ,20250411,30.11,30.26,29.2,29.62,30.42,-0.8,-2.6298,116241.54,344610.036
000786.SZ,20250410,30.08,30.71,29.91,30.42,30.24,0.18,0.5952,133562.24,404456.166
000786.SZ,20250409,28.6,30.58,28.2,30.24,28.86,1.38,4.7817,239352.24,705003.754
000786.SZ,20250408,28.4,29.35,28.35,28.86,28.34,0.52,1.8349,193746.71,559034.238
000786.SZ,20250407,28.1,28.99,27.36,28.34,29.59,-1.25,-4.2244,174860.02,495390.44
000786.SZ,20250403,29.21,30.0,29.04,29.59,29.46,0.13,0.4413,114809.37,341045.7
000786.SZ,20250402,30.08,30.2,29.4,29.46,30.11,-0.65,-2.1588,76733.57,228418.503
000786.SZ,20250401,29.02,30.27,28.95,30.11,29.1,1.01,3.4708,139374.86,416469.686
000786.SZ,20250331,29.12,29.42,28.76,29.1,29.05,0.05,0.1721,110109.51,320491.465
000786.SZ,20250328,28.64,29.35,28.64,29.05,28.77,0.28,0.9732,111156.87,323696.552
000786.SZ,20250327,28.0,29.03,27.7,28.77,28.83,-0.06,-0.2081,201516.01,573227.601
000786.SZ,20250326,29.5,29.62,28.82,28.83,29.45,-0.62,-2.1053,117042.9,339526.89
000786.SZ,20250325,29.9,30.06,29.4,29.45,29.98,-0.53,-1.7678,84901.52,251495.406
000786.SZ,20250324,30.23,30.48,29.76,29.98,30.25,-0.27,-0.8926,92822.99,278755.071
000786.SZ,20250321,30.11,30.7,30.02,30.25,30.2,0.05,0.1656,75191.25,227974.294
000786.SZ,20250320,30.6,30.84,30.14,30.2,30.72,-0.52,-1.6927,62376.4,189788.28
000786.SZ,20250319,30.68,30.94,30.5,30.72,30.75,-0.03,-0.0976,68324.02,209406.239
000786.SZ,20250318,30.88,31.14,30.43,30.75,31.0,-0.25,-0.8065,67298.0,206447.022
000786.SZ,20250317,30.4,31.2,30.4,31.0,30.27,0.73,2.4116,137752.0,426146.429
000786.SZ,20250314,30.02,30.3,29.73,30.27,30.0,0.27,0.9,145098.25,435258.848
000786.SZ,20250313,29.8,30.37,29.73,30.0,29.85,0.15,0.5025,95012.68,285494.139
000786.SZ,20250312,30.14,30.15,29.61,29.85,30.16,-0.31,-1.0279,67609.44,201891.072
000786.SZ,20250311,29.8,30.18,29.61,30.16,30.06,0.1,0.3327,86740.13,260029.944
000786.SZ,20250310,29.75,30.28,29.55,30.06,29.51,0.55,1.8638,145386.56,435676.337
000786.SZ,20250307,29.45,29.68,29.32,29.51,29.58,-0.07,-0.2366,92097.59,272153.476
000786.SZ,20250306,29.71,29.92,29.03,29.58,29.65,-0.07,-0.2361,147265.63,431300.683
000786.SZ,20250305,29.49,30.0,29.31,29.65,29.54,0.11,0.3724,117242.56,348405.585
000786.SZ,20250304,29.2,29.68,29.1,29.54,29.18,0.36,1.2337,132023.67,389616.361
000786.SZ,20250303,28.9,29.42,28.9,29.18,28.81,0.37,1.2843,141462.57,412915.848
000786.SZ,20250228,28.52,29.42,28.45,28.81,28.61,0.2,0.6991,225327.3,655297.876
000786.SZ,20250227,28.16,28.68,28.13,28.61,28.22,0.39,1.382,151253.98,430495.972
000786.SZ,20250226,28.34,28.75,28.0,28.22,28.33,-0.11,-0.3883,139154.56,392983.113
000786.SZ,20250225,28.9,29.0,28.26,28.33,29.03,-0.7,-2.4113,144771.9,413575.332
000786.SZ,20250224,28.52,29.5,28.43,29.03,28.53,0.5,1.7525,187550.09,547364.146
000786.SZ,20250221,28.87,29.0,28.28,28.53,28.92,-0.39,-1.3485,161186.26,459708.176
000786.SZ,20250220,28.8,28.97,28.5,28.92,28.82,0.1,0.347,74306.16,213894.491
000786.SZ,20250219,28.72,28.95,28.42,28.82,28.83,-0.01,-0.0347,116315.9,333644.505
000786.SZ,20250218,29.16,29.27,28.71,28.83,29.15,-0.32,-1.0978,105721.91,306470.291
000786.SZ,20250217,29.8,29.8,28.89,29.15,29.8,-0.65,-2.1812,205537.94,598480.278
000786.SZ,20250214,30.1,30.44,29.41,29.8,30.18,-0.38,-1.2591,123587.64,368369.455
000786.SZ,20250213,29.59,30.6,29.4,30.18,29.52,0.66,2.2358,237620.74,718386.22
000786.SZ,20250212,29.32,29.52,29.05,29.52,29.43,0.09,0.3058,104097.0,304703.406
000786.SZ,20250211,29.35,30.04,29.35,29.43,29.4,0.03,0.102,130850.77,386746.624
000786.SZ,20250210,29.42,29.5,29.19,29.4,29.46,-0.06,-0.2037,98782.95,289627.415
000786.SZ,20250207,29.26,29.67,28.95,29.46,29.31,0.15,0.5118,149221.64,439144.165
000786.SZ,20250206,30.02,30.03,28.99,29.31,30.02,-0.71,-2.3651,198185.32,580748.912
000786.SZ,20250205,31.28,31.4,29.81,30.02,31.28,-1.26,-4.0281,150775.14,454358.134
000786.SZ,20250127,30.76,31.78,30.68,31.28,30.65,0.63,2.0555,145803.48,457359.922
000786.SZ,20250124,30.13,30.76,30.03,30.65,30.18,0.47,1.5573,111200.98,337782.279
000786.SZ,20250123,30.42,30.57,29.83,30.18,30.23,-0.05,-0.1654,101014.38,305107.017
000786.SZ,20250122,30.27,30.59,29.79,30.23,30.41,-0.18,-0.5919,84894.0,256208.129
000786.SZ,20250121,29.96,30.9,29.5,30.41,29.91,0.5,1.6717,136771.51,415212.865
000786.SZ,20250120,30.8,31.03,29.78,29.91,30.8,-0.89,-2.8896,141690.42,430178.137
000786.SZ,20250117,30.14,31.09,29.18,30.8,30.39,0.41,1.3491,180797.44,547739.285
000786.SZ,20250116,30.48,30.89,30.23,30.39,30.39,0.0,0.0,110311.24,337026.823
000786.SZ,20250115,30.95,30.95,30.3,30.39,30.98,-0.59,-1.9045,105127.86,320705.212
000786.SZ,20250114,30.43,31.06,29.85,30.98,30.49,0.49,1.6071,178134.55,544710.023
000786.SZ,20250113,30.08,31.22,30.0,30.49,30.47,0.02,0.0656,115373.61,353308.793
000786.SZ,20250110,30.9,31.23,30.45,30.47,30.72,-0.25,-0.8138,103487.62,317964.152
000786.SZ,20250109,30.8,31.03,30.18,30.72,30.89,-0.17,-0.5503,123927.52,381403.53
000786.SZ,20250108,31.09,31.65,30.7,30.89,31.1,-0.21,-0.6752,180777.15,561907.406
000786.SZ,20250107,31.36,31.52,30.66,31.1,31.42,-0.32,-1.0185,223777.31,694209.872
000786.SZ,20250106,32.3,32.3,31.07,31.42,32.49,-1.07,-3.2933,278699.13,880267.392
000786.SZ,20250103,32.21,33.5,31.77,32.49,32.21,0.28,0.8693,408340.65,1334205.761
000786.SZ,20250102,31.22,32.25,30.82,32.21,30.31,1.9,6.2686,417595.32,1322889.271
600036.SH,20260527,37.01,37.19,36.78,37.0,37.0,0.0,0.0,845146.27,3125360.325
600036.SH,20260526,36.94,37.29,36.9,37.0,36.94,0.06,0.1624,706202.9,2617323.723
600036.SH,20260525,37.01,37.26,36.9,36.94,37.02,-0.08,-0.2161,710668.33,2631256.789
600036.SH,20260522,37.1,37.33,36.97,37.02,37.15,-0.13,-0.3499,797617.12,2961273.37
600036.SH,20260521,37.18,37.34,37.11,37.15,37.17,-0.02,-0.0538,725199.69,2698141.548
600036.SH,20260520,37.37,37.44,37.17,37.17,37.37,-0.2,-0.5352,693184.22,2582329.893
600036.SH,20260519,37.48,37.74,37.34,37.37,37.47,-0.1,-0.2669,719910.07,2698787.184
600036.SH,20260518,37.65,37.66,37.35,37.47,37.65,-0.18,-0.4781,707684.1,2651016.863
600036.SH,20260515,37.81,37.97,37.61,37.65,37.81,-0.16,-0.4232,821737.96,3101358.446
600036.SH,20260514,37.81,38.02,37.73,37.81,37.88,-0.07,-0.1848,867867.9,3286217.937
600036.SH,20260513,37.96,38.09,37.85,37.88,37.9,-0.02,-0.0528,718304.16,2723485.937
600036.SH,20260512,37.98,38.14,37.86,37.9,37.97,-0.07,-0.1844,967299.29,3673345.231
600036.SH,20260511,37.95,37.98,37.7,37.97,37.94,0.03,0.0791,925489.34,3502977.208
600036.SH,20260508,38.03,38.18,37.9,37.94,37.95,-0.01,-0.0264,869539.12,3303687.174
600036.SH,20260507,38.05,38.16,37.94,37.95,38.0,-0.05,-0.1316,790089.87,3001814.235
600036.SH,20260506,38.29,38.35,37.82,38.0,38.27,-0.27,-0.7055,1431771.03,5437169.068
600036.SH,20260430,38.4,38.51,38.12,38.27,38.5,-0.23,-0.5974,1169574.1,4477499.783
600036.SH,20260429,38.91,39.02,38.34,38.5,39.6,-1.1,-2.7778,2533117.17,9780526.575
600036.SH,20260428,39.38,39.63,39.26,39.6,39.38,0.22,0.5587,669305.2,2637104.794
600036.SH,20260427,39.52,39.99,39.32,39.38,39.38,0.0,0.0,926168.43,3669782.211
600036.SH,20260424,39.74,39.8,39.36,39.38,39.81,-0.43,-1.0801,629414.38,2485978.699
600036.SH,20260423,39.72,39.86,39.52,39.81,39.74,0.07,0.1761,569489.34,2260647.913
600036.SH,20260422,39.87,40.03,39.62,39.74,39.87,-0.13,-0.3261,507594.55,2017733.909
600036.SH,20260421,39.91,40.15,39.86,39.87,39.87,0.0,0.0,545949.15,2182431.154
600036.SH,20260420,39.5,39.9,39.33,39.87,39.52,0.35,0.8856,588776.42,2337084.804
600036.SH,20260417,39.85,39.9,39.5,39.52,39.91,-0.39,-0.9772,587925.18,2331744.88
600036.SH,20260416,39.9,40.15,39.75,39.91,39.9,0.01,0.0251,617257.76,2467044.522
600036.SH,20260415,39.25,39.92,39.22,39.9,39.13,0.77,1.9678,1052103.79,4177253.342
600036.SH,20260414,39.0,39.18,38.95,39.13,38.98,0.15,0.3848,503998.61,1967829.54
600036.SH,20260413,39.13,39.16,38.92,38.98,39.21,-0.23,-0.5866,525144.95,2047706.85
600036.SH,20260410,39.32,39.38,39.13,39.21,39.26,-0.05,-0.1274,543202.08,2130641.529
600036.SH,20260409,39.48,39.52,39.12,39.26,39.62,-0.36,-0.9086,535854.05,2104306.041
600036.SH,20260408,39.5,39.64,39.19,39.62,38.99,0.63,1.6158,669497.89,2643490.434
600036.SH,20260407,39.39,39.6,38.96,38.99,39.4,-0.41,-1.0406,528366.61,2071766.646
600036.SH,20260403,39.76,39.82,39.36,39.4,39.76,-0.36,-0.9054,464485.37,1835962.093
600036.SH,20260402,39.86,39.92,39.58,39.76,39.82,-0.06,-0.1507,534629.88,2124222.801
600036.SH,20260401,39.56,40.04,39.42,39.82,39.32,0.5,1.2716,881525.81,3510509.345
600036.SH,20260331,39.54,39.73,39.28,39.32,39.48,-0.16,-0.4053,663096.71,2617257.387
600036.SH,20260330,39.24,39.57,39.13,39.48,39.44,0.04,0.1014,646054.1,2544968.867
600036.SH,20260327,39.5,39.7,39.25,39.44,39.56,-0.12,-0.3033,468006.71,1846335.951
600036.SH,20260326,39.15,39.69,39.14,39.56,39.26,0.3,0.7641,616790.07,2437289.721
600036.SH,20260325,39.33,39.4,38.94,39.26,39.25,0.01,0.0255,653816.69,2556622.045
600036.SH,20260324,38.8,39.32,38.73,39.25,38.68,0.57,1.4736,616336.42,2408674.586
600036.SH,20260323,39.58,39.7,38.55,38.68,39.75,-1.07,-2.6918,957738.29,3730145.439
600036.SH,20260320,39.85,40.08,39.66,39.75,39.77,-0.02,-0.0503,615802.73,2453063.18
600036.SH,20260319,39.88,40.04,39.7,39.77,39.92,-0.15,-0.3758,650246.84,2591832.05
600036.SH,20260318,40.13,40.32,39.79,39.92,40.12,-0.2,-0.4985,705831.41,2822439.834
600036.SH,20260317,39.89,40.36,39.83,40.12,39.91,0.21,0.5262,656229.27,2637804.783
600036.SH,20260316,39.77,40.04,39.64,39.91,39.76,0.15,0.3773,610944.51,2435208.936
600036.SH,20260313,39.46,40.05,39.35,39.76,39.5,0.26,0.6582,765276.68,3041555.947
600036.SH,20260312,39.45,39.58,39.33,39.5,39.5,0.0,0.0,527723.3,2081987.13
600036.SH,20260311,39.3,39.5,38.95,39.5,39.22,0.28,0.7139,689407.1,2710371.064
600036.SH,20260310,38.94,39.24,38.8,39.22,38.79,0.43,1.1085,613717.0,2399803.866
600036.SH,20260309,38.9,39.18,38.75,38.79,39.2,-0.41,-1.0459,766774.9,2983734.019
600036.SH,20260306,39.1,39.32,38.95,39.2,39.15,0.05,0.1277,465956.67,1822138.719
600036.SH,20260305,38.66,39.24,38.63,39.15,38.6,0.55,1.4249,783369.79,3058463.948
600036.SH,20260304,39.01,39.03,38.01,38.6,39.18,-0.58,-1.4803,1151939.02,4442287.555
600036.SH,20260303,38.66,39.55,38.56,39.18,38.67,0.51,1.3189,1384656.42,5423934.8
600036.SH,20260302,38.6,38.87,38.42,38.67,38.75,-0.08,-0.2065,685473.13,2649577.38
600036.SH,20260227,38.75,38.95,38.64,38.75,38.7,0.05,0.1292,637034.72,2472164.576
600036.SH,20260226,38.8,39.02,38.5,38.7,38.78,-0.08,-0.2063,593325.34,2297277.144
600036.SH,20260225,38.9,39.15,38.72,38.78,38.94,-0.16,-0.4109,723971.49,2817141.58
600036.SH,20260224,39.2,39.41,38.82,38.94,38.71,0.23,0.5942,754674.38,2950566.959
600036.SH,20260213,38.95,39.09,38.63,38.71,38.99,-0.28,-0.7181,705370.32,2738389.98
600036.SH,20260212,39.4,39.42,38.73,38.99,39.4,-0.41,-1.0406,777525.71,3028037.809
600036.SH,20260211,39.36,39.45,39.2,39.4,39.34,0.06,0.1525,528816.96,2080370.293
600036.SH,20260210,39.49,39.56,39.31,39.34,39.48,-0.14,-0.3546,495964.65,1953983.696
600036.SH,20260209,39.6,39.74,39.33,39.48,39.6,-0.12,-0.303,658948.91,2601539.089
600036.SH,20260206,39.7,39.95,39.31,39.6,39.71,-0.11,-0.277,802979.78,3178037.639
600036.SH,20260205,38.94,39.92,38.91,39.71,39.01,0.7,1.7944,1218894.52,4810048.757
600036.SH,20260204,38.3,39.02,38.26,39.01,38.3,0.71,1.8538,1021316.28,3961153.583
600036.SH,20260203,38.67,38.67,38.14,38.3,38.45,-0.15,-0.3901,842791.56,3228439.117
600036.SH,20260202,38.88,39.3,38.41,38.45,38.67,-0.22,-0.5689,1384978.88,5374972.304
600036.SH,20260130,38.53,39.17,38.53,38.67,38.53,0.14,0.3634,1660843.03,6450474.687
600036.SH,20260129,37.88,38.65,37.55,38.53,37.8,0.73,1.9312,1999981.87,7627788.339
600036.SH,20260128,38.12,38.44,37.7,37.8,38.1,-0.3,-0.7874,2041666.88,7757392.685
600036.SH,20260127,38.06,38.51,37.87,38.1,38.02,0.08,0.2104,1572406.27,6017368.29
600036.SH,20260126,37.5,38.3,37.31,38.02,37.5,0.52,1.3867,2166794.16,8225997.387
600036.SH,20260123,37.85,38.17,37.38,37.5,37.85,-0.35,-0.9247,1892112.73,7135111.003
600036.SH,20260122,38.27,38.58,37.8,37.85,38.24,-0.39,-1.0199,1877546.33,7138121.617
600036.SH,20260121,38.92,38.94,38.18,38.24,38.73,-0.49,-1.2652,1214999.85,4683716.085
600036.SH,20260120,38.57,39.13,38.51,38.73,38.55,0.18,0.4669,1113873.22,4327688.233
600036.SH,20260119,38.73,38.92,38.5,38.55,38.72,-0.17,-0.439,988702.73,3825610.922
600036.SH,20260116,39.49,39.5,38.65,38.72,39.1,-0.38,-0.9719,1525245.3,5941062.877
600036.SH,20260115,40.11,40.42,40.0,40.11,40.07,0.04,0.0998,1217270.94,4886718.463
600036.SH,20260114,41.13,41.17,40.06,40.07,41.13,-1.06,-2.5772,1917743.8,7803195.415
600036.SH,20260113,41.2,41.38,41.03,41.13,41.12,0.01,0.0243,1159364.73,4772124.912
600036.SH,20260112,41.3,41.43,41.0,41.12,41.3,-0.18,-0.4358,1186640.58,4887859.874
600036.SH,20260109,41.54,41.76,41.12,41.3,41.58,-0.28,-0.6734,985470.74,4069939.125
600036.SH,20260108,42.2,42.25,41.3,41.58,42.15,-0.57,-1.3523,1115726.92,4642639.925
600036.SH,20260107,42.75,43.02,42.14,42.15,42.73,-0.58,-1.3574,880559.52,3735889.227
600036.SH,20260106,42.45,42.79,42.09,42.73,42.35,0.38,0.8973,923714.82,3918152.819
600036.SH,20260105,42.48,42.8,42.27,42.35,42.1,0.25,0.5938,840829.64,3571507.107
600036.SH,20251231,42.24,42.33,41.92,42.1,42.28,-0.18,-0.4257,554142.39,2335536.695
600036.SH,20251230,41.9,42.48,41.78,42.28,41.87,0.41,0.9792,834782.93,3522122.452
600036.SH,20251229,41.66,41.93,41.42,41.87,41.7,0.17,0.4077,682551.05,2848984.782
600036.SH,20251226,41.79,41.88,41.62,41.7,41.78,-0.08,-0.1915,508809.59,2123779.708
600036.SH,20251225,41.93,42.08,41.7,41.78,41.83,-0.05,-0.1195,499213.51,2090265.137
600036.SH,20251224,41.93,41.99,41.55,41.83,41.91,-0.08,-0.1909,536305.2,2241620.145
600036.SH,20251223,41.74,42.04,41.66,41.91,41.77,0.14,0.3352,606510.14,2539576.613
600036.SH,20251222,42.08,42.13,41.71,41.77,41.99,-0.22,-0.5239,524739.89,2197149.656
600036.SH,20251219,42.37,42.48,41.91,41.99,42.37,-0.38,-0.8969,573823.41,2421818.093
600036.SH,20251218,41.54,42.42,41.4,42.37,41.52,0.85,2.0472,768119.31,3224732.02
600036.SH,20251217,41.6,41.85,41.23,41.52,41.7,-0.18,-0.4317,631267.44,2619154.132
600036.SH,20251216,41.78,42.13,41.43,41.7,41.8,-0.1,-0.2392,566176.35,2359934.98
600036.SH,20251215,41.74,42.28,41.63,41.8,41.74,0.06,0.1437,562665.57,2361986.962
600036.SH,20251212,41.75,41.83,41.48,41.74,41.68,0.06,0.144,717625.47,2991877.687
600036.SH,20251211,41.86,42.05,41.41,41.68,41.7,-0.02,-0.048,846231.07,3525927.169
600036.SH,20251210,43.08,43.08,41.55,41.7,43.04,-1.34,-3.1134,1083156.86,4546989.729
600036.SH,20251209,43.18,43.3,42.83,43.04,43.18,-0.14,-0.3242,465938.7,2007147.248
600036.SH,20251208,43.44,43.64,43.07,43.18,43.45,-0.27,-0.6214,580038.81,2512101.223
600036.SH,20251205,43.25,43.55,42.91,43.45,43.22,0.23,0.5322,548906.22,2372985.275
600036.SH,20251204,43.05,43.42,43.01,43.22,43.01,0.21,0.4883,361207.46,1560898.874
600036.SH,20251203,43.27,43.58,43.0,43.01,43.38,-0.37,-0.8529,468959.72,2029264.531
600036.SH,20251202,43.44,43.65,43.22,43.38,43.44,-0.06,-0.1381,406734.97,1765681.348
600036.SH,20251201,43.08,43.47,42.93,43.44,42.95,0.49,1.1409,567919.42,2454940.643
600036.SH,20251128,43.1,43.12,42.82,42.95,43.19,-0.24,-0.5557,494657.89,2126261.782
600036.SH,20251127,43.18,43.39,42.6,43.19,43.25,-0.06,-0.1387,621434.34,2671439.102
600036.SH,20251126,43.34,43.63,42.97,43.25,43.25,0.0,0.0,451072.06,1950643.252
600036.SH,20251125,42.66,43.3,42.44,43.25,42.63,0.62,1.4544,666409.49,2860710.968
600036.SH,20251124,43.1,43.21,42.51,42.63,43.0,-0.37,-0.8605,678548.82,2903502.508
600036.SH,20251121,43.24,43.55,42.76,43.0,43.23,-0.23,-0.532,791264.05,3414438.913
600036.SH,20251120,43.22,43.79,43.05,43.23,43.22,0.01,0.0231,585851.52,2545450.519
600036.SH,20251119,42.88,43.5,42.8,43.22,42.88,0.34,0.7929,511696.39,2211527.918
600036.SH,20251118,42.56,42.91,42.44,42.88,42.65,0.23,0.5393,517439.27,2210394.705
600036.SH,20251117,43.1,43.2,42.5,42.65,43.25,-0.6,-1.3873,610674.46,2605355.053
600036.SH,20251114,43.24,43.59,43.18,43.25,43.21,0.04,0.0926,518209.55,2251121.743
600036.SH,20251113,42.97,43.3,42.74,43.21,42.93,0.28,0.6522,587980.06,2531083.386
600036.SH,20251112,43.12,43.36,42.93,42.93,42.96,-0.03,-0.0698,587928.78,2538488.042
600036.SH,20251111,42.69,43.04,42.52,42.96,42.72,0.24,0.5618,544670.66,2335614.86
600036.SH,20251110,42.45,42.88,42.28,42.72,42.51,0.21,0.494,532368.73,2272065.471
600036.SH,20251107,42.4,42.72,42.28,42.51,42.34,0.17,0.4015,593191.18,2521251.002
600036.SH,20251106,42.65,42.89,42.31,42.34,42.8,-0.46,-1.0748,871972.74,3704094.152
600036.SH,20251105,43.1,43.47,42.75,42.8,43.01,-0.21,-0.4883,731713.77,3142006.312
600036.SH,20251104,41.84,43.11,41.81,43.01,41.79,1.22,2.9194,1340035.92,5731414.416
600036.SH,20251103,41.14,41.97,41.06,41.79,40.89,0.9,2.201,921980.68,3837027.068
600036.SH,20251031,41.26,41.3,40.84,40.89,41.2,-0.31,-0.7524,702607.0,2881797.758
600036.SH,20251030,40.8,41.36,40.73,41.2,40.77,0.43,1.0547,1131538.44,4648170.384
600036.SH,20251029,41.53,41.53,40.69,40.77,41.6,-0.83,-1.9952,910987.6,3735043.026
600036.SH,20251028,41.62,41.72,41.23,41.6,41.59,0.01,0.024,705950.74,2928533.807
600036.SH,20251027,41.9,41.97,41.42,41.59,41.95,-0.36,-0.8582,988948.62,4120096.208
600036.SH,20251024,42.35,42.45,41.85,41.95,42.24,-0.29,-0.6866,698831.94,2938870.335
600036.SH,20251023,41.95,42.49,41.78,42.24,41.95,0.29,0.6913,713173.73,3004975.799
600036.SH,20251022,41.98,42.2,41.73,41.95,41.98,-0.03,-0.0715,551333.64,2311324.892
600036.SH,20251021,41.49,42.1,41.49,41.98,41.42,0.56,1.352,759931.24,3184239.228
600036.SH,20251020,41.61,41.79,41.1,41.42,41.59,-0.17,-0.4088,649477.29,2694843.445
600036.SH,20251017,41.88,42.22,41.38,41.59,41.93,-0.34,-0.8109,829827.05,3470670.301
600036.SH,20251016,41.5,41.99,41.13,41.93,41.5,0.43,1.0361,1062487.76,4427156.848
600036.SH,20251015,41.25,41.57,41.01,41.5,41.26,0.24,0.5817,1062767.02,4392820.738
600036.SH,20251014,40.09,41.49,39.83,41.26,40.11,1.15,2.8671,1733826.68,7102543.598
600036.SH,20251013,39.76,40.3,39.7,40.11,40.18,-0.07,-0.1742,1065936.17,4266014.498
600036.SH,20251010,40.3,40.65,40.13,40.18,40.33,-0.15,-0.3719,955049.79,3852817.637
600036.SH,20251009,40.21,40.44,39.82,40.33,40.41,-0.08,-0.198,972319.53,3900217.891
600036.SH,20250930,40.65,40.79,40.41,40.41,40.68,-0.27,-0.6637,700025.2,2836889.513
600036.SH,20250929,40.77,41.29,40.36,40.68,40.8,-0.12,-0.2941,835550.55,3407163.055
600036.SH,20250926,40.81,41.0,40.3,40.8,40.82,-0.02,-0.049,682766.67,2773964.882
600036.SH,20250925,41.32,41.36,40.81,40.82,41.32,-0.5,-1.2101,666948.87,2730478.547
600036.SH,20250924,41.5,41.89,41.29,41.32,41.55,-0.23,-0.5535,643899.51,2672303.416
600036.SH,20250923,40.98,41.75,40.63,41.55,40.92,0.63,1.5396,938850.81,3891395.841
600036.SH,20250922,41.15,41.37,40.8,40.92,41.0,-0.08,-0.1951,656110.3,2688228.051
600036.SH,20250919,40.8,41.53,40.55,41.0,40.83,0.17,0.4164,836563.07,3440376.826
600036.SH,20250918,41.78,41.84,40.8,40.83,41.76,-0.93,-2.227,1003522.4,4131887.418
600036.SH,20250917,41.76,42.19,41.7,41.76,41.75,0.01,0.024,572362.58,2392440.771
600036.SH,20250916,42.32,42.43,41.66,41.75,42.22,-0.47,-1.1132,859050.78,3600259.578
600036.SH,20250915,42.48,42.79,42.11,42.22,42.54,-0.32,-0.7522,699491.06,2964121.228
600036.SH,20250912,43.38,43.47,42.42,42.54,43.3,-0.76,-1.7552,823140.03,3521647.843
600036.SH,20250911,43.13,43.33,42.78,43.3,43.0,0.3,0.6977,650730.72,2804175.734
600036.SH,20250910,42.8,43.15,42.56,43.0,42.83,0.17,0.3969,471386.94,2022413.171
600036.SH,20250909,42.42,42.88,42.4,42.83,42.43,0.4,0.9427,589526.53,2515896.773
600036.SH,20250908,42.7,43.1,42.37,42.43,42.76,-0.33,-0.7717,851681.62,3635065.671
600036.SH,20250905,43.0,43.02,42.53,42.76,43.05,-0.29,-0.6736,572328.38,2449941.047
600036.SH,20250904,42.81,43.32,42.14,43.05,42.9,0.15,0.3497,935363.28,3997574.925
600036.SH,20250903,43.44,43.57,42.7,42.9,43.44,-0.54,-1.2431,818405.6,3528703.354
600036.SH,20250902,41.86,43.5,41.86,43.44,41.98,1.46,3.4778,1452141.14,6232062.12
600036.SH,20250901,42.62,42.64,41.88,41.98,42.89,-0.91,-2.1217,1276333.29,5381676.513
600036.SH,20250829,42.98,43.99,42.89,42.89,42.98,-0.09,-0.2094,1360878.99,5896873.9
600036.SH,20250828,43.02,43.3,42.6,42.98,43.0,-0.02,-0.0465,822425.57,3530397.264
600036.SH,20250827,43.5,43.66,43.0,43.0,43.52,-0.52,-1.1949,758140.78,3280973.424
600036.SH,20250826,43.89,44.02,43.42,43.52,43.87,-0.35,-0.7978,755722.31,3296532.147
600036.SH,20250825,43.32,43.87,43.11,43.87,43.26,0.61,1.4101,907389.9,3956212.555
600036.SH,20250822,43.47,43.48,43.04,43.26,43.47,-0.21,-0.4831,794496.25,3432029.283
600036.SH,20250821,43.5,43.59,43.23,43.47,43.45,0.02,0.046,578540.02,2512170.016
600036.SH,20250820,43.3,43.63,43.15,43.45,43.4,0.05,0.1152,547240.13,2374776.328
600036.SH,20250819,43.45,43.7,43.29,43.4,43.51,-0.11,-0.2528,574118.52,2493609.522
600036.SH,20250818,43.1,43.67,42.89,43.51,43.3,0.21,0.485,926397.38,4005818.986
600036.SH,20250815,43.66,43.74,43.3,43.3,43.78,-0.48,-1.0964,932956.84,4051326.297
600036.SH,20250814,43.55,43.94,43.5,43.78,43.54,0.24,0.5512,676351.68,2959763.586
600036.SH,20250813,44.14,44.25,43.49,43.54,44.0,-0.46,-1.0455,876737.36,3837405.883
600036.SH,20250812,44.13,44.48,44.0,44.0,44.1,-0.1,-0.2268,562252.43,2482688.843
600036.SH,20250811,44.53,44.63,44.1,44.1,44.53,-0.43,-0.9656,536723.71,2375089.438
600036.SH,20250808,45.2,45.28,44.53,44.53,45.15,-0.62,-1.3732,456421.53,2044145.472
600036.SH,20250807,45.12,45.6,44.96,45.15,45.12,0.03,0.0665,440643.25,1995029.89
600036.SH,20250806,45.29,45.73,45.11,45.12,45.25,-0.13,-0.2873,430296.4,1951697.829
600036.SH,20250805,44.78,45.4,44.64,45.25,44.9,0.35,0.7795,555258.3,2502003.95
600036.SH,20250804,44.31,44.97,44.31,44.9,44.42,0.48,1.0806,498008.32,2231447.773
600036.SH,20250801,44.5,44.97,44.35,44.42,44.48,-0.06,-0.1349,594620.94,2651723.323
600036.SH,20250731,44.4,44.56,43.85,44.48,44.42,0.06,0.1351,733195.17,3247588.211
600036.SH,20250730,44.17,44.75,43.93,44.42,44.14,0.28,0.6343,725460.85,3222441.776
600036.SH,20250729,44.44,44.8,44.14,44.14,44.44,-0.3,-0.6751,785812.82,3487013.44
600036.SH,20250728,44.8,45.16,44.41,44.44,44.83,-0.39,-0.87,635127.2,2838575.467
600036.SH,20250725,44.84,45.17,44.75,44.83,44.88,-0.05,-0.1114,696264.23,3129427.563
600036.SH,20250724,45.21,45.36,44.8,44.88,45.12,-0.24,-0.5319,826620.13,3724435.789
600036.SH,20250723,44.97,45.7,44.96,45.12,44.94,0.18,0.4005,853249.05,3864679.805
600036.SH,20250722,44.85,44.98,44.21,44.94,44.85,0.09,0.2007,922319.06,4111116.85
600036.SH,20250721,45.05,45.23,44.83,44.85,45.05,-0.2,-0.444,566412.01,2546034.189
600036.SH,20250718,45.05,45.16,44.74,45.05,45.0,0.05,0.1111,543430.57,2445283.609
600036.SH,20250717,45.1,45.33,44.91,45.0,45.11,-0.11,-0.2438,416895.06,1877218.807
600036.SH,20250716,45.26,45.54,44.88,45.11,45.22,-0.11,-0.2433,468186.39,2112241.748
600036.SH,20250715,45.77,45.92,44.8,45.22,45.57,-0.35,-0.768,666206.26,3018332.344
600036.SH,20250714,45.65,46.09,45.44,45.57,45.64,-0.07,-0.1534,648484.37,2969040.141
600036.SH,20250711,46.28,46.5,45.62,45.64,46.24,-0.6,-1.2976,1184442.84,5446393.735
600036.SH,20250710,47.1,48.55,47.1,48.24,47.13,1.11,2.3552,1219784.04,5860161.557
600036.SH,20250709,47.5,47.77,47.13,47.13,47.62,-0.49,-1.029,614566.35,2912999.773
600036.SH,20250708,47.28,47.67,47.1,47.62,47.2,0.42,0.8898,637421.01,3025850.416
600036.SH,20250707,47.07,47.3,46.7,47.2,47.07,0.13,0.2762,567427.42,2672021.321
600036.SH,20250704,46.6,47.5,46.4,47.07,46.61,0.46,0.9869,678948.32,3190053.518
600036.SH,20250703,46.9,46.95,46.34,46.61,46.9,-0.29,-0.6183,556225.76,2595710.465
600036.SH,20250702,46.7,47.16,46.45,46.9,46.45,0.45,0.9688,518563.18,2429269.829
600036.SH,20250701,45.96,46.67,45.92,46.45,45.95,0.5,1.0881,450613.09,2089060.872
600036.SH,20250630,46.13,46.29,45.77,45.95,46.22,-0.27,-0.5842,624613.63,2870068.037
600036.SH,20250627,47.85,47.87,46.04,46.22,47.88,-1.66,-3.467,954143.2,4461309.935
600036.SH,20250626,47.49,47.88,47.05,47.88,47.5,0.38,0.8,590200.64,2807185.76
600036.SH,20250625,46.75,47.5,46.59,47.5,46.75,0.75,1.6043,607679.87,2862914.073
600036.SH,20250624,46.31,47.0,46.18,46.75,46.25,0.5,1.0811,655814.61,3058493.531
600036.SH,20250623,45.9,46.34,45.43,46.25,45.99,0.26,0.5653,538931.48,2475802.504
600036.SH,20250620,45.73,46.18,45.55,45.99,45.63,0.36,0.789,448156.52,2059058.897
600036.SH,20250619,45.84,46.06,45.37,45.63,45.85,-0.22,-0.4798,513454.3,2342843.184
600036.SH,20250618,45.92,46.07,45.65,45.85,45.98,-0.13,-0.2827,426428.59,1957406.403
600036.SH,20250617,45.88,46.05,45.71,45.98,45.78,0.2,0.4369,474209.01,2177741.322
600036.SH,20250616,45.08,45.81,44.95,45.78,45.18,0.6,1.328,414474.35,1885267.746
600036.SH,20250613,45.24,45.35,44.95,45.18,45.23,-0.05,-0.1105,474080.56,2141145.231
600036.SH,20250612,45.4,45.65,45.1,45.23,45.31,-0.08,-0.1766,452390.7,2050510.492
600036.SH,20250611,44.72,45.68,44.72,45.31,44.67,0.64,1.4327,776761.08,3518360.401
600036.SH,20250610,44.57,45.05,44.45,44.67,44.6,0.07,0.157,528348.92,2364300.624
600036.SH,20250609,44.6,44.68,44.21,44.6,44.47,0.13,0.2923,474774.46,2111750.061
600036.SH,20250606,44.45,44.71,44.3,44.47,44.37,0.1,0.2254,373498.95,1660462.752
600036.SH,20250605,44.06,44.42,44.0,44.37,44.06,0.31,0.7036,421316.8,1865235.666
600036.SH,20250604,44.05,44.27,43.9,44.06,43.97,0.09,0.2047,373416.67,1644649.609
600036.SH,20250603,43.5,44.43,43.5,43.97,43.43,0.54,1.2434,503685.13,2216746.052
600036.SH,20250530,43.55,43.88,43.35,43.43,43.47,-0.04,-0.092,571391.44,2491890.458
600036.SH,20250529,43.7,43.95,43.45,43.47,43.68,-0.21,-0.4808,492989.7,2152530.686
600036.SH,20250528,43.78,44.05,43.6,43.68,43.74,-0.06,-0.1372,300355.24,1313730.557
600036.SH,20250527,43.8,44.15,43.67,43.74,43.8,-0.06,-0.137,363750.01,1594752.084
600036.SH,20250526,43.89,44.17,43.63,43.8,44.05,-0.25,-0.5675,456099.75,2000068.964
600036.SH,20250523,44.51,44.68,43.9,44.05,44.51,-0.46,-1.0335,541460.09,2395482.582
600036.SH,20250522,43.9,44.56,43.75,44.51,43.9,0.61,1.3895,565655.62,2503244.591
600036.SH,20250521,43.95,44.37,43.84,43.9,43.9,0.0,0.0,499200.35,2199193.618
600036.SH,20250520,44.03,44.61,43.87,43.9,43.84,0.06,0.1369,500534.83,2210731.576
600036.SH,20250519,44.2,44.46,43.75,43.84,44.27,-0.43,-0.9713,502817.01,2213557.25
600036.SH,20250516,44.75,44.98,44.03,44.27,44.92,-0.65,-1.447,619655.35,2743750.956
600036.SH,20250515,44.83,45.38,44.65,44.92,44.81,0.11,0.2455,684600.48,3080577.618
600036.SH,20250514,44.55,45.3,44.32,44.81,44.56,0.25,0.561,712790.18,3194543.663
600036.SH,20250513,44.09,44.65,43.85,44.56,43.8,0.76,1.7352,699124.17,3099990.42
600036.SH,20250512,43.45,44.4,43.11,43.8,43.48,0.32,0.736,848974.09,3724155.034
600036.SH,20250509,42.8,43.6,42.8,43.48,42.8,0.68,1.5888,668154.72,2897563.045
600036.SH,20250508,42.01,43.42,42.0,42.8,42.02,0.78,1.8563,833809.64,3581050.505
600036.SH,20250507,41.79,42.23,41.31,42.02,41.37,0.65,1.5712,712913.88,2985699.306
600036.SH,20250506,40.9,41.41,40.51,41.37,40.74,0.63,1.5464,666409.99,2734586.584
600036.SH,20250430,41.64,41.64,40.51,40.74,42.0,-1.26,-3.0,1172682.1,4782474.914
600036.SH,20250429,42.35,42.65,42.0,42.0,42.35,-0.35,-0.8264,457698.53,1933096.299
600036.SH,20250428,42.15,42.56,42.03,42.35,42.08,0.27,0.6416,386973.17,1639160.75
600036.SH,20250425,42.29,42.55,42.04,42.08,42.21,-0.13,-0.308,424349.93,1792844.933
600036.SH,20250424,42.0,42.38,41.95,42.21,41.99,0.22,0.5239,413651.85,1747384.624
600036.SH,20250423,42.3,42.3,41.77,41.99,42.01,-0.02,-0.0476,467743.59,1965588.261
600036.SH,20250422,42.31,42.54,42.01,42.01,42.28,-0.27,-0.6386,433788.13,1831804.304
600036.SH,20250421,42.66,43.08,42.28,42.28,42.75,-0.47,-1.0994,416465.85,1774479.138
600036.SH,20250418,42.13,42.79,42.05,42.75,42.12,0.63,1.4957,435001.28,1849158.562
600036.SH,20250417,42.12,42.36,41.85,42.12,42.25,-0.13,-0.3077,405792.88,1711632.454
600036.SH,20250416,41.98,42.58,41.82,42.25,42.1,0.15,0.3563,576293.58,2425842.589
600036.SH,20250415,41.49,42.29,41.45,42.1,41.48,0.62,1.4947,614563.86,2578602.435
600036.SH,20250414,41.68,41.91,41.41,41.48,41.51,-0.03,-0.0723,482159.84,2006762.053
600036.SH,20250411,41.11,41.69,40.81,41.51,41.1,0.41,0.9976,583056.91,2404586.566
600036.SH,20250410,40.99,41.45,40.55,41.1,40.46,0.64,1.5818,743788.75,3057795.208
600036.SH,20250409,40.6,41.02,40.3,40.46,41.15,-0.69,-1.6768,973969.35,3956703.949
600036.SH,20250408,40.78,41.2,40.44,41.15,40.83,0.32,0.7837,1610477.36,6562173.34
600036.SH,20250407,40.94,42.0,39.39,40.83,42.65,-1.82,-4.2673,1815632.92,7360169.684
600036.SH,20250403,42.02,42.85,42.02,42.65,42.73,-0.08,-0.1872,464165.5,1977833.089
600036.SH,20250402,42.87,43.15,42.68,42.73,42.87,-0.14,-0.3266,331201.89,1420244.308
600036.SH,20250401,43.28,43.29,42.75,42.87,43.29,-0.42,-0.9702,389360.35,1671945.743
600036.SH,20250331,43.21,43.78,42.61,43.29,43.22,0.07,0.162,539568.88,2334387.177
600036.SH,20250328,43.3,43.45,43.06,43.22,43.26,-0.04,-0.0925,386184.09,1671063.294
600036.SH,20250327,42.75,43.74,42.74,43.26,42.66,0.6,1.4065,827950.81,3583722.318
600036.SH,20250326,44.5,44.59,42.61,42.66,45.09,-2.43,-5.3892,1578326.32,6817699.594
600036.SH,20250325,45.0,45.5,44.95,45.09,45.05,0.04,0.0888,356871.55,1610425.397
600036.SH,20250324,44.55,45.19,44.55,45.05,44.7,0.35,0.783,449576.19,2018232.266
600036.SH,20250321,45.12,45.34,44.52,44.7,45.24,-0.54,-1.1936,675411.7,3030118.215
600036.SH,20250320,45.92,45.92,44.78,45.24,46.02,-0.78,-1.6949,678656.03,3067327.047
600036.SH,20250319,45.28,46.1,45.1,46.02,45.14,0.88,1.9495,670705.94,3061182.015
600036.SH,20250318,45.29,45.38,44.82,45.14,45.04,0.1,0.222,428220.01,1933102.848
600036.SH,20250317,45.32,45.5,44.98,45.04,45.16,-0.12,-0.2657,654209.73,2957486.225
600036.SH,20250314,44.0,45.47,43.94,45.16,43.84,1.32,3.0109,911275.35,4095818.343
600036.SH,20250313,43.6,44.38,43.5,43.84,43.54,0.3,0.689,585539.28,2575079.64
600036.SH,20250312,43.5,43.86,43.25,43.54,43.51,0.03,0.0689,418258.36,1822497.448
600036.SH,20250311,42.77,43.64,42.71,43.51,43.07,0.44,1.0216,565741.09,2447134.269
600036.SH,20250310,43.49,43.58,42.82,43.07,43.57,-0.5,-1.1476,508749.71,2191791.878
600036.SH,20250307,42.9,43.8,42.85,43.57,42.96,0.61,1.4199,605413.19,2626484.644
600036.SH,20250306,42.89,43.1,42.45,42.96,42.89,0.07,0.1632,572053.04,2450800.591
600036.SH,20250305,41.96,42.91,41.75,42.89,41.8,1.09,2.6077,632037.43,2689749.944
600036.SH,20250304,41.91,42.1,41.77,41.8,42.05,-0.25,-0.5945,317245.42,1329037.847
600036.SH,20250303,42.12,42.62,41.95,42.05,42.05,0.0,0.0,470149.02,1983165.73
600036.SH,20250228,42.38,42.66,42.05,42.05,42.38,-0.33,-0.7787,705423.65,2985755.469
600036.SH,20250227,41.6,42.4,41.28,42.38,41.48,0.9,2.1697,622596.57,2611617.503
600036.SH,20250226,41.13,41.7,41.05,41.48,41.03,0.45,1.0968,476446.61,1974231.834
600036.SH,20250225,41.15,41.44,40.91,41.03,41.27,-0.24,-0.5815,507321.2,2088784.244
600036.SH,20250224,41.39,41.75,41.1,41.27,41.4,-0.13,-0.314,571107.09,2361716.151
600036.SH,20250221,41.96,41.99,41.22,41.4,41.85,-0.45,-1.0753,595255.79,2467492.898
600036.SH,20250220,42.0,42.09,41.68,41.85,41.98,-0.13,-0.3097,407675.08,1705724.684
600036.SH,20250219,42.0,42.15,41.76,41.98,42.05,-0.07,-0.1665,374702.23,1572476.676
600036.SH,20250218,41.51,42.48,41.51,42.05,41.72,0.33,0.791,546665.39,2301403.254
600036.SH,20250217,41.99,41.99,41.36,41.72,42.03,-0.31,-0.7376,536125.61,2228540.282
600036.SH,20250214,41.69,42.03,41.52,42.03,41.71,0.32,0.7672,498736.9,2086301.72
600036.SH,20250213,41.65,41.95,41.34,41.71,41.62,0.09,0.2162,462206.98,1927409.816
600036.SH,20250212,40.96,41.66,40.56,41.62,40.98,0.64,1.5617,603591.49,2484722.115
600036.SH,20250211,40.75,41.04,40.64,40.98,40.6,0.38,0.936,457771.19,1872296.623
600036.SH,20250210,40.2,40.92,39.96,40.6,40.2,0.4,0.995,581805.95,2357786.974
600036.SH,20250207,40.1,40.4,39.96,40.2,40.2,0.0,0.0,521066.18,2092855.37
600036.SH,20250206,40.0,40.38,39.73,40.2,40.0,0.2,0.5,466088.42,1866867.478
600036.SH,20250205,40.85,40.9,39.9,40.0,40.65,-0.65,-1.599,504788.89,2030411.802
600036.SH,20250127,40.58,40.97,40.55,40.65,40.26,0.39,0.9687,526060.47,2144848.681
600036.SH,20250124,39.66,40.55,39.46,40.26,39.83,0.43,1.0796,574652.34,2312073.726
600036.SH,20250123,39.67,40.23,39.52,39.83,39.45,0.38,0.9632,606618.1,2417576.583
600036.SH,20250122,40.14,40.16,39.32,39.45,40.14,-0.69,-1.719,588912.22,2327377.021
600036.SH,20250121,40.32,40.51,40.01,40.14,40.12,0.02,0.0499,400685.06,1613495.367
600036.SH,20250120,40.98,41.07,40.11,40.12,40.71,-0.59,-1.4493,542574.82,2195966.48
600036.SH,20250117,40.96,41.16,40.13,40.71,40.99,-0.28,-0.6831,475900.5,1936832.044
600036.SH,20250116,40.65,41.15,40.53,40.99,40.64,0.35,0.8612,592593.86,2423118.469
600036.SH,20250115,39.99,41.0,39.89,40.64,39.85,0.79,1.9824,796700.88,3234242.853
600036.SH,20250114,39.09,39.97,38.9,39.85,39.07,0.78,1.9964,708011.88,2802857.578
600036.SH,20250113,38.93,39.15,38.54,39.07,38.98,0.09,0.2309,606322.74,2360608.444
600036.SH,20250110,39.34,39.45,38.81,38.98,39.0,-0.02,-0.0513,481424.8,1881660.497
600036.SH,20250109,39.4,39.43,38.83,39.0,39.28,-0.28,-0.7128,447083.35,1748399.288
600036.SH,20250108,38.83,39.55,38.82,39.28,38.9,0.38,0.9769,751481.02,2952943.868
600036.SH,20250107,38.97,39.15,38.61,38.9,39.05,-0.15,-0.3841,492752.05,1917344.814
600036.SH,20250106,38.9,39.1,38.13,39.05,38.66,0.39,1.0088,617158.63,2394244.404
600036.SH,20250103,38.6,39.04,38.54,38.66,38.51,0.15,0.3895,682583.06,2646967.329
600036.SH,20250102,39.35,39.5,38.34,38.51,39.3,-0.79,-2.0102,642000.7,2493694.677
688516.SH,20260527,74.8,76.4,71.31,71.9,74.2,-2.3,-3.0997,90327.91,665717.022
688516.SH,20260526,75.02,75.49,72.25,74.2,75.66,-1.46,-1.9297,95517.71,703495.869
688516.SH,20260525,78.5,78.79,74.12,75.66,77.8,-2.14,-2.7506,122924.72,926338.238
688516.SH,20260522,77.06,81.36,75.21,77.8,76.46,1.34,1.7526,153537.01,1192917.121
688516.SH,20260521,81.8,82.4,76.0,76.46,80.75,-4.29,-5.3127,114494.21,912185.781
688516.SH,20260520,76.52,82.77,75.7,80.75,77.29,3.46,4.4766,134023.6,1066141.651
688516.SH,20260519,78.4,78.4,74.02,77.29,78.5,-1.21,-1.5414,128533.03,976361.475
688516.SH,20260518,80.88,83.79,77.31,78.5,80.68,-2.18,-2.702,155583.03,1248142.487
688516.SH,20260515,87.55,87.55,77.88,80.68,88.86,-8.18,-9.2055,199902.55,1619140.354
688516.SH,20260514,87.78,91.95,86.57,88.86,87.22,1.64,1.8803,162474.98,1452844.777
688516.SH,20260513,86.92,88.66,83.25,87.22,86.78,0.44,0.507,115178.03,995237.645
688516.SH,20260512,92.0,93.39,84.3,86.78,87.95,-1.17,-1.3303,153606.09,1355166.491
688516.SH,20260511,88.69,92.88,87.61,87.95,88.61,-0.66,-0.7448,169064.95,1526584.785
688516.SH,20260508,85.88,91.0,85.27,88.61,87.06,1.55,1.7804,137229.84,1210339.719
688516.SH,20260507,84.77,91.17,84.4,87.06,84.35,2.71,3.2128,179947.87,1582795.967
688516.SH,20260506,82.76,86.55,80.1,84.35,81.7,2.65,3.2436,188759.63,1594935.779
688516.SH,20260430,75.7,82.5,74.2,81.7,75.94,5.76,7.5849,153956.32,1214174.272
688516.SH,20260429,76.23,77.69,74.02,75.94,77.01,-1.07,-1.3894,109794.59,831754.498
688516.SH,20260428,79.21,81.49,76.31,77.01,79.43,-2.42,-3.0467,86027.82,675169.265
688516.SH,20260427,76.9,81.88,76.0,79.43,76.63,2.8,3.6539,125931.36,1004786.802
688516.SH,20260424,77.7,79.39,75.7,76.63,78.56,-1.93,-2.4567,86107.61,666429.477
688516.SH,20260423,78.08,82.65,77.01,78.56,79.6,-1.04,-1.3065,113817.68,903456.165
688516.SH,20260422,78.2,80.26,77.53,79.6,79.3,0.3,0.3783,86003.29,678854.647
688516.SH,20260421,81.9,81.98,78.41,79.3,80.98,-1.68,-2.0746,99934.47,797424.53
688516.SH,20260420,80.39,82.22,77.85,80.98,80.5,0.48,0.5963,122299.25,984305.42
688516.SH,20260417,79.0,82.35,78.02,80.5,77.09,3.41,4.4234,164935.12,1324504.572
688516.SH,20260416,75.2,79.4,72.1,77.09,75.12,1.97,2.6225,153436.09,1174777.568
688516.SH,20260415,73.0,78.33,72.02,75.12,72.48,2.64,3.6424,162510.73,1225110.425
688516.SH,20260414,71.25,74.4,69.8,72.48,71.23,1.25,1.7549,128342.3,925326.965
688516.SH,20260413,69.83,72.98,69.55,71.23,70.3,0.93,1.3229,187070.92,1335458.991
688516.SH,20260410,73.35,74.0,67.85,70.3,70.88,-0.58,-0.8183,197108.23,1391193.168
688516.SH,20260409,75.0,75.0,64.69,70.88,77.35,-6.47,-8.3646,312324.67,2138826.585
688516.SH,20260408,82.13,85.77,76.32,77.35,78.62,-1.27,-1.6154,279936.62,2256267.724
688516.SH,20260407,80.01,82.25,78.33,78.62,80.97,-2.35,-2.9023,96229.09,773630.78
688516.SH,20260403,80.0,84.25,78.01,80.97,79.92,1.05,1.3138,113810.55,926404.693
688516.SH,20260402,75.7,82.4,75.5,79.92,77.15,2.77,3.5904,123345.96,985821.632
688516.SH,20260401,74.59,78.9,72.12,77.15,73.38,3.77,5.1376,136762.14,1042731.126
688516.SH,20260331,72.67,75.06,71.2,73.38,72.67,0.71,0.977,103372.74,761089.963
688516.SH,20260330,73.0,74.24,69.07,72.67,74.11,-1.44,-1.9431,152983.97,1091848.106
688516.SH,20260327,74.48,76.6,72.4,74.11,75.51,-1.4,-1.8541,110214.05,821695.726
688516.SH,20260326,79.62,80.63,74.58,75.51,79.62,-4.11,-5.162,115488.76,887214.663
688516.SH,20260325,79.79,85.94,78.2,79.62,80.59,-0.97,-1.2036,149538.45,1223847.438
688516.SH,20260324,84.68,85.0,76.1,80.59,83.06,-2.47,-2.9738,147598.4,1179362.621
688516.SH,20260323,80.77,86.5,80.64,83.06,81.39,1.67,2.0518,217205.59,1815664.733
688516.SH,20260320,78.59,87.5,77.58,81.39,78.4,2.99,3.8138,244522.38,2018355.241
688516.SH,20260319,78.5,80.3,77.1,78.4,79.33,-0.93,-1.1723,125112.94,985308.891
688516.SH,20260318,78.55,79.8,75.35,79.33,77.01,2.32,3.0126,140237.67,1100373.731
688516.SH,20260317,76.07,80.43,76.0,77.01,74.98,2.03,2.7074,164056.35,1287694.889
688516.SH,20260316,76.1,76.73,73.92,74.98,75.98,-1.0,-1.3161,82809.02,620489.8
688516.SH,20260313,78.61,78.7,75.6,75.98,77.91,-1.93,-2.4772,84929.65,654243.618
688516.SH,20260312,80.5,82.3,76.66,77.91,80.53,-2.62,-3.2534,141713.44,1114964.167
688516.SH,20260311,80.0,83.44,78.51,80.53,80.05,0.48,0.5996,205106.06,1669851.886
688516.SH,20260310,79.12,81.16,76.51,80.05,78.2,1.85,2.3657,172112.45,1363007.172
688516.SH,20260309,77.11,78.44,75.21,78.2,78.99,-0.79,-1.0001,99591.1,765607.084
688516.SH,20260306,80.64,81.8,78.77,78.99,80.64,-1.65,-2.0461,86202.67,689458.251
688516.SH,20260305,86.37,86.37,79.52,80.64,83.18,-2.54,-3.0536,98087.03,798940.775
688516.SH,20260304,83.49,86.98,82.84,83.18,83.5,-0.32,-0.3832,115158.38,971530.155
688516.SH,20260303,93.0,94.17,82.88,83.5,92.3,-8.8,-9.5341,158203.26,1368791.889
688516.SH,20260302,93.0,100.33,91.76,92.3,97.97,-5.67,-5.7875,131733.74,1238263.592
688516.SH,20260227,96.33,101.74,95.13,97.97,96.77,1.2,1.2401,128572.9,1266321.277
688516.SH,20260226,93.82,97.93,92.89,96.77,96.49,0.28,0.2902,124424.87,1191776.476
688516.SH,20260225,98.97,99.61,93.02,96.49,97.79,-1.3,-1.3294,172728.1,1643975.469
688516.SH,20260224,103.02,103.4,97.3,97.79,100.88,-3.09,-3.063,126997.53,1259233.52
688516.SH,20260213,105.33,107.0,100.5,100.88,106.14,-5.26,-4.9557,132686.41,1361655.354
688516.SH,20260212,106.0,109.4,104.28,106.14,107.98,-1.84,-1.704,148530.71,1579937.452
688516.SH,20260211,108.21,111.9,104.7,107.98,107.49,0.49,0.4559,170187.92,1839246.159
688516.SH,20260210,112.2,114.0,104.81,107.49,114.51,-7.02,-6.1305,202847.64,2196214.994
688516.SH,20260209,126.18,127.47,113.0,114.51,117.8,-3.29,-2.7929,225708.26,2695119.274
688516.SH,20260206,103.54,121.54,103.54,117.8,108.98,8.82,8.0932,244714.65,2766624.886
688516.SH,20260205,105.23,113.59,103.17,108.98,117.54,-8.56,-7.2826,279893.31,3004092.234
688516.SH,20260204,123.0,127.5,113.69,117.54,116.24,1.3,1.1184,293817.6,3525644.245
688516.SH,20260203,101.78,116.24,99.8,116.24,96.87,19.37,19.9959,139240.95,1570277.288
688516.SH,20260202,99.5,101.78,95.96,96.87,95.0,1.87,1.9684,171228.9,1692050.294
688516.SH,20260130,95.78,96.8,88.91,95.0,96.56,-1.56,-1.6156,153400.94,1423915.615
688516.SH,20260129,95.64,104.56,93.23,96.56,98.0,-1.44,-1.4694,189035.85,1880621.709
688516.SH,20260128,97.92,99.91,92.51,98.0,100.0,-2.0,-2.0,184448.96,1768178.822
688516.SH,20260127,86.95,104.5,85.15,100.0,91.07,8.93,9.8056,286488.7,2677820.589
688516.SH,20260126,100.0,101.0,89.68,91.07,90.01,1.06,1.1776,359070.06,3385730.806
688516.SH,20260123,80.0,90.01,80.0,90.01,75.01,15.0,19.9973,192666.88,1700306.378
688516.SH,20260122,65.4,76.88,64.21,75.01,65.56,9.45,14.4143,180843.15,1282554.946
688516.SH,20260121,63.9,69.58,63.72,65.56,64.7,0.86,1.3292,110866.94,743961.076
688516.SH,20260120,66.1,68.99,63.6,64.7,66.6,-1.9,-2.8529,151282.5,1002014.987
688516.SH,20260119,64.91,68.1,63.43,66.6,64.8,1.8,2.7778,165537.46,1090868.905
688516.SH,20260116,60.91,64.8,58.68,64.8,59.88,4.92,8.2164,181211.07,1128887.25
688516.SH,20260115,55.37,60.01,55.08,59.88,55.37,4.51,8.1452,149619.88,869164.659
688516.SH,20260114,58.5,59.3,53.91,55.37,58.86,-3.49,-5.9293,170826.72,961918.23
688516.SH,20260113,60.1,60.88,55.72,58.86,61.11,-2.25,-3.6819,146999.35,850157.583
688516.SH,20260112,56.16,63.83,56.16,61.11,56.16,4.95,8.8141,183035.75,1125728.903
688516.SH,20260109,58.01,61.0,55.6,56.16,58.5,-2.34,-4.0,184924.55,1073150.426
688516.SH,20260108,51.45,59.6,51.06,58.5,52.3,6.2,11.8547,242431.79,1371146.668
688516.SH,20260107,52.04,53.22,50.0,52.3,53.56,-1.26,-2.3525,154870.34,798691.84
688516.SH,20260106,50.4,56.62,50.4,53.56,49.4,4.16,8.4211,211840.45,1150550.797
688516.SH,20260105,46.0,49.6,45.22,49.4,45.26,4.14,9.1471,100311.22,472942.652
688516.SH,20251231,46.26,46.75,45.21,45.26,46.03,-0.77,-1.6728,39969.57,182357.178
688516.SH,20251230,46.92,47.5,45.95,46.03,47.18,-1.15,-2.4375,49522.81,230007.935
688516.SH,20251229,47.49,48.18,46.91,47.18,47.01,0.17,0.3616,52265.66,247536.831
688516.SH,20251226,48.04,48.99,46.83,47.01,48.0,-0.99,-2.0625,62403.67,297680.871
688516.SH,20251225,49.35,49.87,47.9,48.0,49.36,-1.36,-2.7553,74153.8,359752.814
688516.SH,20251224,42.86,50.31,42.55,49.36,43.0,6.36,14.7907,191953.49,903394.221
688516.SH,20251223,43.0,43.63,42.64,43.0,42.94,0.06,0.1397,33199.48,142902.909
688516.SH,20251222,43.21,43.79,42.86,42.94,43.26,-0.32,-0.7397,32342.9,139684.019
688516.SH,20251219,43.98,44.35,43.25,43.26,43.54,-0.28,-0.6431,39427.1,172153.55
688516.SH,20251218,41.78,45.48,41.66,43.54,41.19,2.35,5.7053,107965.07,478793.194
688516.SH,20251217,40.47,41.43,39.88,41.19,40.48,0.71,1.754,27456.72,111503.514
688516.SH,20251216,41.2,41.78,40.3,40.48,41.5,-1.02,-2.4578,26803.21,108848.587
688516.SH,20251215,42.3,43.19,41.45,41.5,42.3,-0.8,-1.8913,34224.92,144125.976
688516.SH,20251212,42.03,42.5,41.5,42.3,42.25,0.05,0.1183,54179.19,228292.51
688516.SH,20251211,41.2,43.21,41.09,42.25,41.15,1.1,2.6731,66128.64,281456.852
688516.SH,20251210,39.9,41.66,39.63,41.15,39.75,1.4,3.522,52105.82,212354.428
688516.SH,20251209,39.97,40.18,39.55,39.75,40.21,-0.46,-1.144,21315.8,84914.064
688516.SH,20251208,39.56,40.58,39.56,40.21,39.55,0.66,1.6688,28726.9,115651.769
688516.SH,20251205,39.05,39.63,38.55,39.55,38.87,0.68,1.7494,24476.67,95986.341
688516.SH,20251204,39.28,39.54,38.65,38.87,39.22,-0.35,-0.8924,21980.8,85511.993
688516.SH,20251203,40.0,40.18,38.99,39.22,39.81,-0.59,-1.482,24867.71,97849.214
688516.SH,20251202,40.57,40.61,39.8,39.81,40.57,-0.76,-1.8733,23095.08,92796.458
688516.SH,20251201,39.9,40.73,39.7,40.57,39.9,0.67,1.6792,36853.02,148843.269
688516.SH,20251128,39.06,40.1,38.9,39.9,39.2,0.7,1.7857,39588.85,157308.832
688516.SH,20251127,39.0,39.8,38.7,39.2,38.87,0.33,0.849,42746.54,168144.679
688516.SH,20251126,39.65,39.89,38.71,38.87,39.1,-0.23,-0.5882,50024.95,196554.426
688516.SH,20251125,38.59,39.55,38.4,39.1,38.4,0.7,1.8229,43621.65,170340.216
688516.SH,20251124,38.8,38.84,37.91,38.4,38.2,0.2,0.5236,32521.03,124670.35
688516.SH,20251121,39.99,39.99,38.1,38.2,39.8,-1.6,-4.0201,52204.22,202287.897
688516.SH,20251120,41.13,41.48,39.62,39.8,40.65,-0.85,-2.091,38844.98,156514.777
688516.SH,20251119,41.6,42.28,40.59,40.65,41.58,-0.93,-2.2367,41790.05,172344.681
688516.SH,20251118,42.56,42.88,41.05,41.58,42.55,-0.97,-2.2797,53779.23,223792.085
688516.SH,20251117,44.6,45.18,42.23,42.55,45.2,-2.65,-5.8628,88958.22,384436.325
688516.SH,20251114,44.51,46.57,43.86,45.2,44.69,0.51,1.1412,78466.49,357202.287
688516.SH,20251113,45.01,46.24,44.6,44.69,44.97,-0.28,-0.6226,62676.57,284848.429
688516.SH,20251112,46.74,46.99,44.57,44.97,46.58,-1.61,-3.4564,78995.66,359170.425
688516.SH,20251111,46.11,47.58,46.08,46.58,45.89,0.69,1.5036,80314.91,377078.786
688516.SH,20251110,46.4,47.05,45.69,45.89,46.26,-0.37,-0.7998,77001.55,356299.24
688516.SH,20251107,44.95,46.99,44.25,46.26,45.2,1.06,2.3451,103825.44,477846.672
688516.SH,20251106,44.42,45.65,43.78,45.2,44.5,0.7,1.573,78776.38,353452.758
688516.SH,20251105,44.11,45.24,43.05,44.5,45.05,-0.55,-1.2209,81661.6,360399.703
688516.SH,20251104,44.42,45.8,43.8,45.05,44.03,1.02,2.3166,93666.4,419833.562
688516.SH,20251103,43.7,44.58,41.81,44.03,43.75,0.28,0.64,87585.36,378595.891
688516.SH,20251031,42.3,44.86,42.23,43.75,42.42,1.33,3.1353,95502.35,418639.568
688516.SH,20251030,43.11,43.33,42.01,42.42,43.28,-0.86,-1.9871,64461.0,274837.655
688516.SH,20251029,40.99,44.15,40.53,43.28,42.39,0.89,2.0996,109019.62,460257.655
688516.SH,20251028,42.6,43.19,42.05,42.39,42.49,-0.1,-0.2353,49190.19,208891.966
688516.SH,20251027,43.25,43.85,41.98,42.49,42.94,-0.45,-1.048,58911.19,251899.71
688516.SH,20251024,43.28,43.95,42.3,42.94,43.1,-0.16,-0.3712,65644.17,283461.632
688516.SH,20251023,42.01,43.35,41.88,43.1,42.23,0.87,2.0601,44037.37,187488.143
688516.SH,20251022,42.73,42.73,41.78,42.23,42.78,-0.55,-1.2856,34950.9,147807.632
688516.SH,20251021,42.69,43.07,42.3,42.78,42.37,0.41,0.9677,40189.41,171693.071
688516.SH,20251020,42.6,43.17,42.2,42.37,42.0,0.37,0.881,51565.02,219817.87
688516.SH,20251017,44.25,44.71,41.6,42.0,44.49,-2.49,-5.5968,85583.91,364554.33
688516.SH,20251016,45.7,45.8,44.11,44.49,45.52,-1.03,-2.2627,49380.21,221763.923
688516.SH,20251015,45.0,45.63,44.08,45.52,44.94,0.58,1.2906,56801.27,255510.75
688516.SH,20251014,46.97,49.07,44.55,44.94,46.72,-1.78,-3.8099,94809.18,443118.837
688516.SH,20251013,45.83,46.99,45.5,46.72,48.45,-1.73,-3.5707,107005.24,495351.788
688516.SH,20251010,50.8,50.87,47.89,48.45,50.79,-2.34,-4.6072,95264.95,465815.714
688516.SH,20251009,50.1,52.5,49.7,50.79,50.09,0.7,1.3975,113035.47,577417.342
688516.SH,20250930,50.61,52.36,49.66,50.09,50.95,-0.86,-1.6879,107558.32,547316.202
688516.SH,20250929,51.2,53.49,49.61,50.95,50.48,0.47,0.9311,137173.8,709078.458
688516.SH,20250926,49.23,51.96,49.23,50.48,48.73,1.75,3.5912,122182.95,617148.335
688516.SH,20250925,50.39,51.2,49.23,49.23,50.4,-1.17,-2.3214,90760.84,453328.064
688516.SH,20250924,46.3,50.99,46.3,50.4,46.2,4.2,9.0909,150885.27,739340.638
688516.SH,20250923,47.27,48.47,45.03,46.2,47.7,-1.5,-3.1447,116260.62,538935.786
688516.SH,20250922,48.7,49.3,46.91,47.7,49.1,-1.4,-2.8513,117849.15,560029.702
688516.SH,20250919,49.61,50.74,49.1,49.1,50.0,-0.9,-1.8,103992.69,518798.292
688516.SH,20250918,49.7,52.28,49.04,50.0,50.33,-0.33,-0.6557,159530.16,805163.025
688516.SH,20250917,45.0,51.56,44.53,50.33,45.24,5.09,11.2511,204573.1,997647.373
688516.SH,20250916,45.84,46.0,43.88,45.24,45.82,-0.58,-1.2658,78886.17,354083.564
688516.SH,20250915,45.68,47.2,45.03,45.82,45.59,0.23,0.5045,84157.94,385477.743
688516.SH,20250912,45.6,47.4,44.88,45.59,46.02,-0.43,-0.9344,107465.31,491532.031
688516.SH,20250911,42.82,46.3,42.75,46.02,43.2,2.82,6.5278,138479.86,627628.343
688516.SH,20250910,42.67,43.84,42.05,43.2,43.1,0.1,0.232,73854.04,317353.285
688516.SH,20250909,44.0,44.21,42.66,43.1,44.6,-1.5,-3.3632,89489.46,386934.481
688516.SH,20250908,43.5,44.98,42.39,44.6,42.99,1.61,3.7451,154476.85,676835.239
688516.SH,20250905,40.1,43.4,39.89,42.99,39.97,3.02,7.5557,143188.07,604124.623
688516.SH,20250904,41.6,42.78,39.18,39.97,41.68,-1.71,-4.1027,107775.09,443238.065
688516.SH,20250903,41.76,43.28,41.14,41.68,41.76,-0.08,-0.1916,97095.65,408556.5
688516.SH,20250902,42.42,44.91,41.56,41.76,42.18,-0.42,-0.9957,147118.85,635701.196
688516.SH,20250901,40.62,43.43,40.51,42.18,40.6,1.58,3.8916,132533.73,561362.084
688516.SH,20250829,41.3,41.5,40.41,40.6,41.35,-0.75,-1.8138,75337.71,307293.157
688516.SH,20250828,40.01,42.5,39.86,41.35,40.01,1.34,3.3492,115308.67,473387.571
688516.SH,20250827,41.28,41.95,40.01,40.01,41.38,-1.37,-3.3108,96208.21,395783.752
688516.SH,20250826,39.8,42.21,39.38,41.38,39.96,1.42,3.5536,120665.02,497881.791
688516.SH,20250825,41.22,41.23,39.81,39.96,40.62,-0.66,-1.6248,111863.86,451953.716
688516.SH,20250822,39.09,41.15,38.6,40.62,38.88,1.74,4.4753,126014.98,507450.162
688516.SH,20250821,39.48,39.95,38.6,38.88,39.76,-0.88,-2.2133,71671.9,280468.932
688516.SH,20250820,39.0,40.03,38.01,39.76,39.24,0.52,1.3252,99643.71,390210.811
688516.SH,20250819,41.01,41.19,39.0,39.24,41.4,-2.16,-5.2174,133514.11,530604.297
688516.SH,20250818,41.8,42.79,40.04,41.4,39.82,1.58,3.9679,205073.37,847635.067
688516.SH,20250815,36.74,40.35,36.74,39.82,36.75,3.07,8.3537,164099.14,636686.946
688516.SH,20250814,36.3,37.19,36.11,36.75,36.31,0.44,1.2118,77575.48,284673.724
688516.SH,20250813,36.07,36.6,35.72,36.31,36.07,0.24,0.6654,49260.1,178146.435
688516.SH,20250812,35.93,36.24,35.68,36.07,36.0,0.07,0.1944,37298.25,134130.355
688516.SH,20250811,35.02,36.2,35.0,36.0,35.09,0.91,2.5933,51782.58,185240.724
688516.SH,20250808,35.11,35.85,35.0,35.09,35.32,-0.23,-0.6512,41665.27,147470.27
688516.SH,20250807,35.8,35.81,35.07,35.32,35.6,-0.28,-0.7865,42171.3,148968.996
688516.SH,20250806,34.96,35.83,34.78,35.6,34.96,0.64,1.8307,53703.51,189661.153
688516.SH,20250805,35.22,35.35,34.67,34.96,35.22,-0.26,-0.7382,43435.99,151585.976
688516.SH,20250804,34.78,35.25,34.2,35.22,34.9,0.32,0.9169,66137.64,229667.782
688516.SH,20250801,33.18,36.39,33.17,34.9,33.0,1.9,5.7576,141699.62,496140.136
688516.SH,20250731,33.78,34.08,33.0,33.0,33.88,-0.88,-2.5974,44098.07,147650.926
688516.SH,20250730,34.4,34.53,33.69,33.88,34.81,-0.93,-2.6716,54102.85,184591.456
688516.SH,20250729,34.3,35.1,34.02,34.81,34.3,0.51,1.4869,47732.37,164688.402
688516.SH,20250728,34.7,34.7,34.18,34.3,34.5,-0.2,-0.5797,32933.63,113101.287
688516.SH,20250725,34.62,34.79,34.35,34.5,34.62,-0.12,-0.3466,33726.65,116435.14
688516.SH,20250724,33.89,34.68,33.81,34.62,33.92,0.7,2.0637,52208.18,179692.973
688516.SH,20250723,34.07,34.6,33.91,33.92,34.07,-0.15,-0.4403,47608.7,163164.803
688516.SH,20250722,33.5,34.34,33.4,34.07,33.56,0.51,1.5197,44470.87,150796.859
688516.SH,20250721,33.33,33.78,33.17,33.56,33.36,0.2,0.5995,27059.66,90756.539
688516.SH,20250718,33.6,34.08,33.3,33.36,33.58,-0.22,-0.6552,27323.83,91563.403
688516.SH,20250717,33.37,33.7,33.2,33.58,33.21,0.37,1.1141,29383.04,98518.622
688516.SH,20250716,33.05,33.38,33.05,33.21,33.09,0.12,0.3626,23195.23,77067.024
688516.SH,20250715,33.68,33.94,32.92,33.09,33.63,-0.54,-1.6057,33849.1,112765.827
688516.SH,20250714,33.71,34.0,33.54,33.63,33.92,-0.29,-0.855,29707.2,100080.772
688516.SH,20250711,34.18,34.22,33.8,33.92,34.22,-0.3,-0.8767,36915.36,125482.791
688516.SH,20250710,33.49,34.88,33.48,34.22,33.71,0.51,1.5129,68611.49,235051.408
688516.SH,20250709,34.27,34.49,33.65,33.71,34.18,-0.47,-1.3751,48191.61,163447.191
688516.SH,20250708,32.32,34.28,32.21,34.18,32.44,1.74,5.3637,102052.16,343838.293
688516.SH,20250707,32.38,32.75,31.87,32.44,32.96,-0.52,-1.5777,39992.78,129587.136
688516.SH,20250704,33.77,33.85,32.9,32.96,33.49,-0.53,-1.5826,32623.4,108359.102
688516.SH,20250703,33.76,33.8,33.24,33.49,33.66,-0.17,-0.5051,36882.12,123410.24
688516.SH,20250702,33.06,33.79,32.87,33.66,33.02,0.64,1.9382,57074.06,190728.149
688516.SH,20250701,33.19,33.19,32.8,33.02,33.24,-0.22,-0.6619,24453.3,80528.871
688516.SH,20250630,33.08,33.63,32.9,33.24,32.8,0.44,1.3415,34056.5,112861.319
688516.SH,20250627,32.55,33.48,32.55,32.8,32.55,0.25,0.768,39188.26,129728.556
688516.SH,20250626,33.22,33.3,32.53,32.55,33.17,-0.62,-1.8692,33991.28,111755.321
688516.SH,20250625,33.0,33.19,32.64,33.17,32.98,0.19,0.5761,34053.92,112108.997
688516.SH,20250624,32.66,33.05,32.46,32.98,32.5,0.48,1.4769,40467.38,132815.872
688516.SH,20250623,32.1,32.55,31.95,32.5,32.4,0.1,0.3086,30648.3,98757.662
688516.SH,20250620,32.37,33.3,32.12,32.4,32.31,0.09,0.2786,54770.83,179745.992
688516.SH,20250619,31.69,33.19,31.67,32.31,31.7,0.61,1.9243,68572.29,223913.766
688516.SH,20250618,31.29,31.72,31.2,31.7,31.29,0.41,1.3103,20337.14,64086.922
688516.SH,20250617,31.08,31.44,31.08,31.29,31.21,0.08,0.2563,15497.66,48438.525
688516.SH,20250616,31.22,31.59,31.14,31.21,31.34,-0.13,-0.4148,26920.57,84123.181
688516.SH,20250613,31.85,32.18,31.34,31.34,31.96,-0.62,-1.9399,44770.23,142298.235
688516.SH,20250612,32.3,32.3,31.82,31.96,32.25,-0.29,-0.8992,22780.13,72746.354
688516.SH,20250611,31.99,32.49,31.91,32.25,31.93,0.32,1.0022,20175.99,65204.569
688516.SH,20250610,32.68,32.88,31.71,31.93,32.65,-0.72,-2.2052,34890.46,112312.765
688516.SH,20250609,33.94,34.45,33.74,34.25,33.94,0.31,0.9134,35730.35,122162.818
688516.SH,20250606,33.59,34.04,33.44,33.94,33.54,0.4,1.1926,24829.72,83907.363
688516.SH,20250605,33.5,33.6,33.31,33.54,33.56,-0.02,-0.0596,18638.8,62430.654
688516.SH,20250604,33.58,33.81,33.39,33.56,33.32,0.24,0.7203,15952.22,53601.268
688516.SH,20250603,33.0,33.45,32.97,33.32,33.2,0.12,0.3614,16552.9,55026.174
688516.SH,20250530,33.3,33.44,33.01,33.2,33.41,-0.21,-0.6286,19405.59,64382.688
688516.SH,20250529,32.73,33.54,32.66,33.41,32.71,0.7,2.14,27412.89,91324.794
688516.SH,20250528,32.65,32.87,32.6,32.71,32.69,0.02,0.0612,12480.88,40837.099
688516.SH,20250527,32.83,32.83,32.49,32.69,32.87,-0.18,-0.5476,14042.2,45757.529
688516.SH,20250526,32.7,32.96,32.57,32.87,32.72,0.15,0.4584,13878.73,45536.309
688516.SH,20250523,33.33,33.37,32.72,32.72,33.24,-0.52,-1.5644,28096.9,92963.475
688516.SH,20250522,33.56,33.71,33.2,33.24,33.65,-0.41,-1.2184,20951.1,69927.432
688516.SH,20250521,33.59,33.9,33.42,33.65,33.59,0.06,0.1786,19976.21,67214.613
688516.SH,20250520,33.69,33.8,33.34,33.59,33.58,0.01,0.0298,19478.19,65256.928
688516.SH,20250519,33.74,33.94,33.31,33.58,33.85,-0.27,-0.7976,20109.15,67565.546
688516.SH,20250516,33.77,34.04,33.62,33.85,33.79,0.06,0.1776,14999.42,50861.417
688516.SH,20250515,34.59,34.59,33.79,33.79,34.67,-0.88,-2.5382,27345.39,93160.937
688516.SH,20250514,35.0,35.0,34.43,34.67,35.14,-0.47,-1.3375,34288.56,118891.606
688516.SH,20250513,34.88,35.76,34.67,35.14,34.48,0.66,1.9142,55934.89,197153.83
688516.SH,20250512,34.23,34.49,34.18,34.48,33.92,0.56,1.6509,30024.24,103129.958
688516.SH,20250509,34.9,34.9,33.84,33.92,34.7,-0.78,-2.2478,26579.71,90685.365
688516.SH,20250508,34.12,34.82,33.73,34.7,33.96,0.74,2.179,45928.43,158548.838
688516.SH,20250507,34.39,34.82,33.73,33.96,34.03,-0.07,-0.2057,35537.68,121433.398
688516.SH,20250506,33.22,34.05,33.22,34.03,33.05,0.98,2.9652,31841.28,107307.219
688516.SH,20250430,32.61,33.23,32.61,33.05,32.75,0.3,0.916,23135.27,76429.677
688516.SH,20250429,32.58,32.9,32.58,32.75,32.8,-0.05,-0.1524,18120.61,59344.753
688516.SH,20250428,33.73,33.97,32.69,32.8,33.88,-1.08,-3.1877,38036.28,125922.658
688516.SH,20250425,33.6,34.4,33.52,33.88,33.74,0.14,0.4149,30627.26,104140.314
688516.SH,20250424,33.9,34.3,33.6,33.74,33.91,-0.17,-0.5013,29499.06,100033.71
688516.SH,20250423,34.22,34.54,33.64,33.91,34.29,-0.38,-1.1082,46230.0,157238.935
688516.SH,20250422,34.88,34.88,33.91,34.29,36.23,-1.94,-5.3547,65982.45,226162.988
688516.SH,20250421,35.9,36.39,35.5,36.23,35.7,0.53,1.4846,24847.2,89693.74
688516.SH,20250418,35.73,35.85,35.33,35.7,35.62,0.08,0.2246,15223.44,54198.785
688516.SH,20250417,35.45,35.99,35.11,35.62,35.66,-0.04,-0.1122,15024.57,53730.7
688516.SH,20250416,35.97,36.11,35.0,35.66,36.18,-0.52,-1.4373,20388.59,72524.809
688516.SH,20250415,35.97,36.24,35.52,36.18,35.97,0.21,0.5838,21002.71,75574.925
688516.SH,20250414,36.48,36.75,35.97,35.97,35.83,0.14,0.3907,26281.71,95405.339
688516.SH,20250411,35.3,36.25,35.01,35.83,35.58,0.25,0.7026,29659.64,106039.546
688516.SH,20250410,35.53,36.25,35.36,35.58,34.61,0.97,2.8027,43937.77,157178.823
688516.SH,20250409,33.89,35.0,32.38,34.61,34.3,0.31,0.9038,50134.91,169937.926
688516.SH,20250408,34.0,35.39,33.71,34.3,33.2,1.1,3.3133,58719.29,203501.478
688516.SH,20250407,38.0,38.06,32.67,33.2,40.14,-6.94,-17.2895,72347.08,254381.203
688516.SH,20250403,40.11,40.83,40.04,40.14,40.64,-0.5,-1.2303,23570.86,94949.0
688516.SH,20250402,40.65,41.0,40.1,40.64,40.52,0.12,0.2962,16545.1,67254.803
688516.SH,20250401,40.28,41.08,40.24,40.52,40.1,0.42,1.0474,25781.88,104824.89
688516.SH,20250331,40.89,41.0,39.9,40.1,41.15,-1.05,-2.5516,36013.65,145217.211
688516.SH,20250328,41.6,42.23,41.13,41.15,41.66,-0.51,-1.2242,26898.61,111748.862
688516.SH,20250327,42.4,42.59,41.5,41.66,42.62,-0.96,-2.2525,40375.54,168851.691
688516.SH,20250326,42.01,43.23,41.88,42.62,42.21,0.41,0.9713,54543.74,232215.991
688516.SH,20250325,42.48,43.1,42.06,42.21,42.37,-0.16,-0.3776,34852.26,148069.924
688516.SH,20250324,42.84,42.89,41.81,42.37,42.79,-0.42,-0.9815,36342.83,153190.432
688516.SH,20250321,42.71,43.26,42.29,42.79,42.65,0.14,0.3283,47099.99,201068.839
688516.SH,20250320,43.51,43.86,42.58,42.65,43.67,-1.02,-2.3357,52809.05,227736.328
688516.SH,20250319,43.45,44.35,42.67,43.67,43.37,0.3,0.6917,78020.26,340035.028
688516.SH,20250318,42.75,43.75,42.4,43.37,42.53,0.84,1.9751,59851.81,258169.826
688516.SH,20250317,42.25,43.04,42.25,42.53,42.1,0.43,1.0214,51991.58,221987.057
688516.SH,20250314,41.29,42.3,41.0,42.1,41.08,1.02,2.483,53058.44,222231.373
688516.SH,20250313,42.13,42.32,40.83,41.08,42.16,-1.08,-2.5617,55866.22,231464.465
688516.SH,20250312,42.56,42.84,42.01,42.16,42.35,-0.19,-0.4486,45468.87,192493.61
688516.SH,20250311,41.71,42.35,41.36,42.35,42.18,0.17,0.403,51306.3,213905.928
688516.SH,20250310,41.67,42.4,41.47,42.18,41.72,0.46,1.1026,53166.22,222947.028
688516.SH,20250307,42.57,42.82,41.08,41.72,42.87,-1.15,-2.6825,69991.29,292732.148
688516.SH,20250306,42.14,42.98,41.99,42.87,41.99,0.88,2.0957,69163.1,294074.552
688516.SH,20250305,43.18,43.2,41.62,41.99,43.13,-1.14,-2.6432,66182.77,278440.846
688516.SH,20250304,43.1,43.39,42.32,43.13,43.17,-0.04,-0.0927,46904.21,201262.416
688516.SH,20250303,43.0,44.48,42.72,43.17,43.3,-0.13,-0.3002,69714.61,304923.678
688516.SH,20250228,45.5,45.5,43.2,43.3,45.63,-2.33,-5.1063,83772.36,369564.168
688516.SH,20250227,47.0,47.03,45.0,45.63,47.5,-1.87,-3.9368,123300.59,566506.214
688516.SH,20250226,45.5,47.5,45.28,47.5,45.28,2.22,4.9028,95531.38,444848.447
688516.SH,20250225,44.86,46.01,44.55,45.28,45.06,0.22,0.4882,85339.69,387869.587
688516.SH,20250224,43.98,45.68,43.53,45.06,43.98,1.08,2.4557,84934.36,379771.198
688516.SH,20250221,43.76,44.34,43.48,43.98,44.03,-0.05,-0.1136,63839.27,280571.543
688516.SH,20250220,44.5,44.5,43.4,44.03,44.53,-0.5,-1.1228,56838.53,249262.217
688516.SH,20250219,41.75,44.55,41.61,44.53,41.86,2.67,6.3784,119265.76,519665.166
688516.SH,20250218,42.32,43.06,41.66,41.86,42.22,-0.36,-0.8527,59883.65,254283.307
688516.SH,20250217,42.6,42.72,41.9,42.22,42.38,-0.16,-0.3775,45466.58,192392.605
688516.SH,20250214,41.9,42.97,41.9,42.38,41.97,0.41,0.9769,42662.34,180555.548
688516.SH,20250213,42.7,42.97,41.88,41.97,42.74,-0.77,-1.8016,37428.19,158517.971
688516.SH,20250212,42.03,42.76,41.84,42.74,42.22,0.52,1.2316,39547.88,166987.148
688516.SH,20250211,42.97,42.97,41.73,42.22,43.0,-0.78,-1.814,48296.58,203220.555
688516.SH,20250210,43.61,43.62,42.6,43.0,43.6,-0.6,-1.3761,59124.78,253558.246
688516.SH,20250207,41.66,44.11,41.5,43.6,41.65,1.95,4.6819,88297.06,381450.375
688516.SH,20250206,40.41,41.67,39.78,41.65,40.49,1.16,2.8649,51602.3,211291.452
688516.SH,20250205,40.7,41.11,39.82,40.49,40.69,-0.2,-0.4915,35918.16,144969.493
688516.SH,20250127,41.4,41.8,40.66,40.69,41.3,-0.61,-1.477,41029.53,168611.767
688516.SH,20250124,40.41,41.68,40.33,41.3,40.53,0.77,1.8998,42581.01,175486.464
688516.SH,20250123,40.7,41.65,40.2,40.53,40.16,0.37,0.9213,40849.61,167270.96
688516.SH,20250122,40.74,40.74,39.91,40.16,40.78,-0.62,-1.5204,29584.13,118976.592
688516.SH,20250121,41.29,41.4,40.43,40.78,41.09,-0.31,-0.7544,28793.21,117158.869
688516.SH,20250120,41.52,42.08,41.01,41.09,41.29,-0.2,-0.4844,33088.91,137179.9
688516.SH,20250117,41.1,41.88,40.77,41.29,41.45,-0.16,-0.386,29586.2,122100.777
688516.SH,20250116,41.19,42.29,41.0,41.45,40.99,0.46,1.1222,37680.91,156616.324
688516.SH,20250115,40.75,41.83,40.01,40.99,40.79,0.2,0.4903,48300.06,197685.119
688516.SH,20250114,39.2,40.79,38.71,40.79,38.92,1.87,4.8047,44305.5,177269.67
688516.SH,20250113,38.2,39.43,38.01,38.92,38.44,0.48,1.2487,36081.76,140124.99
688516.SH,20250110,39.8,40.15,38.38,38.44,39.84,-1.4,-3.5141,38133.83,149103.356
688516.SH,20250109,39.5,40.72,39.34,39.84,39.66,0.18,0.4539,33935.36,136169.985
688516.SH,20250108,40.22,40.38,38.74,39.66,40.54,-0.88,-2.1707,50419.0,199476.011
688516.SH,20250107,40.79,40.92,39.88,40.54,40.75,-0.21,-0.5153,35188.83,142007.91
688516.SH,20250106,40.82,41.5,40.3,40.75,40.74,0.01,0.0245,32663.45,133170.919
688516.SH,20250103,42.1,42.46,40.7,40.74,41.95,-1.21,-2.8844,35569.47,148005.901
688516.SH,20250102,43.3,43.86,41.68,41.95,43.31,-1.36,-3.1402,55031.55,234090.839
600008.SH,20260527,3.09,3.1,3.06,3.07,3.09,-0.02,-0.6472,510646.0,157024.122
600008.SH,20260526,3.07,3.1,3.05,3.09,3.08,0.01,0.3247,586296.18,180460.475
600008.SH,20260525,3.06,3.09,3.06,3.08,3.06,0.02,0.6536,464020.45,142492.321
600008.SH,20260522,3.06,3.08,3.04,3.06,3.05,0.01,0.3279,696860.2,213212.898
600008.SH,20260521,3.12,3.14,3.05,3.05,3.12,-0.07,-2.2436,860946.71,266142.087
600008.SH,20260520,3.15,3.15,3.09,3.12,3.15,-0.03,-0.9524,826667.34,256947.465
600008.SH,20260519,3.08,3.16,3.07,3.15,3.08,0.07,2.2727,1060015.6,331447.672
600008.SH,20260518,3.08,3.09,3.05,3.08,3.08,0.0,0.0,764651.57,234451.887
600008.SH,20260515,3.11,3.12,3.07,3.08,3.11,-0.03,-0.9646,921251.14,284356.419
600008.SH,20260514,3.16,3.16,3.1,3.11,3.15,-0.04,-1.2698,870848.35,272122.5
600008.SH,20260513,3.13,3.16,3.12,3.15,3.13,0.02,0.639,840311.2,264595.355
600008.SH,20260512,3.11,3.15,3.09,3.13,3.11,0.02,0.6431,964322.73,301512.663
600008.SH,20260511,3.1,3.12,3.09,3.11,3.1,0.01,0.3226,681069.83,211575.473
600008.SH,20260508,3.09,3.15,3.08,3.1,3.09,0.01,0.3236,923367.13,286766.74
600008.SH,20260507,3.08,3.1,3.07,3.09,3.08,0.01,0.3247,647448.6,199776.673
600008.SH,20260506,3.06,3.1,3.05,3.08,3.06,0.02,0.6536,932920.51,287201.022
600008.SH,20260430,3.06,3.11,3.05,3.06,3.05,0.01,0.3279,808595.97,248197.034
600008.SH,20260429,3.04,3.06,3.02,3.05,3.04,0.01,0.3289,595653.4,181576.126
600008.SH,20260428,3.01,3.04,3.01,3.04,3.01,0.03,0.9967,666394.49,201554.298
600008.SH,20260427,3.05,3.05,3.01,3.01,3.05,-0.04,-1.3115,835179.25,252710.162
600008.SH,20260424,3.05,3.06,3.03,3.05,3.06,-0.01,-0.3268,670296.02,204056.675
600008.SH,20260423,3.06,3.07,3.03,3.06,3.05,0.01,0.3279,721737.47,220053.928
600008.SH,20260422,3.06,3.07,3.04,3.05,3.06,-0.01,-0.3268,478064.39,145904.448
600008.SH,20260421,3.04,3.08,3.04,3.06,3.04,0.02,0.6579,651825.58,199255.888
600008.SH,20260420,3.05,3.06,3.04,3.04,3.04,0.0,0.0,580955.69,177155.96
600008.SH,20260417,3.06,3.06,3.03,3.04,3.05,-0.01,-0.3279,452205.52,137625.935
600008.SH,20260416,3.04,3.06,3.03,3.05,3.05,0.0,0.0,561035.88,170798.702
600008.SH,20260415,3.04,3.06,3.03,3.05,3.04,0.01,0.3289,573832.65,174913.273
600008.SH,20260414,3.05,3.06,3.02,3.04,3.05,-0.01,-0.3279,756031.9,229490.159
600008.SH,20260413,3.1,3.11,3.02,3.05,3.13,-0.08,-2.5559,1355778.64,413277.348
600008.SH,20260410,3.14,3.16,3.12,3.13,3.13,0.0,0.0,654842.29,205777.91
600008.SH,20260409,3.16,3.17,3.12,3.13,3.17,-0.04,-1.2618,727755.33,228707.273
600008.SH,20260408,3.09,3.17,3.08,3.17,3.07,0.1,3.2573,1036833.22,324282.402
600008.SH,20260407,3.07,3.08,3.04,3.07,3.08,-0.01,-0.3247,654582.01,200001.569
600008.SH,20260403,3.1,3.1,3.06,3.08,3.1,-0.02,-0.6452,772556.03,237738.215
600008.SH,20260402,3.13,3.14,3.08,3.1,3.13,-0.03,-0.9585,665588.75,206906.13
600008.SH,20260401,3.16,3.17,3.11,3.13,3.13,0.0,0.0,664125.2,208172.333
600008.SH,20260331,3.15,3.2,3.13,3.13,3.15,-0.02,-0.6349,783321.36,247815.46
600008.SH,20260330,3.18,3.19,3.11,3.15,3.21,-0.06,-1.8692,933470.63,293780.483
600008.SH,20260327,3.23,3.25,3.18,3.21,3.25,-0.04,-1.2308,1027248.31,329937.604
600008.SH,20260326,3.25,3.27,3.2,3.25,3.25,0.0,0.0,1092718.38,354101.982
600008.SH,20260325,3.15,3.29,3.13,3.25,3.15,0.1,3.1746,1523687.55,492941.045
600008.SH,20260324,3.13,3.16,3.09,3.15,3.1,0.05,1.6129,1162469.23,363909.47
600008.SH,20260323,3.18,3.19,3.08,3.1,3.19,-0.09,-2.8213,1554177.69,488174.239
600008.SH,20260320,3.22,3.26,3.18,3.19,3.22,-0.03,-0.9317,1220886.39,392975.563
600008.SH,20260319,3.21,3.25,3.19,3.22,3.23,-0.01,-0.3096,998618.51,321915.971
600008.SH,20260318,3.22,3.24,3.18,3.23,3.22,0.01,0.3106,1008862.7,323621.259
600008.SH,20260317,3.24,3.26,3.22,3.22,3.24,-0.02,-0.6173,699625.17,226730.984
600008.SH,20260316,3.25,3.27,3.2,3.24,3.23,0.01,0.3096,1019937.96,330516.317
600008.SH,20260313,3.27,3.28,3.23,3.23,3.27,-0.04,-1.2232,936278.04,304544.119
600008.SH,20260312,3.24,3.29,3.23,3.27,3.24,0.03,0.9259,1379032.06,450291.866
600008.SH,20260311,3.16,3.24,3.13,3.24,3.16,0.08,2.5316,1559291.94,498290.086
600008.SH,20260310,3.18,3.21,3.14,3.16,3.18,-0.02,-0.6289,901336.73,285931.887
600008.SH,20260309,3.17,3.21,3.16,3.18,3.19,-0.01,-0.3135,1203655.9,383925.866
600008.SH,20260306,3.14,3.19,3.12,3.19,3.14,0.05,1.5924,890651.78,281957.472
600008.SH,20260305,3.15,3.17,3.13,3.14,3.13,0.01,0.3195,1004492.85,316575.819
600008.SH,20260304,3.14,3.18,3.11,3.13,3.15,-0.02,-0.6349,1270906.6,399768.213
600008.SH,20260303,3.17,3.2,3.14,3.15,3.18,-0.03,-0.9434,1306179.34,414067.703
600008.SH,20260302,3.16,3.2,3.14,3.18,3.18,0.0,0.0,1287686.97,409116.844
600008.SH,20260227,3.15,3.19,3.13,3.18,3.16,0.02,0.6329,1094691.66,347263.78
600008.SH,20260226,3.11,3.18,3.11,3.16,3.11,0.05,1.6077,1194308.52,375418.448
600008.SH,20260225,3.06,3.15,3.06,3.11,3.06,0.05,1.634,1557991.62,485226.633
600008.SH,20260224,3.03,3.07,3.03,3.06,3.02,0.04,1.3245,774159.19,236385.021
600008.SH,20260213,3.04,3.05,3.01,3.02,3.04,-0.02,-0.6579,692492.8,209732.599
600008.SH,20260212,3.08,3.08,3.04,3.04,3.08,-0.04,-1.2987,890677.83,272142.349
600008.SH,20260211,3.07,3.09,3.06,3.08,3.07,0.01,0.3257,510610.8,157174.331
600008.SH,20260210,3.08,3.09,3.06,3.07,3.09,-0.02,-0.6472,547530.3,168243.3
600008.SH,20260209,3.08,3.09,3.06,3.09,3.06,0.03,0.9804,720049.6,221596.398
600008.SH,20260206,3.07,3.09,3.06,3.06,3.08,-0.02,-0.6494,888343.23,273165.689
600008.SH,20260205,3.09,3.1,3.06,3.08,3.09,-0.01,-0.3236,749096.73,230652.796
600008.SH,20260204,3.07,3.1,3.06,3.09,3.08,0.01,0.3247,967041.38,297936.141
600008.SH,20260203,3.1,3.16,3.06,3.08,3.04,0.04,1.3158,1108251.23,342496.069
600008.SH,20260202,3.07,3.11,3.04,3.04,3.08,-0.04,-1.2987,1244651.0,382822.385
600008.SH,20260130,3.09,3.1,3.04,3.08,3.1,-0.02,-0.6452,1044818.47,321366.456
600008.SH,20260129,3.09,3.1,3.06,3.1,3.08,0.02,0.6494,848157.08,261612.383
600008.SH,20260128,3.07,3.1,3.05,3.08,3.07,0.01,0.3257,771866.87,238053.02
600008.SH,20260127,3.1,3.1,3.04,3.07,3.09,-0.02,-0.6472,852034.5,261085.975
600008.SH,20260126,3.08,3.11,3.07,3.09,3.08,0.01,0.3247,824426.87,254813.176
600008.SH,20260123,3.09,3.09,3.06,3.08,3.08,0.0,0.0,691081.73,212642.447
600008.SH,20260122,3.05,3.09,3.04,3.08,3.05,0.03,0.9836,779964.42,239196.383
600008.SH,20260121,3.06,3.07,3.03,3.05,3.07,-0.02,-0.6515,704028.89,214732.557
600008.SH,20260120,3.02,3.08,3.01,3.07,3.02,0.05,1.6556,1204859.36,366963.305
600008.SH,20260119,3.0,3.02,2.99,3.02,3.0,0.02,0.6667,546416.61,164479.97
600008.SH,20260116,3.01,3.02,2.99,3.0,3.01,-0.01,-0.3322,593781.01,178431.413
600008.SH,20260115,3.01,3.02,3.0,3.01,3.01,0.0,0.0,502437.52,151078.536
600008.SH,20260114,3.04,3.05,2.99,3.01,3.03,-0.02,-0.6601,1217085.42,368279.976
600008.SH,20260113,3.03,3.05,3.02,3.03,3.03,0.0,0.0,766079.69,232360.007
600008.SH,20260112,3.02,3.03,3.01,3.03,3.02,0.01,0.3311,705155.09,213065.377
600008.SH,20260109,3.01,3.02,3.0,3.02,2.99,0.03,1.0033,518991.55,156348.034
600008.SH,20260108,3.04,3.06,3.03,3.03,3.04,-0.01,-0.3289,604105.43,183812.954
600008.SH,20260107,3.05,3.06,3.03,3.04,3.05,-0.01,-0.3279,586082.52,178357.893
600008.SH,20260106,3.03,3.06,3.03,3.05,3.04,0.01,0.3289,653244.18,199188.348
600008.SH,20260105,3.01,3.04,3.0,3.04,3.0,0.04,1.3333,618011.21,187106.027
600008.SH,20251231,3.0,3.02,3.0,3.0,3.0,0.0,0.0,423810.46,127463.106
600008.SH,20251230,3.01,3.02,3.0,3.0,3.01,-0.01,-0.3322,359764.42,108198.319
600008.SH,20251229,3.04,3.04,3.01,3.01,3.03,-0.02,-0.6601,415793.59,125691.066
600008.SH,20251226,3.03,3.05,3.03,3.03,3.03,0.0,0.0,425391.4,129318.915
600008.SH,20251225,3.03,3.04,3.02,3.03,3.03,0.0,0.0,308234.1,93485.429
600008.SH,20251224,3.01,3.04,3.01,3.03,3.01,0.02,0.6645,498178.76,150807.145
600008.SH,20251223,3.02,3.03,3.01,3.01,3.02,-0.01,-0.3311,289930.59,87554.979
600008.SH,20251222,3.04,3.04,3.01,3.02,3.04,-0.02,-0.6579,569497.8,172241.891
600008.SH,20251219,3.0,3.04,3.0,3.04,3.0,0.04,1.3333,619870.94,187347.735
600008.SH,20251218,3.0,3.01,2.99,3.0,3.01,-0.01,-0.3322,294809.6,88531.568
600008.SH,20251217,2.99,3.01,2.97,3.01,2.99,0.02,0.6689,638053.7,190558.019
600008.SH,20251216,3.01,3.02,2.98,2.99,3.01,-0.02,-0.6645,619797.0,185533.811
600008.SH,20251215,2.99,3.03,2.98,3.01,2.99,0.02,0.6689,695407.99,209070.368
600008.SH,20251212,2.97,3.0,2.97,2.99,2.97,0.02,0.6734,660696.8,197296.649
600008.SH,20251211,3.02,3.02,2.96,2.97,3.01,-0.04,-1.3289,962838.43,287919.552
600008.SH,20251210,3.02,3.02,3.0,3.01,3.02,-0.01,-0.3311,464130.6,139734.627
600008.SH,20251209,3.03,3.03,3.01,3.02,3.03,-0.01,-0.33,456459.5,137927.78
600008.SH,20251208,3.05,3.05,3.02,3.03,3.04,-0.01,-0.3289,602483.6,182750.746
600008.SH,20251205,3.03,3.05,3.02,3.04,3.03,0.01,0.33,579729.4,175848.701
600008.SH,20251204,3.04,3.05,3.02,3.03,3.04,-0.01,-0.3289,496754.8,150573.708
600008.SH,20251203,3.03,3.06,3.02,3.04,3.02,0.02,0.6623,899771.24,273652.058
600008.SH,20251202,3.01,3.03,3.0,3.02,3.02,0.0,0.0,620807.41,187353.488
600008.SH,20251201,3.02,3.02,3.0,3.02,3.02,0.0,0.0,891616.6,268239.2
600008.SH,20251128,3.01,3.03,3.0,3.02,3.02,0.0,0.0,530215.44,159835.74
600008.SH,20251127,3.02,3.03,3.01,3.02,3.01,0.01,0.3322,415638.34,125464.286
600008.SH,20251126,3.02,3.04,3.01,3.01,3.01,0.0,0.0,540825.3,163572.363
600008.SH,20251125,3.03,3.04,3.01,3.01,3.02,-0.01,-0.3311,756191.4,228670.761
600008.SH,20251124,3.05,3.06,3.0,3.02,3.04,-0.02,-0.6579,1077420.45,326293.605
600008.SH,20251121,3.12,3.13,3.04,3.04,3.13,-0.09,-2.8754,1281861.3,394279.67
600008.SH,20251120,3.13,3.15,3.12,3.13,3.12,0.01,0.3205,801491.12,251051.554
600008.SH,20251119,3.13,3.14,3.11,3.12,3.12,0.0,0.0,670562.2,209475.223
600008.SH,20251118,3.18,3.18,3.12,3.12,3.18,-0.06,-1.8868,1219810.82,383342.915
600008.SH,20251117,3.21,3.22,3.17,3.18,3.21,-0.03,-0.9346,1061836.75,338198.596
600008.SH,20251114,3.2,3.24,3.2,3.21,3.21,0.0,0.0,972281.97,312943.073
600008.SH,20251113,3.22,3.23,3.19,3.21,3.22,-0.01,-0.3106,1072953.43,343472.835
600008.SH,20251112,3.21,3.23,3.19,3.22,3.21,0.01,0.3115,1033890.46,332483.381
600008.SH,20251111,3.19,3.22,3.18,3.21,3.19,0.02,0.627,1189859.64,380634.693
600008.SH,20251110,3.2,3.21,3.16,3.19,3.19,0.0,0.0,1677273.86,534411.835
600008.SH,20251107,3.19,3.21,3.18,3.19,3.19,0.0,0.0,725193.0,231890.631
600008.SH,20251106,3.19,3.22,3.18,3.19,3.19,0.0,0.0,995198.43,317960.419
600008.SH,20251105,3.18,3.2,3.16,3.19,3.19,0.0,0.0,892814.7,284292.075
600008.SH,20251104,3.19,3.21,3.18,3.19,3.2,-0.01,-0.3125,864789.09,276486.103
600008.SH,20251103,3.19,3.22,3.18,3.2,3.19,0.01,0.3135,791549.41,253018.571
600008.SH,20251031,3.26,3.26,3.17,3.19,3.28,-0.09,-2.7439,1828819.52,586647.409
600008.SH,20251030,3.28,3.31,3.26,3.28,3.3,-0.02,-0.6061,863158.5,283677.028
600008.SH,20251029,3.3,3.3,3.26,3.3,3.3,0.0,0.0,668137.16,219224.274
600008.SH,20251028,3.31,3.32,3.28,3.3,3.31,-0.01,-0.3021,763153.5,251255.044
600008.SH,20251027,3.33,3.36,3.3,3.31,3.33,-0.02,-0.6006,960098.86,319145.116
600008.SH,20251024,3.39,3.4,3.31,3.33,3.39,-0.06,-1.7699,1126661.66,376807.569
600008.SH,20251023,3.35,3.4,3.34,3.39,3.34,0.05,1.497,1330074.23,448198.17
600008.SH,20251022,3.35,3.38,3.33,3.34,3.33,0.01,0.3003,823236.04,276001.642
600008.SH,20251021,3.31,3.37,3.3,3.33,3.31,0.02,0.6042,1008429.37,336285.714
600008.SH,20251020,3.31,3.32,3.25,3.31,3.31,0.0,0.0,902943.22,296941.998
600008.SH,20251017,3.33,3.34,3.29,3.31,3.33,-0.02,-0.6006,906825.75,300656.667
600008.SH,20251016,3.33,3.37,3.3,3.33,3.32,0.01,0.3012,921937.39,306771.363
600008.SH,20251015,3.32,3.35,3.29,3.32,3.33,-0.01,-0.3003,1085278.36,359937.112
600008.SH,20251014,3.32,3.35,3.3,3.33,3.32,0.01,0.3012,1435072.25,477901.78
600008.SH,20251013,3.25,3.33,3.22,3.32,3.3,0.02,0.6061,1363739.32,447070.301
600008.SH,20251010,3.26,3.32,3.25,3.3,3.27,0.03,0.9174,1387832.59,456973.137
600008.SH,20251009,3.18,3.28,3.17,3.27,3.18,0.09,2.8302,1322870.94,428551.896
600008.SH,20250930,3.19,3.2,3.16,3.18,3.19,-0.01,-0.3135,682932.77,217170.977
600008.SH,20250929,3.19,3.2,3.16,3.19,3.19,0.0,0.0,768202.68,244371.558
600008.SH,20250926,3.16,3.21,3.15,3.19,3.16,0.03,0.9494,806289.05,256730.375
600008.SH,20250925,3.2,3.2,3.15,3.16,3.2,-0.04,-1.25,704915.72,223042.693
600008.SH,20250924,3.18,3.21,3.17,3.2,3.2,0.0,0.0,664995.01,211848.213
600008.SH,20250923,3.16,3.2,3.14,3.2,3.16,0.04,1.2658,968231.67,306301.235
600008.SH,20250922,3.19,3.19,3.15,3.16,3.19,-0.03,-0.9404,742748.7,234817.559
600008.SH,20250919,3.25,3.28,3.18,3.19,3.24,-0.05,-1.5432,1238215.55,397876.817
600008.SH,20250918,3.31,3.33,3.22,3.24,3.33,-0.09,-2.7027,1695753.9,554880.411
600008.SH,20250917,3.24,3.33,3.22,3.33,3.24,0.09,2.7778,1742855.3,570877.206
600008.SH,20250916,3.27,3.3,3.2,3.24,3.27,-0.03,-0.9174,1411690.44,456902.069
600008.SH,20250915,3.18,3.32,3.16,3.27,3.16,0.11,3.481,2875454.54,931894.138
600008.SH,20250912,3.15,3.2,3.14,3.16,3.15,0.01,0.3175,1455785.64,460453.508
600008.SH,20250911,3.13,3.16,3.11,3.15,3.12,0.03,0.9615,869118.16,272033.713
600008.SH,20250910,3.13,3.14,3.11,3.12,3.14,-0.02,-0.6369,654087.63,204335.182
600008.SH,20250909,3.15,3.15,3.11,3.14,3.14,0.0,0.0,683303.86,214110.064
600008.SH,20250908,3.13,3.17,3.12,3.14,3.13,0.01,0.3195,1064686.04,335444.608
600008.SH,20250905,3.16,3.17,3.11,3.13,3.17,-0.04,-1.2618,1174362.31,367074.33
600008.SH,20250904,3.14,3.17,3.1,3.17,3.13,0.04,1.278,1315387.76,412688.785
600008.SH,20250903,3.18,3.18,3.12,3.13,3.17,-0.04,-1.2618,893733.04,280337.441
600008.SH,20250902,3.14,3.19,3.13,3.17,3.14,0.03,0.9554,1501393.27,474673.626
600008.SH,20250901,3.13,3.15,3.1,3.14,3.13,0.01,0.3195,962159.86,301126.158
600008.SH,20250829,3.15,3.18,3.12,3.13,3.15,-0.02,-0.6349,905942.02,285031.594
600008.SH,20250828,3.14,3.16,3.1,3.15,3.14,0.01,0.3185,1015909.66,318177.841
600008.SH,20250827,3.22,3.23,3.13,3.14,3.22,-0.08,-2.4845,1083109.3,344452.612
600008.SH,20250826,3.19,3.24,3.18,3.22,3.19,0.03,0.9404,1159408.94,372614.267
600008.SH,20250825,3.19,3.2,3.17,3.19,3.19,0.0,0.0,938694.57,299281.124
600008.SH,20250822,3.16,3.19,3.13,3.19,3.16,0.03,0.9494,1223564.66,386483.464
600008.SH,20250821,3.14,3.17,3.14,3.16,3.14,0.02,0.6369,714041.49,225142.361
600008.SH,20250820,3.13,3.14,3.11,3.14,3.13,0.01,0.3195,566643.92,176987.776
600008.SH,20250819,3.15,3.15,3.12,3.13,3.14,-0.01,-0.3185,594890.02,186309.379
600008.SH,20250818,3.14,3.17,3.13,3.14,3.14,0.0,0.0,837794.07,263902.219
600008.SH,20250815,3.1,3.15,3.09,3.14,3.11,0.03,0.9646,883132.94,275776.9
600008.SH,20250814,3.11,3.13,3.09,3.11,3.11,0.0,0.0,922350.09,287146.444
600008.SH,20250813,3.1,3.11,3.09,3.11,3.1,0.01,0.3226,559443.23,173507.902
600008.SH,20250812,3.1,3.11,3.09,3.1,3.1,0.0,0.0,450045.5,139423.14
600008.SH,20250811,3.11,3.12,3.08,3.1,3.11,-0.01,-0.3215,724576.69,224287.279
600008.SH,20250808,3.09,3.12,3.08,3.11,3.09,0.02,0.6472,605270.0,188046.812
600008.SH,20250807,3.1,3.11,3.08,3.09,3.1,-0.01,-0.3226,380202.7,117511.352
600008.SH,20250806,3.1,3.11,3.07,3.1,3.1,0.0,0.0,491605.23,151858.328
600008.SH,20250805,3.09,3.1,3.08,3.1,3.08,0.02,0.6494,388382.57,120118.137
600008.SH,20250804,3.08,3.09,3.06,3.08,3.09,-0.01,-0.3236,634401.28,195070.543
600008.SH,20250801,3.09,3.11,3.08,3.09,3.08,0.01,0.3247,649357.2,200890.403
600008.SH,20250731,3.14,3.15,3.06,3.08,3.14,-0.06,-1.9108,1374370.48,424413.149
600008.SH,20250730,3.13,3.17,3.13,3.14,3.14,0.0,0.0,762442.61,240012.736
600008.SH,20250729,3.13,3.14,3.1,3.14,3.13,0.01,0.3195,657944.03,205275.103
600008.SH,20250728,3.14,3.15,3.11,3.13,3.15,-0.02,-0.6349,771600.56,241485.256
600008.SH,20250725,3.18,3.19,3.14,3.15,3.18,-0.03,-0.9434,777734.68,245797.116
600008.SH,20250724,3.16,3.18,3.14,3.18,3.16,0.02,0.6329,802392.79,253853.604
600008.SH,20250723,3.19,3.2,3.15,3.16,3.19,-0.03,-0.9404,938177.42,297820.468
600008.SH,20250722,3.14,3.19,3.12,3.19,3.15,0.04,1.2698,1152173.91,363981.077
600008.SH,20250721,3.09,3.15,3.09,3.15,3.09,0.06,1.9417,1030231.68,322598.506
600008.SH,20250718,3.09,3.1,3.08,3.09,3.08,0.01,0.3247,607442.95,187678.845
600008.SH,20250717,3.08,3.09,3.06,3.08,3.08,0.0,0.0,504857.91,155270.451
600008.SH,20250716,3.09,3.09,3.07,3.08,3.09,-0.01,-0.3236,503585.07,155118.518
600008.SH,20250715,3.12,3.13,3.07,3.09,3.12,-0.03,-0.9615,844042.1,260728.731
600008.SH,20250714,3.12,3.15,3.11,3.12,3.11,0.01,0.3215,788892.9,247010.013
600008.SH,20250711,3.1,3.13,3.1,3.11,3.11,0.0,0.0,751758.39,234274.624
600008.SH,20250710,3.08,3.12,3.07,3.11,3.08,0.03,0.974,802697.19,248875.213
600008.SH,20250709,3.09,3.1,3.07,3.08,3.09,-0.01,-0.3236,484003.9,149244.379
600008.SH,20250708,3.09,3.1,3.06,3.09,3.09,0.0,0.0,681357.51,209784.195
600008.SH,20250707,3.06,3.1,3.05,3.09,3.06,0.03,0.9804,716239.09,220645.015
600008.SH,20250704,3.05,3.08,3.04,3.06,3.05,0.01,0.3279,689386.46,211242.47
600008.SH,20250703,3.06,3.06,3.04,3.05,3.06,-0.01,-0.3268,449153.09,136926.717
600008.SH,20250702,3.04,3.06,3.03,3.06,3.04,0.02,0.6579,566804.02,172956.792
600008.SH,20250701,3.03,3.05,3.02,3.04,3.02,0.02,0.6623,545779.19,165779.655
600008.SH,20250630,3.04,3.05,3.01,3.02,3.04,-0.02,-0.6579,616265.22,186364.806
600008.SH,20250627,3.05,3.07,3.03,3.04,3.05,-0.01,-0.3279,698340.61,212778.429
600008.SH,20250626,3.06,3.07,3.04,3.05,3.06,-0.01,-0.3268,412350.32,125787.937
600008.SH,20250625,3.01,3.06,3.0,3.06,3.01,0.05,1.6611,783906.43,237726.026
600008.SH,20250624,3.01,3.03,3.0,3.01,3.0,0.01,0.3333,527887.77,159081.516
600008.SH,20250623,2.99,3.01,2.98,3.0,3.0,0.0,0.0,631974.8,189145.097
600008.SH,20250620,3.01,3.02,2.99,3.0,3.01,-0.01,-0.3322,365364.27,109874.448
600008.SH,20250619,3.04,3.05,2.98,3.01,3.04,-0.03,-0.9868,789686.4,237785.2
600008.SH,20250618,3.06,3.07,3.04,3.04,3.06,-0.02,-0.6536,418997.87,127863.834
600008.SH,20250617,3.05,3.06,3.03,3.06,3.05,0.01,0.3279,540862.62,164751.975
600008.SH,20250616,3.06,3.07,3.03,3.05,3.06,-0.01,-0.3268,702799.02,214221.928
600008.SH,20250613,3.1,3.11,3.05,3.06,3.08,-0.02,-0.6494,1057989.46,325906.026
600008.SH,20250612,3.26,3.26,3.22,3.25,3.26,-0.01,-0.3067,921792.92,298509.03
600008.SH,20250611,3.26,3.27,3.25,3.26,3.25,0.01,0.3077,657482.38,214270.236
600008.SH,20250610,3.24,3.28,3.22,3.25,3.24,0.01,0.3086,1088701.42,354361.243
600008.SH,20250609,3.2,3.24,3.2,3.24,3.2,0.04,1.25,856360.22,275887.635
600008.SH,20250606,3.18,3.2,3.17,3.2,3.18,0.02,0.6289,577820.11,184205.677
600008.SH,20250605,3.19,3.21,3.17,3.18,3.19,-0.01,-0.3135,554074.28,176444.315
600008.SH,20250604,3.18,3.19,3.17,3.19,3.19,0.0,0.0,402771.77,128235.971
600008.SH,20250603,3.18,3.19,3.15,3.19,3.19,0.0,0.0,649059.8,205794.123
600008.SH,20250530,3.19,3.2,3.17,3.19,3.18,0.01,0.3145,829402.66,264277.963
600008.SH,20250529,3.17,3.19,3.16,3.18,3.18,0.0,0.0,562028.17,178443.294
600008.SH,20250528,3.14,3.18,3.13,3.18,3.14,0.04,1.2739,864780.43,273819.421
600008.SH,20250527,3.13,3.15,3.12,3.14,3.14,0.0,0.0,401335.71,125886.74
600008.SH,20250526,3.14,3.15,3.12,3.14,3.13,0.01,0.3195,424109.05,132969.8
600008.SH,20250523,3.16,3.18,3.13,3.13,3.16,-0.03,-0.9494,660012.3,208246.225
600008.SH,20250522,3.18,3.19,3.15,3.16,3.19,-0.03,-0.9404,632374.51,199899.213
600008.SH,20250521,3.18,3.19,3.17,3.19,3.18,0.01,0.3145,440069.27,139987.163
600008.SH,20250520,3.18,3.19,3.17,3.18,3.18,0.0,0.0,432231.34,137426.853
600008.SH,20250519,3.14,3.19,3.14,3.18,3.14,0.04,1.2739,882592.08,279937.284
600008.SH,20250516,3.17,3.18,3.14,3.14,3.17,-0.03,-0.9464,658264.53,207687.905
600008.SH,20250515,3.17,3.21,3.16,3.17,3.18,-0.01,-0.3145,905149.39,288037.372
600008.SH,20250514,3.15,3.18,3.13,3.18,3.15,0.03,0.9524,973811.49,307476.159
600008.SH,20250513,3.15,3.16,3.14,3.15,3.14,0.01,0.3185,585962.94,184521.831
600008.SH,20250512,3.15,3.15,3.12,3.14,3.14,0.0,0.0,922029.78,288995.782
600008.SH,20250509,3.15,3.17,3.14,3.14,3.15,-0.01,-0.3175,757499.64,238662.185
600008.SH,20250508,3.16,3.16,3.14,3.15,3.16,-0.01,-0.3165,642030.07,202327.242
600008.SH,20250507,3.17,3.18,3.15,3.16,3.16,0.0,0.0,785991.61,248441.209
600008.SH,20250506,3.17,3.18,3.14,3.16,3.16,0.0,0.0,1081625.0,341239.826
600008.SH,20250430,3.14,3.2,3.12,3.16,3.13,0.03,0.9585,982980.1,310866.989
600008.SH,20250429,3.16,3.17,3.11,3.13,3.16,-0.03,-0.9494,884095.99,277405.146
600008.SH,20250428,3.17,3.18,3.14,3.16,3.16,0.0,0.0,707330.53,223638.75
600008.SH,20250425,3.13,3.16,3.13,3.16,3.13,0.03,0.9585,695773.35,218920.526
600008.SH,20250424,3.1,3.15,3.09,3.13,3.1,0.03,0.9677,1064646.18,333036.335
600008.SH,20250423,3.09,3.11,3.07,3.1,3.09,0.01,0.3236,588610.02,181910.779
600008.SH,20250422,3.08,3.1,3.07,3.09,3.08,0.01,0.3247,551848.62,170248.62
600008.SH,20250421,3.08,3.09,3.06,3.08,3.08,0.0,0.0,559983.8,172315.256
600008.SH,20250418,3.08,3.09,3.06,3.08,3.08,0.0,0.0,420397.04,129190.988
600008.SH,20250417,3.07,3.1,3.06,3.08,3.09,-0.01,-0.3236,541369.46,167128.716
600008.SH,20250416,3.07,3.09,3.05,3.09,3.08,0.01,0.3247,626838.83,192544.591
600008.SH,20250415,3.11,3.11,3.06,3.08,3.1,-0.02,-0.6452,764752.96,235277.835
600008.SH,20250414,3.14,3.15,3.1,3.1,3.1,0.0,0.0,843143.19,262717.984
600008.SH,20250411,3.08,3.11,3.08,3.1,3.1,0.0,0.0,595999.4,184337.231
600008.SH,20250410,3.09,3.15,3.08,3.1,3.08,0.02,0.6494,1165204.61,362364.813
600008.SH,20250409,3.01,3.1,2.94,3.08,3.03,0.05,1.6502,1461236.96,442795.421
600008.SH,20250408,2.96,3.07,2.95,3.03,2.95,0.08,2.7119,1384865.28,419324.788
600008.SH,20250407,3.13,3.14,2.9,2.95,3.19,-0.24,-7.5235,2087303.17,631274.947
600008.SH,20250403,3.13,3.2,3.13,3.19,3.14,0.05,1.5924,1155402.86,367229.618
600008.SH,20250402,3.16,3.17,3.14,3.14,3.16,-0.02,-0.6329,575888.16,181646.973
600008.SH,20250401,3.12,3.16,3.11,3.16,3.12,0.04,1.2821,778593.74,244832.873
600008.SH,20250331,3.12,3.16,3.1,3.12,3.13,-0.01,-0.3195,870237.61,272503.738
600008.SH,20250328,3.14,3.15,3.11,3.13,3.13,0.0,0.0,718639.43,224862.09
600008.SH,20250327,3.15,3.16,3.12,3.13,3.15,-0.02,-0.6349,632844.29,198511.786
600008.SH,20250326,3.17,3.18,3.14,3.15,3.18,-0.03,-0.9434,799520.73,252164.733
600008.SH,20250325,3.14,3.18,3.12,3.18,3.14,0.04,1.2739,1058896.69,334944.742
600008.SH,20250324,3.12,3.16,3.11,3.14,3.11,0.03,0.9646,1038419.52,325461.85
600008.SH,20250321,3.1,3.14,3.09,3.11,3.1,0.01,0.3226,1072939.63,334955.678
600008.SH,20250320,3.11,3.12,3.09,3.1,3.12,-0.02,-0.641,662184.79,205640.372
600008.SH,20250319,3.11,3.12,3.1,3.12,3.11,0.01,0.3215,501355.5,155794.982
600008.SH,20250318,3.13,3.13,3.1,3.11,3.12,-0.01,-0.3205,655781.59,203938.228
600008.SH,20250317,3.1,3.14,3.09,3.12,3.1,0.02,0.6452,1032180.4,321601.176
600008.SH,20250314,3.08,3.11,3.07,3.1,3.07,0.03,0.9772,1097355.69,339322.356
600008.SH,20250313,3.09,3.09,3.06,3.07,3.09,-0.02,-0.6472,865961.9,266175.306
600008.SH,20250312,3.08,3.09,3.06,3.09,3.08,0.01,0.3247,764435.68,235444.077
600008.SH,20250311,3.06,3.08,3.04,3.08,3.07,0.01,0.3257,744426.44,228125.799
600008.SH,20250310,3.06,3.08,3.05,3.07,3.06,0.01,0.3268,599563.61,183837.98
600008.SH,20250307,3.06,3.08,3.05,3.06,3.07,-0.01,-0.3257,651850.25,199829.957
600008.SH,20250306,3.06,3.07,3.04,3.07,3.05,0.02,0.6557,702238.71,214815.857
600008.SH,20250305,3.07,3.07,3.03,3.05,3.06,-0.01,-0.3268,640655.11,195173.844
600008.SH,20250304,3.03,3.07,3.01,3.06,3.02,0.04,1.3245,910066.98,277427.609
600008.SH,20250303,3.02,3.05,3.01,3.02,3.01,0.01,0.3322,744897.96,225562.162
600008.SH,20250228,3.04,3.05,3.01,3.01,3.04,-0.03,-0.9868,841213.21,254551.468
600008.SH,20250227,3.06,3.08,3.02,3.04,3.06,-0.02,-0.6536,877094.33,266946.929
600008.SH,20250226,3.04,3.07,3.03,3.06,3.04,0.02,0.6579,737272.78,224722.189
600008.SH,20250225,3.07,3.08,3.03,3.04,3.08,-0.04,-1.2987,948346.39,289202.168
600008.SH,20250224,3.07,3.14,3.06,3.08,3.07,0.01,0.3257,1178069.09,364902.221
600008.SH,20250221,3.07,3.08,3.05,3.07,3.07,0.0,0.0,897133.37,275148.82
600008.SH,20250220,3.08,3.09,3.05,3.07,3.08,-0.01,-0.3247,737078.28,226255.748
600008.SH,20250219,3.08,3.1,3.07,3.08,3.08,0.0,0.0,562433.85,173534.156
600008.SH,20250218,3.12,3.12,3.07,3.08,3.12,-0.04,-1.2821,760946.37,235846.702
600008.SH,20250217,3.11,3.13,3.09,3.12,3.11,0.01,0.3215,682463.8,212254.57
600008.SH,20250214,3.12,3.13,3.09,3.11,3.13,-0.02,-0.639,727944.79,226188.553
600008.SH,20250213,3.14,3.15,3.12,3.13,3.14,-0.01,-0.3185,683172.95,214148.203
600008.SH,20250212,3.13,3.15,3.11,3.14,3.13,0.01,0.3195,633580.6,198133.838
600008.SH,20250211,3.15,3.16,3.11,3.13,3.15,-0.02,-0.6349,806720.66,252446.564
600008.SH,20250210,3.14,3.2,3.13,3.15,3.14,0.01,0.3185,949684.12,299667.183
600008.SH,20250207,3.12,3.17,3.1,3.14,3.12,0.02,0.641,1103048.91,346208.398
600008.SH,20250206,3.1,3.13,3.08,3.12,3.1,0.02,0.6452,849871.12,263827.544
600008.SH,20250205,3.17,3.17,3.09,3.1,3.15,-0.05,-1.5873,1003129.65,312999.735
600008.SH,20250127,3.13,3.19,3.13,3.15,3.13,0.02,0.639,975190.57,307986.297
600008.SH,20250124,3.11,3.15,3.08,3.13,3.12,0.01,0.3205,748117.12,233111.126
600008.SH,20250123,3.13,3.18,3.1,3.12,3.09,0.03,0.9709,918294.78,288275.495
600008.SH,20250122,3.09,3.1,3.05,3.09,3.09,0.0,0.0,454693.58,139966.119
600008.SH,20250121,3.13,3.14,3.08,3.09,3.12,-0.03,-0.9615,536243.39,166122.126
600008.SH,20250120,3.14,3.15,3.11,3.12,3.12,0.0,0.0,489270.31,153137.475
600008.SH,20250117,3.11,3.14,3.08,3.12,3.12,0.0,0.0,597854.64,186177.124
600008.SH,20250116,3.09,3.14,3.09,3.12,3.08,0.04,1.2987,743815.21,232254.423
600008.SH,20250115,3.1,3.12,3.08,3.08,3.1,-0.02,-0.6452,509153.06,157430.945
600008.SH,20250114,3.05,3.12,3.05,3.1,3.06,0.04,1.3072,792468.28,244732.679
600008.SH,20250113,3.03,3.06,3.02,3.06,3.04,0.02,0.6579,613514.2,186418.465
600008.SH,20250110,3.08,3.1,3.04,3.04,3.08,-0.04,-1.2987,557140.49,170896.191
600008.SH,20250109,3.11,3.11,3.08,3.08,3.12,-0.04,-1.2821,513780.7,158943.738
600008.SH,20250108,3.13,3.14,3.07,3.12,3.14,-0.02,-0.6369,812921.68,252739.379
600008.SH,20250107,3.15,3.16,3.1,3.14,3.16,-0.02,-0.6329,630591.55,197323.74
600008.SH,20250106,3.15,3.17,3.12,3.16,3.13,0.03,0.9585,711357.6,223779.956
600008.SH,20250103,3.19,3.2,3.12,3.13,3.17,-0.04,-1.2618,820069.23,259281.244
600008.SH,20250102,3.28,3.3,3.15,3.17,3.28,-0.11,-3.3537,1106144.22,356926.686
603218.SH,20260527,12.37,12.44,12.01,12.05,12.37,-0.32,-2.5869,90876.0,110776.798
603218.SH,20260526,12.2,12.37,12.02,12.37,12.21,0.16,1.3104,97648.93,118872.897
603218.SH,20260525,12.25,12.31,12.1,12.21,12.27,-0.06,-0.489,87218.85,106253.536
603218.SH,20260522,12.11,12.4,12.01,12.27,12.12,0.15,1.2376,122296.42,149603.789
603218.SH,20260521,12.34,12.36,12.11,12.12,12.28,-0.16,-1.3029,104574.65,127913.417
603218.SH,20260520,12.41,12.41,12.23,12.28,12.46,-0.18,-1.4446,71902.0,88391.321
603218.SH,20260519,12.45,12.5,12.21,12.46,12.41,0.05,0.4029,93144.75,115092.399
603218.SH,20260518,12.5,12.6,12.33,12.41,12.6,-0.19,-1.5079,87795.1,109376.906
603218.SH,20260515,12.8,12.85,12.4,12.6,12.82,-0.22,-1.7161,163181.72,205185.625
603218.SH,20260514,13.24,13.31,12.82,12.82,13.23,-0.41,-3.099,150284.51,195004.467
603218.SH,20260513,12.84,13.63,12.76,13.23,12.72,0.51,4.0094,262192.56,346291.97
603218.SH,20260512,12.93,12.94,12.7,12.72,12.93,-0.21,-1.6241,126488.84,161782.304
603218.SH,20260511,12.68,13.16,12.68,12.93,12.67,0.26,2.0521,227911.23,295482.026
603218.SH,20260508,12.62,12.69,12.46,12.67,12.61,0.06,0.4758,158297.69,199182.167
603218.SH,20260507,12.65,12.72,12.59,12.61,12.64,-0.03,-0.2373,142050.5,179594.525
603218.SH,20260506,12.8,12.89,12.58,12.64,12.75,-0.11,-0.8627,167501.92,212301.81
603218.SH,20260430,12.88,12.95,12.56,12.75,13.0,-0.25,-1.9231,165366.15,210234.703
603218.SH,20260429,12.82,13.12,12.8,13.0,12.99,0.01,0.077,172224.16,223420.197
603218.SH,20260428,13.41,13.75,12.96,12.99,14.4,-1.41,-9.7917,406872.27,537564.995
603218.SH,20260427,14.45,14.64,14.38,14.4,14.45,-0.05,-0.346,125345.06,181928.158
603218.SH,20260424,14.43,14.76,14.43,14.45,14.56,-0.11,-0.7555,106566.73,155343.424
603218.SH,20260423,14.74,14.86,14.42,14.56,14.74,-0.18,-1.2212,124035.46,180911.107
603218.SH,20260422,14.48,14.8,14.42,14.74,14.57,0.17,1.1668,116829.92,171737.143
603218.SH,20260421,14.69,14.73,14.42,14.57,14.68,-0.11,-0.7493,94989.75,138223.527
603218.SH,20260420,14.31,14.72,14.22,14.68,14.35,0.33,2.2997,155737.92,226574.069
603218.SH,20260417,14.06,14.5,14.04,14.35,14.09,0.26,1.8453,122404.08,174989.886
603218.SH,20260416,14.05,14.19,14.04,14.09,14.1,-0.01,-0.0709,73600.0,103823.989
603218.SH,20260415,14.07,14.27,14.0,14.1,14.08,0.02,0.142,96755.12,136715.727
603218.SH,20260414,14.15,14.19,13.92,14.08,14.04,0.04,0.2849,76518.0,107139.694
603218.SH,20260413,13.81,14.11,13.8,14.04,14.01,0.03,0.2141,88896.18,124545.281
603218.SH,20260410,13.9,14.21,13.9,14.01,13.88,0.13,0.9366,103670.91,146069.587
603218.SH,20260409,13.8,14.03,13.73,13.88,13.94,-0.06,-0.4304,108364.61,150486.436
603218.SH,20260408,13.66,13.94,13.62,13.94,13.4,0.54,4.0299,133513.99,184500.831
603218.SH,20260407,13.35,13.5,13.3,13.4,13.32,0.08,0.6006,86642.6,116148.839
603218.SH,20260403,13.93,13.97,13.3,13.32,13.9,-0.58,-4.1727,187073.72,252258.698
603218.SH,20260402,14.26,14.65,13.81,13.9,14.36,-0.46,-3.2033,213874.37,302210.161
603218.SH,20260401,14.6,14.79,14.28,14.36,14.4,-0.04,-0.2778,172389.06,249876.365
603218.SH,20260331,14.8,14.98,14.4,14.4,14.86,-0.46,-3.0956,175618.34,256917.117
603218.SH,20260330,14.52,15.02,14.44,14.86,14.71,0.15,1.0197,213184.09,314721.849
603218.SH,20260327,14.34,14.86,14.32,14.71,14.5,0.21,1.4483,177140.36,259545.379
603218.SH,20260326,14.91,15.08,14.47,14.5,15.0,-0.5,-3.3333,218301.0,321156.023
603218.SH,20260325,14.75,15.13,14.69,15.0,14.81,0.19,1.2829,238651.33,356955.634
603218.SH,20260324,14.67,14.85,14.29,14.81,14.39,0.42,2.9187,245447.82,359115.315
603218.SH,20260323,14.52,15.03,14.27,14.39,14.9,-0.51,-3.4228,292793.23,427592.971
603218.SH,20260320,15.0,15.4,14.81,14.9,15.13,-0.23,-1.5202,323275.2,486633.983
603218.SH,20260319,14.69,15.67,14.63,15.13,14.86,0.27,1.817,403943.25,613470.281
603218.SH,20260318,15.11,15.2,14.6,14.86,15.1,-0.24,-1.5894,348127.32,515745.754
603218.SH,20260317,15.46,15.99,15.03,15.1,15.82,-0.72,-4.5512,489400.07,754280.297
603218.SH,20260316,16.88,17.09,15.49,15.82,16.65,-0.83,-4.985,616483.53,996296.163
603218.SH,20260313,15.5,16.98,15.24,16.65,15.47,1.18,7.6277,663555.51,1068667.289
603218.SH,20260312,14.88,15.67,14.66,15.47,14.87,0.6,4.035,372740.61,566900.944
603218.SH,20260311,14.64,14.95,14.51,14.87,14.66,0.21,1.4325,172930.53,255210.193
603218.SH,20260310,14.46,14.76,14.37,14.66,14.41,0.25,1.7349,177267.77,258588.912
603218.SH,20260309,14.38,14.5,14.17,14.41,14.44,-0.03,-0.2078,136832.72,195758.991
603218.SH,20260306,14.19,14.59,14.07,14.44,14.21,0.23,1.6186,165538.7,238510.872
603218.SH,20260305,14.0,14.32,13.96,14.21,13.87,0.34,2.4513,117314.57,166313.634
603218.SH,20260304,13.62,14.1,13.6,13.87,13.76,0.11,0.7994,107041.38,148808.018
603218.SH,20260303,14.24,14.36,13.69,13.76,14.24,-0.48,-3.3708,132262.18,184519.894
603218.SH,20260302,14.15,14.39,14.05,14.24,14.23,0.01,0.0703,120601.35,171917.474
603218.SH,20260227,14.33,14.34,14.15,14.23,14.31,-0.08,-0.559,87394.39,124518.756
603218.SH,20260226,14.16,14.37,13.97,14.31,14.09,0.22,1.5614,116423.1,165439.89
603218.SH,20260225,14.01,14.2,13.97,14.09,14.01,0.08,0.571,98053.0,138388.518
603218.SH,20260224,13.66,14.04,13.6,14.01,13.52,0.49,3.6243,115930.11,161670.566
603218.SH,20260213,13.77,13.85,13.52,13.52,13.76,-0.24,-1.7442,77582.0,106155.153
603218.SH,20260212,13.88,13.95,13.69,13.76,13.85,-0.09,-0.6498,82706.66,114271.272
603218.SH,20260211,13.76,13.96,13.75,13.85,13.8,0.05,0.3623,76626.99,106327.305
603218.SH,20260210,13.88,14.02,13.75,13.8,13.88,-0.08,-0.5764,75605.21,104676.259
603218.SH,20260209,13.62,13.89,13.57,13.88,13.53,0.35,2.5868,98726.21,135994.576
603218.SH,20260206,13.46,13.75,13.38,13.53,13.55,-0.02,-0.1476,88927.0,121116.544
603218.SH,20260205,13.87,13.89,13.47,13.55,13.83,-0.28,-2.0246,106946.75,145521.653
603218.SH,20260204,13.64,13.9,13.6,13.83,13.64,0.19,1.393,108416.86,149718.302
603218.SH,20260203,13.45,13.65,13.4,13.64,13.33,0.31,2.3256,83359.92,113043.638
603218.SH,20260202,13.91,13.91,13.32,13.33,13.91,-0.58,-4.1697,123734.0,168311.989
603218.SH,20260130,13.76,14.02,13.56,13.91,13.94,-0.03,-0.2152,146833.4,203185.503
603218.SH,20260129,14.23,14.24,13.93,13.94,14.23,-0.29,-2.0379,126520.33,178156.083
603218.SH,20260128,14.18,14.31,13.98,14.23,14.22,0.01,0.0703,124496.36,175959.385
603218.SH,20260127,14.07,14.34,13.91,14.22,14.19,0.03,0.2114,145453.23,205218.729
603218.SH,20260126,14.42,14.46,14.05,14.19,14.37,-0.18,-1.2526,152586.21,216274.519
603218.SH,20260123,14.12,14.46,14.12,14.37,14.11,0.26,1.8427,163705.56,233630.296
603218.SH,20260122,13.94,14.24,13.86,14.11,13.8,0.31,2.2464,186520.09,262901.38
603218.SH,20260121,13.78,13.95,13.74,13.8,13.81,-0.01,-0.0724,112875.82,156464.965
603218.SH,20260120,13.87,13.96,13.73,13.81,13.87,-0.06,-0.4326,112285.92,155174.675
603218.SH,20260119,13.69,13.92,13.68,13.87,13.68,0.19,1.3889,130250.54,180233.436
603218.SH,20260116,13.58,13.68,13.53,13.68,13.54,0.14,1.034,122331.0,166485.715
603218.SH,20260115,13.43,13.64,13.4,13.54,13.45,0.09,0.6691,96976.92,130928.314
603218.SH,20260114,13.51,13.7,13.3,13.45,13.51,-0.06,-0.4441,153174.12,207525.032
603218.SH,20260113,13.65,13.66,13.43,13.51,13.68,-0.17,-1.2427,143041.92,193588.7
603218.SH,20260112,13.66,13.79,13.61,13.68,13.65,0.03,0.2198,152240.46,208606.071
603218.SH,20260109,13.55,13.89,13.53,13.65,13.47,0.18,1.3363,149547.72,204776.649
603218.SH,20260108,13.33,13.59,13.3,13.47,13.32,0.15,1.1261,134087.42,181065.646
603218.SH,20260107,13.5,13.5,13.31,13.32,13.54,-0.22,-1.6248,119970.12,160558.927
603218.SH,20260106,13.27,13.56,13.25,13.54,13.25,0.29,2.1887,150457.73,201671.697
603218.SH,20260105,13.24,13.36,13.18,13.25,13.25,0.0,0.0,121377.6,160793.496
603218.SH,20251231,13.19,13.28,13.02,13.25,13.2,0.05,0.3788,82526.0,108770.426
603218.SH,20251230,13.3,13.39,13.11,13.2,13.35,-0.15,-1.1236,81706.02,108291.3
603218.SH,20251229,13.29,13.5,13.21,13.35,13.28,0.07,0.5271,92462.22,123937.314
603218.SH,20251226,13.3,13.43,13.21,13.28,13.34,-0.06,-0.4498,92552.62,123458.561
603218.SH,20251225,13.2,13.41,13.11,13.34,13.15,0.19,1.4449,93319.0,124164.325
603218.SH,20251224,12.86,13.19,12.78,13.15,12.9,0.25,1.938,102751.73,134321.712
603218.SH,20251223,12.87,12.98,12.78,12.9,12.86,0.04,0.311,69106.8,89125.12
603218.SH,20251222,12.7,12.92,12.7,12.86,12.73,0.13,1.0212,69983.0,89955.017
603218.SH,20251219,12.7,12.84,12.68,12.73,12.67,0.06,0.4736,63682.0,81276.586
603218.SH,20251218,12.65,12.77,12.61,12.67,12.74,-0.07,-0.5495,53685.03,68124.979
603218.SH,20251217,12.61,12.77,12.4,12.74,12.63,0.11,0.8709,88543.09,111395.9
603218.SH,20251216,12.97,13.0,12.61,12.63,13.02,-0.39,-2.9954,105163.16,133597.522
603218.SH,20251215,12.94,13.17,12.9,13.02,12.98,0.04,0.3082,83832.82,109313.415
603218.SH,20251212,12.8,13.05,12.8,12.98,12.86,0.12,0.9331,111434.02,144462.257
603218.SH,20251211,12.79,13.18,12.79,12.86,12.79,0.07,0.5473,117312.0,152033.906
603218.SH,20251210,12.73,12.8,12.57,12.79,12.76,0.03,0.2351,100364.6,127079.146
603218.SH,20251209,12.95,13.01,12.73,12.76,12.9,-0.14,-1.0853,91073.65,116913.78
603218.SH,20251208,13.06,13.12,12.87,12.9,13.06,-0.16,-1.2251,110906.02,143619.476
603218.SH,20251205,12.98,13.15,12.87,13.06,12.96,0.1,0.7716,103934.28,135335.932
603218.SH,20251204,12.85,13.0,12.78,12.96,12.84,0.12,0.9346,87862.49,113490.394
603218.SH,20251203,12.74,12.95,12.72,12.84,12.74,0.1,0.7849,91750.84,117839.399
603218.SH,20251202,12.8,12.81,12.62,12.74,12.8,-0.06,-0.4688,67820.44,86153.024
603218.SH,20251201,12.9,13.0,12.73,12.8,12.87,-0.07,-0.5439,113108.51,144829.48
603218.SH,20251128,12.83,12.92,12.73,12.87,12.79,0.08,0.6255,70636.16,90919.334
603218.SH,20251127,12.79,12.93,12.77,12.79,12.78,0.01,0.0782,60945.0,78369.398
603218.SH,20251126,12.96,12.99,12.77,12.78,12.95,-0.17,-1.3127,79556.98,102316.893
603218.SH,20251125,13.12,13.15,12.93,12.95,13.06,-0.11,-0.8423,100828.95,131424.255
603218.SH,20251124,12.77,13.16,12.77,13.06,12.77,0.29,2.2709,117990.83,153871.411
603218.SH,20251121,13.2,13.2,12.72,12.77,13.27,-0.5,-3.7679,136503.37,176098.893
603218.SH,20251120,13.49,13.53,13.21,13.27,13.44,-0.17,-1.2649,82467.85,110267.822
603218.SH,20251119,13.67,13.84,13.33,13.44,13.67,-0.23,-1.6825,131499.59,177232.466
603218.SH,20251118,13.83,14.15,13.61,13.67,13.78,-0.11,-0.7983,132254.8,182759.729
603218.SH,20251117,14.17,14.24,13.73,13.78,14.19,-0.41,-2.8894,149638.68,207563.948
603218.SH,20251114,14.2,14.52,14.01,14.19,14.16,0.03,0.2119,143362.14,204932.891
603218.SH,20251113,14.06,14.35,14.0,14.16,14.05,0.11,0.7829,131914.08,187694.165
603218.SH,20251112,14.46,14.55,13.9,14.05,14.56,-0.51,-3.5027,178419.28,251909.021
603218.SH,20251111,14.38,14.72,14.38,14.56,14.32,0.24,1.676,164766.21,240106.688
603218.SH,20251110,14.68,14.68,14.26,14.32,14.56,-0.24,-1.6484,190523.95,274046.841
603218.SH,20251107,14.51,14.69,14.33,14.56,14.63,-0.07,-0.4785,124854.18,181826.968
603218.SH,20251106,14.36,14.84,14.3,14.63,14.36,0.27,1.8802,190316.07,278089.506
603218.SH,20251105,13.99,14.43,13.87,14.36,14.1,0.26,1.844,151749.48,215935.564
603218.SH,20251104,14.43,14.51,13.99,14.1,14.43,-0.33,-2.2869,145208.0,205551.764
603218.SH,20251103,14.54,14.63,14.19,14.43,14.54,-0.11,-0.7565,162626.46,233548.17
603218.SH,20251031,14.53,15.0,14.48,14.54,14.53,0.01,0.0688,177361.44,261377.844
603218.SH,20251030,14.62,14.81,14.45,14.53,14.82,-0.29,-1.9568,217150.22,317694.628
603218.SH,20251029,14.25,14.86,14.17,14.82,14.34,0.48,3.3473,217680.7,317478.959
603218.SH,20251028,14.48,14.59,14.29,14.34,14.55,-0.21,-1.4433,154223.65,221798.468
603218.SH,20251027,14.74,14.88,14.48,14.55,14.84,-0.29,-1.9542,222614.21,324995.098
603218.SH,20251024,14.2,15.08,14.2,14.84,14.2,0.64,4.507,378069.35,561348.969
603218.SH,20251023,13.72,14.23,13.52,14.2,13.88,0.32,2.3055,243036.16,338046.048
603218.SH,20251022,13.65,14.1,13.52,13.88,13.65,0.23,1.685,272549.7,377893.22
603218.SH,20251021,13.63,13.85,13.55,13.65,13.52,0.13,0.9615,166435.1,228238.535
603218.SH,20251020,13.77,13.89,13.46,13.52,13.55,-0.03,-0.2214,181979.95,248464.305
603218.SH,20251017,14.34,14.4,13.55,13.55,14.39,-0.84,-5.8374,319933.98,444064.12
603218.SH,20251016,14.66,14.7,14.35,14.39,14.78,-0.39,-2.6387,225195.13,325978.66
603218.SH,20251015,14.69,14.96,14.49,14.78,14.76,0.02,0.1355,283042.72,416349.761
603218.SH,20251014,15.08,15.69,14.63,14.76,15.02,-0.26,-1.731,460730.18,698232.747
603218.SH,20251013,14.4,15.06,14.28,15.02,14.99,0.03,0.2001,415465.89,614430.142
603218.SH,20251010,14.74,15.06,14.65,14.99,14.81,0.18,1.2154,427971.3,637658.133
603218.SH,20251009,14.69,14.93,14.45,14.81,14.69,0.12,0.8169,451880.17,666682.172
603218.SH,20250930,14.31,15.16,14.31,14.69,14.34,0.35,2.4407,442280.69,651335.872
603218.SH,20250929,14.6,14.82,14.17,14.34,14.4,-0.06,-0.4167,712611.86,1032644.03
603218.SH,20250926,13.3,14.61,13.26,14.4,13.28,1.12,8.4337,1026493.55,1468887.84
603218.SH,20250925,13.09,13.55,13.04,13.28,13.06,0.22,1.6845,278417.5,371670.738
603218.SH,20250924,12.73,13.1,12.69,13.06,12.82,0.24,1.8721,166548.15,215205.709
603218.SH,20250923,12.71,12.96,12.31,12.82,12.74,0.08,0.6279,192067.0,241290.078
603218.SH,20250922,12.93,12.96,12.63,12.74,12.93,-0.19,-1.4695,107074.0,136284.151
603218.SH,20250919,12.86,13.2,12.82,12.93,12.92,0.01,0.0774,143191.24,186184.072
603218.SH,20250918,12.93,13.33,12.78,12.92,12.98,-0.06,-0.4622,268457.37,350659.566
603218.SH,20250917,12.53,13.09,12.52,12.98,12.59,0.39,3.0977,227252.52,293045.766
603218.SH,20250916,12.66,12.68,12.42,12.59,12.66,-0.07,-0.5529,101677.63,127543.678
603218.SH,20250915,12.79,12.94,12.65,12.66,12.83,-0.17,-1.325,102402.2,130445.255
603218.SH,20250912,13.03,13.04,12.78,12.83,13.02,-0.19,-1.4593,138614.82,178390.345
603218.SH,20250911,12.68,13.14,12.62,13.02,12.75,0.27,2.1176,130289.71,168264.459
603218.SH,20250910,13.0,13.01,12.68,12.75,12.99,-0.24,-1.8476,131686.64,168540.665
603218.SH,20250909,13.25,13.3,12.96,12.99,13.29,-0.3,-2.2573,146912.69,192565.089
603218.SH,20250908,13.25,13.33,12.99,13.29,13.25,0.04,0.3019,250407.69,329850.367
603218.SH,20250905,12.36,13.27,12.36,13.25,12.34,0.91,7.3744,361656.15,466484.85
603218.SH,20250904,12.37,12.63,12.21,12.34,12.36,-0.02,-0.1618,164831.62,204927.836
603218.SH,20250903,12.48,12.52,12.24,12.36,12.45,-0.09,-0.7229,169838.74,209940.735
603218.SH,20250902,12.77,12.78,12.35,12.45,12.77,-0.32,-2.5059,177654.57,221857.012
603218.SH,20250901,13.0,13.03,12.61,12.77,12.92,-0.15,-1.161,205461.9,261782.59
603218.SH,20250829,13.3,13.3,12.74,12.92,13.36,-0.44,-3.2934,315996.8,408236.068
603218.SH,20250828,13.26,13.48,12.9,13.36,13.29,0.07,0.5267,192942.57,254203.097
603218.SH,20250827,13.62,13.69,13.29,13.29,13.61,-0.32,-2.3512,147337.48,199287.03
603218.SH,20250826,13.61,13.66,13.45,13.61,13.65,-0.04,-0.293,133018.82,180386.831
603218.SH,20250825,13.32,13.78,13.32,13.65,13.25,0.4,3.0189,235222.43,320005.78
603218.SH,20250822,13.15,13.29,13.11,13.25,13.22,0.03,0.2269,110714.56,146126.318
603218.SH,20250821,13.35,13.38,13.13,13.22,13.35,-0.13,-0.9738,113684.22,150371.931
603218.SH,20250820,13.17,13.36,13.05,13.35,13.16,0.19,1.4438,132937.32,175978.694
603218.SH,20250819,13.23,13.3,13.14,13.16,13.26,-0.1,-0.7541,149962.68,198043.844
603218.SH,20250818,13.35,13.48,13.2,13.26,13.26,0.0,0.0,214191.0,286000.793
603218.SH,20250815,12.81,13.5,12.81,13.26,12.91,0.35,2.7111,249442.0,331023.089
603218.SH,20250814,13.18,13.21,12.82,12.91,13.16,-0.25,-1.8997,133197.65,172395.533
603218.SH,20250813,13.14,13.19,13.0,13.16,13.12,0.04,0.3049,123483.39,161815.499
603218.SH,20250812,13.13,13.21,13.03,13.12,13.13,-0.01,-0.0762,126107.84,165297.989
603218.SH,20250811,12.73,13.36,12.7,13.13,12.7,0.43,3.3858,262325.05,342096.788
603218.SH,20250808,12.39,12.73,12.33,12.7,12.39,0.31,2.502,217624.18,274318.866
603218.SH,20250807,12.47,12.5,12.29,12.39,12.45,-0.06,-0.4819,74472.8,92114.759
603218.SH,20250806,12.45,12.64,12.32,12.45,12.45,0.0,0.0,96587.22,120305.462
603218.SH,20250805,12.27,12.45,12.27,12.45,12.28,0.17,1.3844,73557.94,91025.101
603218.SH,20250804,12.13,12.28,12.13,12.28,12.21,0.07,0.5733,68360.9,83482.769
603218.SH,20250801,12.18,12.38,12.14,12.21,12.12,0.09,0.7426,91330.1,112074.178
603218.SH,20250731,12.33,12.44,12.07,12.12,12.39,-0.27,-2.1792,108782.22,132911.339
603218.SH,20250730,12.44,12.49,12.32,12.39,12.45,-0.06,-0.4819,87514.97,108692.601
603218.SH,20250729,12.5,12.55,12.23,12.45,12.5,-0.05,-0.4,125143.5,154446.235
603218.SH,20250728,12.58,12.61,12.47,12.5,12.59,-0.09,-0.7149,83647.4,104805.121
603218.SH,20250725,12.63,12.73,12.58,12.59,12.64,-0.05,-0.3956,80016.12,101093.166
603218.SH,20250724,12.55,12.67,12.53,12.64,12.58,0.06,0.4769,123063.94,154978.713
603218.SH,20250723,12.68,12.88,12.57,12.58,12.68,-0.1,-0.7886,133718.49,169753.41
603218.SH,20250722,12.6,12.72,12.47,12.68,12.55,0.13,1.0359,139530.14,176177.433
603218.SH,20250721,12.24,12.58,12.24,12.55,12.23,0.32,2.6165,150549.59,187373.121
603218.SH,20250718,12.27,12.38,12.13,12.23,12.26,-0.03,-0.2447,110767.62,135546.382
603218.SH,20250717,12.35,12.4,12.19,12.26,12.35,-0.09,-0.7287,100637.12,123374.498
603218.SH,20250716,12.32,12.36,12.2,12.35,12.27,0.08,0.652,93769.49,115144.132
603218.SH,20250715,12.72,12.77,12.5,12.62,12.73,-0.11,-0.8641,111166.0,140246.367
603218.SH,20250714,12.7,12.76,12.66,12.73,12.71,0.02,0.1574,98568.2,125328.7
603218.SH,20250711,12.74,12.76,12.6,12.71,12.68,0.03,0.2366,97510.0,123788.454
603218.SH,20250710,12.67,12.75,12.61,12.68,12.66,0.02,0.158,77433.75,98104.561
603218.SH,20250709,12.76,12.87,12.65,12.66,12.76,-0.1,-0.7837,87025.16,110878.7
603218.SH,20250708,12.42,12.83,12.39,12.76,12.4,0.36,2.9032,149618.95,189803.767
603218.SH,20250707,12.4,12.52,12.35,12.4,12.4,0.0,0.0,64718.37,80295.35
603218.SH,20250704,12.58,12.65,12.36,12.4,12.62,-0.22,-1.7433,123532.6,153996.015
603218.SH,20250703,12.59,12.68,12.49,12.62,12.63,-0.01,-0.0792,123906.97,155848.283
603218.SH,20250702,12.99,13.09,12.59,12.63,12.86,-0.23,-1.7885,182052.56,231566.817
603218.SH,20250701,12.69,12.9,12.57,12.86,12.69,0.17,1.3396,168074.3,214911.378
603218.SH,20250630,12.55,12.73,12.55,12.69,12.54,0.15,1.1962,122326.65,154881.398
603218.SH,20250627,12.51,12.63,12.43,12.54,12.51,0.03,0.2398,131809.6,165168.993
603218.SH,20250626,12.56,12.73,12.46,12.51,12.61,-0.1,-0.793,159882.48,201346.143
603218.SH,20250625,12.71,12.74,12.46,12.61,12.61,0.0,0.0,122959.0,154624.176
603218.SH,20250624,12.3,12.7,12.27,12.61,12.3,0.31,2.5203,188472.83,236960.99
603218.SH,20250623,12.14,12.6,12.14,12.3,12.18,0.12,0.9852,139605.52,172470.107
603218.SH,20250620,12.39,12.45,12.14,12.18,12.4,-0.22,-1.7742,109206.0,134026.54
603218.SH,20250619,12.5,12.61,12.29,12.4,12.55,-0.15,-1.1952,135532.0,168288.534
603218.SH,20250618,12.52,12.69,12.4,12.55,12.52,0.03,0.2396,182994.22,229563.47
603218.SH,20250617,12.48,12.75,12.31,12.52,12.43,0.09,0.7241,264903.12,332500.825
603218.SH,20250616,12.1,12.75,12.08,12.43,12.02,0.41,3.411,283189.06,352611.143
603218.SH,20250613,11.65,12.19,11.6,12.02,11.68,0.34,2.911,215660.65,257605.897
603218.SH,20250612,11.63,11.68,11.55,11.68,11.62,0.06,0.5164,54370.0,63254.507
603218.SH,20250611,11.5,11.71,11.48,11.62,11.52,0.1,0.8681,74878.89,87013.36
603218.SH,20250610,11.56,11.66,11.38,11.52,11.59,-0.07,-0.604,75424.68,86829.585
603218.SH,20250609,11.46,11.65,11.44,11.59,11.46,0.13,1.1344,89372.96,103524.109
603218.SH,20250606,11.56,11.57,11.41,11.46,11.55,-0.09,-0.7792,89362.64,102398.991
603218.SH,20250605,11.64,11.68,11.52,11.55,11.63,-0.08,-0.6879,80310.5,92821.361
603218.SH,20250604,11.68,11.85,11.57,11.63,11.75,-0.12,-1.0213,109069.03,127372.014
603218.SH,20250603,11.57,11.81,11.55,11.75,11.64,0.11,0.945,93067.5,109071.155
603218.SH,20250530,11.86,11.86,11.56,11.64,11.86,-0.22,-1.855,84213.1,98276.289
603218.SH,20250529,11.72,11.91,11.64,11.86,11.72,0.14,1.1945,64389.52,76186.188
603218.SH,20250528,11.71,11.78,11.61,11.72,11.65,0.07,0.6009,43352.05,50758.352
603218.SH,20250527,11.8,11.81,11.6,11.65,11.8,-0.15,-1.2712,62968.0,73575.222
603218.SH,20250526,11.79,11.92,11.71,11.8,11.79,0.01,0.0848,40698.0,48128.57
603218.SH,20250523,11.98,12.02,11.77,11.79,11.89,-0.1,-0.841,77920.62,92714.223
603218.SH,20250522,12.32,12.35,11.86,11.89,12.36,-0.47,-3.8026,134143.46,161462.829
603218.SH,20250521,12.45,12.55,12.33,12.36,12.38,-0.02,-0.1616,42685.52,52993.08
603218.SH,20250520,12.39,12.42,12.28,12.38,12.37,0.01,0.0808,38580.83,47669.019
603218.SH,20250519,12.25,12.45,12.16,12.37,12.25,0.12,0.9796,52295.4,64355.989
603218.SH,20250516,12.15,12.35,12.15,12.25,12.2,0.05,0.4098,40221.0,49351.626
603218.SH,20250515,12.4,12.44,12.17,12.2,12.39,-0.19,-1.5335,51671.0,63278.684
603218.SH,20250514,12.45,12.5,12.34,12.39,12.52,-0.13,-1.0383,70762.75,87754.69
603218.SH,20250513,12.52,12.6,12.4,12.52,12.32,0.2,1.6234,101319.34,126747.218
603218.SH,20250512,12.45,12.51,12.21,12.32,12.37,-0.05,-0.4042,90520.63,111631.739
603218.SH,20250509,12.46,12.46,12.29,12.37,12.37,0.0,0.0,70219.88,86893.055
603218.SH,20250508,12.22,12.49,12.2,12.37,12.28,0.09,0.7329,73734.75,91481.733
603218.SH,20250507,12.36,12.52,12.25,12.28,12.17,0.11,0.9039,105886.0,130759.433
603218.SH,20250506,11.96,12.22,11.95,12.17,11.89,0.28,2.3549,73312.0,89123.888
603218.SH,20250430,11.95,12.1,11.87,11.89,11.98,-0.09,-0.7513,85710.0,102548.005
603218.SH,20250429,12.34,12.34,11.71,11.98,12.46,-0.48,-3.8523,230497.91,277218.906
603218.SH,20250428,12.7,12.8,12.4,12.46,12.62,-0.16,-1.2678,76423.9,95684.237
603218.SH,20250425,12.31,12.7,12.09,12.62,12.23,0.39,3.1889,124065.05,154380.068
603218.SH,20250424,12.3,12.59,12.18,12.23,12.28,-0.05,-0.4072,111354.94,137668.496
603218.SH,20250423,12.1,12.33,11.98,12.28,12.1,0.18,1.4876,89545.6,109038.601
603218.SH,20250422,11.86,12.4,11.7,12.1,11.88,0.22,1.8519,162624.5,197695.982
603218.SH,20250421,11.37,12.08,11.25,11.88,11.33,0.55,4.8544,134242.15,158424.62
603218.SH,20250418,11.27,11.43,11.21,11.33,11.31,0.02,0.1768,56916.52,64367.39
603218.SH,20250417,11.32,11.38,11.26,11.31,11.34,-0.03,-0.2646,48233.0,54656.145
603218.SH,20250416,11.32,11.43,11.27,11.34,11.43,-0.09,-0.7874,51904.0,58844.313
603218.SH,20250415,11.5,11.5,11.33,11.43,11.48,-0.05,-0.4355,48872.64,55720.705
603218.SH,20250414,11.44,11.57,11.37,11.48,11.35,0.13,1.1454,85359.64,97938.845
603218.SH,20250411,11.33,11.5,11.31,11.35,11.41,-0.06,-0.5259,68358.64,77986.201
603218.SH,20250410,11.5,11.77,11.4,11.41,11.26,0.15,1.3321,112992.0,130635.399
603218.SH,20250409,11.04,11.35,10.66,11.26,11.36,-0.1,-0.8803,118082.6,130760.909
603218.SH,20250408,11.63,11.82,11.22,11.36,11.52,-0.16,-1.3889,146533.84,167938.836
603218.SH,20250407,12.01,12.4,11.52,11.52,12.8,-1.28,-10.0,127706.77,149694.913
603218.SH,20250403,12.89,13.03,12.75,12.8,12.95,-0.15,-1.1583,64500.19,83001.22
603218.SH,20250402,12.86,13.08,12.81,12.95,12.92,0.03,0.2322,52697.99,68248.102
603218.SH,20250401,12.83,13.01,12.82,12.92,12.79,0.13,1.0164,64128.02,82910.169
603218.SH,20250331,13.05,13.12,12.71,12.79,13.0,-0.21,-1.6154,107800.84,138825.487
603218.SH,20250328,13.39,13.51,12.96,13.0,13.42,-0.42,-3.1297,134455.79,176713.224
603218.SH,20250327,13.8,13.86,13.42,13.42,13.86,-0.44,-3.1746,149987.55,203260.278
603218.SH,20250326,13.55,14.33,13.55,13.86,13.24,0.62,4.6828,244715.32,339660.045
603218.SH,20250325,13.12,13.47,13.12,13.24,13.23,0.01,0.0756,88240.99,117157.146
603218.SH,20250324,13.55,13.58,12.96,13.23,13.34,-0.11,-0.8246,141338.0,186722.287
603218.SH,20250321,13.2,13.52,13.08,13.34,13.17,0.17,1.2908,189804.06,253656.449
603218.SH,20250320,12.99,13.26,12.91,13.17,13.01,0.16,1.2298,102787.2,135218.43
603218.SH,20250319,12.92,13.12,12.85,13.01,12.98,0.03,0.2311,56528.0,73413.86
603218.SH,20250318,13.03,13.12,12.91,12.98,13.05,-0.07,-0.5364,55224.13,71756.076
603218.SH,20250317,13.1,13.18,12.99,13.05,13.05,0.0,0.0,66208.59,86535.567
603218.SH,20250314,12.99,13.1,12.88,13.05,13.0,0.05,0.3846,73915.55,96316.568
603218.SH,20250313,13.12,13.19,12.89,13.0,13.13,-0.13,-0.9901,71235.0,92522.412
603218.SH,20250312,13.36,13.36,13.11,13.13,13.34,-0.21,-1.5742,72286.8,95215.337
603218.SH,20250311,13.3,13.34,13.06,13.34,13.41,-0.07,-0.522,96840.78,127391.067
603218.SH,20250310,13.27,13.43,13.15,13.41,13.24,0.17,1.284,130031.58,173421.767
603218.SH,20250307,13.29,13.34,13.06,13.24,13.35,-0.11,-0.824,101171.31,133168.886
603218.SH,20250306,13.23,13.4,13.13,13.35,13.23,0.12,0.907,109155.94,145110.181
603218.SH,20250305,13.16,13.48,13.13,13.23,13.19,0.04,0.3033,117208.71,156481.775
603218.SH,20250304,13.1,13.26,13.0,13.19,13.22,-0.03,-0.2269,88545.57,116507.54
603218.SH,20250303,12.94,13.53,12.94,13.22,12.96,0.26,2.0062,214757.55,286581.629
603218.SH,20250228,13.23,13.29,12.92,12.96,13.23,-0.27,-2.0408,118738.91,155106.629
603218.SH,20250227,13.15,13.37,12.96,13.23,13.06,0.17,1.3017,161821.07,213007.652
603218.SH,20250226,12.95,13.44,12.95,13.06,13.0,0.06,0.4615,219792.04,289854.97
603218.SH,20250225,12.34,13.25,12.21,13.0,12.35,0.65,5.2632,287630.21,368522.468
603218.SH,20250224,12.44,12.58,12.27,12.35,12.44,-0.09,-0.7235,99096.72,123022.859
603218.SH,20250221,12.65,12.75,12.36,12.44,12.73,-0.29,-2.2781,170421.62,212502.982
603218.SH,20250220,12.33,12.89,12.28,12.73,12.35,0.38,3.0769,203796.01,258276.196
603218.SH,20250219,11.97,12.39,11.92,12.35,11.99,0.36,3.0025,130857.24,160040.24
603218.SH,20250218,12.3,12.3,11.9,11.99,12.3,-0.31,-2.5203,92621.31,111999.462
603218.SH,20250217,12.19,12.37,12.04,12.3,12.22,0.08,0.6547,109869.19,134119.593
603218.SH,20250214,12.2,12.45,12.14,12.22,12.2,0.02,0.1639,81525.68,100303.416
603218.SH,20250213,12.2,12.34,12.09,12.2,12.19,0.01,0.082,76525.38,93517.518
603218.SH,20250212,12.31,12.4,12.14,12.19,12.37,-0.18,-1.4551,111792.12,136745.17
603218.SH,20250211,12.41,12.52,12.28,12.37,12.41,-0.04,-0.3223,66791.72,82575.738
603218.SH,20250210,12.27,12.59,12.19,12.41,12.27,0.14,1.141,129316.34,160288.631
603218.SH,20250207,11.96,12.35,11.91,12.27,11.95,0.32,2.6778,134065.03,163360.69
603218.SH,20250206,11.92,12.07,11.82,11.95,11.93,0.02,0.1676,81588.0,97378.74
603218.SH,20250205,12.1,12.16,11.9,11.93,12.07,-0.14,-1.1599,76955.0,92369.423
603218.SH,20250127,12.24,12.29,12.01,12.07,12.2,-0.13,-1.0656,60083.97,72736.659
603218.SH,20250124,11.94,12.22,11.9,12.2,11.93,0.27,2.2632,83198.57,100865.732
603218.SH,20250123,12.18,12.27,11.93,11.93,12.1,-0.17,-1.405,111076.35,134478.589
603218.SH,20250122,12.04,12.1,11.92,12.1,12.05,0.05,0.4149,59826.0,71869.656
603218.SH,20250121,12.18,12.2,11.9,12.05,12.05,0.0,0.0,66410.0,79648.43
603218.SH,20250120,11.96,12.2,11.93,12.05,11.91,0.14,1.1755,90172.99,109163.526
603218.SH,20250117,11.83,12.18,11.83,11.91,11.84,0.07,0.5912,88765.76,106547.604
603218.SH,20250116,11.9,12.05,11.79,11.84,11.83,0.01,0.0845,64190.46,76426.754
603218.SH,20250115,11.98,12.01,11.75,11.83,11.98,-0.15,-1.2521,69302.28,82145.701
603218.SH,20250114,11.53,12.02,11.52,11.98,11.52,0.46,3.9931,112088.0,132475.178
603218.SH,20250113,11.42,11.72,11.36,11.52,11.49,0.03,0.2611,78717.26,90872.908
603218.SH,20250110,11.65,11.75,11.49,11.49,11.71,-0.22,-1.8787,70576.54,82133.689
603218.SH,20250109,11.7,11.87,11.65,11.71,11.82,-0.11,-0.9306,64062.86,75283.432
603218.SH,20250108,11.96,11.96,11.53,11.82,12.03,-0.21,-1.7456,130637.46,153478.331
603218.SH,20250107,12.04,12.06,11.82,12.03,12.03,0.0,0.0,102618.01,122572.846
603218.SH,20250106,11.89,12.28,11.88,12.03,11.89,0.14,1.1775,138286.52,166749.477
603218.SH,20250103,11.92,12.3,11.83,11.89,11.92,-0.03,-0.2517,155679.08,186862.163
603218.SH,20250102,12.07,12.3,11.84,11.92,12.05,-0.13,-1.0788,156392.43,188173.012
688408.SH,20260527,37.61,39.24,37.58,37.84,37.61,0.23,0.6115,56469.91,217062.742
688408.SH,20260526,37.51,38.39,37.03,37.61,37.75,-0.14,-0.3709,41318.75,155848.212
688408.SH,20260525,39.03,39.03,37.26,37.75,38.77,-1.02,-2.6309,40553.11,153036.886
688408.SH,20260522,37.55,39.7,37.42,38.77,37.35,1.42,3.8019,76187.79,295506.135
688408.SH,20260521,39.94,40.22,37.29,37.35,39.94,-2.59,-6.4847,64192.93,249509.04
688408.SH,20260520,38.1,40.62,37.7,39.94,38.39,1.55,4.0375,71129.05,278903.513
688408.SH,20260519,37.71,38.63,37.21,38.39,37.71,0.68,1.8032,39220.67,148610.322
688408.SH,20260518,38.0,39.08,37.51,37.71,38.11,-0.4,-1.0496,44588.13,169787.65
688408.SH,20260515,38.78,38.96,37.2,38.11,38.9,-0.79,-2.0308,51875.88,197041.879
688408.SH,20260514,39.59,40.08,38.82,38.9,39.43,-0.53,-1.3442,45451.49,178972.061
688408.SH,20260513,38.62,40.15,38.6,39.43,39.14,0.29,0.7409,41229.95,162913.854
688408.SH,20260512,40.2,40.2,38.61,39.14,39.62,-0.48,-1.2115,52395.43,205687.31
688408.SH,20260511,38.75,40.69,38.75,39.62,39.14,0.48,1.2264,52526.5,208227.775
688408.SH,20260508,40.01,40.13,39.03,39.14,40.16,-1.02,-2.5398,50179.27,197586.487
688408.SH,20260507,40.3,41.41,40.09,40.16,40.2,-0.04,-0.0995,44879.41,181851.434
688408.SH,20260506,40.89,41.39,40.1,40.2,40.53,-0.33,-0.8142,61326.26,249530.409
688408.SH,20260430,42.03,42.46,40.5,40.53,42.74,-2.21,-5.1708,69019.32,284866.823
688408.SH,20260429,40.35,43.8,40.08,42.74,40.74,2.0,4.9092,65938.27,278292.939
688408.SH,20260428,42.55,42.8,40.52,40.74,41.95,-1.21,-2.8844,45807.09,188831.576
688408.SH,20260427,42.29,42.63,41.44,41.95,42.13,-0.18,-0.4272,32782.91,137999.695
688408.SH,20260424,42.53,43.16,41.71,42.13,42.34,-0.21,-0.496,34723.98,147317.849
688408.SH,20260423,42.42,42.88,41.42,42.34,42.38,-0.04,-0.0944,44440.96,186680.409
688408.SH,20260422,41.54,44.03,41.39,42.38,41.79,0.59,1.4118,68991.34,295082.771
688408.SH,20260421,41.25,42.55,40.7,41.79,41.23,0.56,1.3582,52848.75,220079.069
688408.SH,20260420,40.51,42.44,40.29,41.23,41.0,0.23,0.561,65152.87,269342.065
688408.SH,20260417,42.73,43.49,40.93,41.0,40.93,0.07,0.171,77852.76,327489.529
688408.SH,20260416,40.2,41.29,39.5,40.93,39.83,1.1,2.7617,56423.92,229241.713
688408.SH,20260415,39.0,40.48,38.58,39.83,38.81,1.02,2.6282,57698.17,228282.048
688408.SH,20260414,40.06,40.14,38.22,38.81,39.12,-0.31,-0.7924,43508.36,168625.768
688408.SH,20260413,36.5,40.48,36.4,39.12,36.56,2.56,7.0022,98866.3,382751.234
688408.SH,20260410,36.06,37.25,36.06,36.56,35.85,0.71,1.9805,34054.26,125552.289
688408.SH,20260409,36.09,36.35,35.76,35.85,36.5,-0.65,-1.7808,27880.2,100203.024
688408.SH,20260408,35.01,36.8,35.0,36.5,34.36,2.14,6.2282,53665.9,192680.418
688408.SH,20260407,34.22,34.54,33.76,34.36,34.21,0.15,0.4385,38540.94,131884.913
688408.SH,20260403,35.9,35.9,34.11,34.21,35.61,-1.4,-3.9315,40441.67,140014.272
688408.SH,20260402,36.47,36.57,35.4,35.61,36.68,-1.07,-2.9171,40913.37,146758.914
688408.SH,20260401,36.25,37.19,35.9,36.68,35.68,1.0,2.8027,42213.99,154042.169
688408.SH,20260331,36.98,37.34,35.68,35.68,36.91,-1.23,-3.3324,47978.05,174919.727
688408.SH,20260330,37.91,38.53,36.34,36.91,38.55,-1.64,-4.2542,60922.02,225285.993
688408.SH,20260327,37.82,38.95,37.23,38.55,38.12,0.43,1.128,62896.21,239857.452
688408.SH,20260326,40.08,40.16,38.07,38.12,40.19,-2.07,-5.1505,77439.69,301035.982
688408.SH,20260325,40.56,41.37,39.83,40.19,40.77,-0.58,-1.4226,76080.88,307315.305
688408.SH,20260324,42.66,42.86,38.8,40.77,42.03,-1.26,-2.9979,100753.58,407262.937
688408.SH,20260323,43.02,44.4,41.52,42.03,43.6,-1.57,-3.6009,81992.45,351241.891
688408.SH,20260320,42.23,45.45,42.02,43.6,42.4,1.2,2.8302,106782.6,467713.712
688408.SH,20260319,42.06,43.15,41.8,42.4,42.3,0.1,0.2364,49168.28,208635.234
688408.SH,20260318,43.04,43.28,42.11,42.3,42.65,-0.35,-0.8206,39863.12,169687.844
688408.SH,20260317,43.58,44.66,42.6,42.65,43.79,-1.14,-2.6033,41781.76,182451.505
688408.SH,20260316,44.5,45.0,43.5,43.79,44.66,-0.87,-1.9481,47443.48,209272.555
688408.SH,20260313,44.05,45.2,43.55,44.66,44.01,0.65,1.4769,70866.56,314527.812
688408.SH,20260312,43.97,44.44,43.04,44.01,43.85,0.16,0.3649,52535.21,229852.97
688408.SH,20260311,43.12,44.99,42.82,43.85,43.04,0.81,1.882,61711.66,271870.464
688408.SH,20260310,42.58,43.16,42.24,43.04,42.77,0.27,0.6313,47492.29,203220.189
688408.SH,20260309,41.77,42.88,40.85,42.77,42.1,0.67,1.5914,55633.23,232042.013
688408.SH,20260306,41.9,42.77,41.6,42.1,41.96,0.14,0.3337,35399.94,149285.803
688408.SH,20260305,42.84,43.21,41.81,41.96,42.23,-0.27,-0.6394,45400.87,192416.908
688408.SH,20260304,44.3,44.72,42.07,42.23,44.89,-2.66,-5.9256,91313.93,392900.132
688408.SH,20260303,45.59,47.05,44.55,44.89,45.2,-0.31,-0.6858,67069.97,304635.88
688408.SH,20260302,45.15,47.53,45.12,45.2,46.1,-0.9,-1.9523,55655.05,256376.672
688408.SH,20260227,46.8,47.87,46.05,46.1,46.93,-0.83,-1.7686,61321.84,286834.279
688408.SH,20260226,47.87,47.9,46.45,46.93,47.47,-0.54,-1.1376,31657.26,147947.856
688408.SH,20260225,46.23,47.92,45.88,47.47,46.18,1.29,2.7934,41064.22,193561.812
688408.SH,20260224,47.6,47.72,46.15,46.18,47.18,-1.0,-2.1195,47756.89,223333.077
688408.SH,20260213,47.1,48.66,46.88,47.18,47.19,-0.01,-0.0212,54714.25,261584.179
688408.SH,20260212,47.87,48.29,47.18,47.19,48.0,-0.81,-1.6875,31365.55,149015.826
688408.SH,20260211,48.01,48.89,47.67,48.0,48.15,-0.15,-0.3115,37835.49,182248.45
688408.SH,20260210,48.97,50.07,48.01,48.15,49.58,-1.43,-2.8842,48637.14,236196.52
688408.SH,20260209,48.6,50.23,48.41,49.58,48.13,1.45,3.0127,74733.15,370505.734
688408.SH,20260206,46.55,48.8,45.94,48.13,46.6,1.53,3.2833,74741.78,357256.706
688408.SH,20260205,47.25,47.25,45.45,46.6,48.12,-1.52,-3.1588,89717.52,414315.822
688408.SH,20260204,45.85,48.3,45.24,48.12,45.9,2.22,4.8366,90256.11,424416.102
688408.SH,20260203,43.91,46.28,43.91,45.9,43.6,2.3,5.2752,75573.75,341626.641
688408.SH,20260202,44.93,45.44,43.6,43.6,44.88,-1.28,-2.852,57426.57,254507.466
688408.SH,20260130,45.79,46.79,43.55,44.88,46.99,-2.11,-4.4903,111712.32,499927.719
688408.SH,20260129,50.03,50.62,46.97,46.99,50.29,-3.3,-6.5619,122516.46,595028.632
688408.SH,20260128,52.53,52.77,50.07,50.29,53.06,-2.77,-5.2205,83233.77,425882.42
688408.SH,20260127,50.7,53.98,49.85,53.06,50.97,2.09,4.1005,129885.81,672387.699
688408.SH,20260126,50.69,51.88,49.85,50.97,51.15,-0.18,-0.3519,126761.49,640918.17
688408.SH,20260123,46.16,52.0,46.16,51.15,45.93,5.22,11.3651,189957.38,938161.883
688408.SH,20260122,45.27,46.78,45.27,45.93,45.31,0.62,1.3684,53572.97,246662.349
688408.SH,20260121,45.5,46.18,45.17,45.31,46.04,-0.73,-1.5856,44780.59,204385.463
688408.SH,20260120,47.71,47.76,45.55,46.04,47.95,-1.91,-3.9833,58397.83,271382.434
688408.SH,20260119,45.98,48.17,45.98,47.95,46.35,1.6,3.452,76270.25,359214.153
688408.SH,20260116,46.2,46.56,45.51,46.35,45.77,0.58,1.2672,37225.05,171346.103
688408.SH,20260115,46.06,46.12,45.42,45.77,45.88,-0.11,-0.2398,29481.86,134829.94
688408.SH,20260114,46.49,47.6,45.42,45.88,46.49,-0.61,-1.3121,76449.75,355700.131
688408.SH,20260113,46.69,47.31,46.01,46.49,46.97,-0.48,-1.0219,52726.46,245843.033
688408.SH,20260112,45.63,47.43,45.55,46.97,46.29,0.68,1.469,66148.0,308738.427
688408.SH,20260109,46.3,46.9,45.6,46.29,46.71,-0.42,-0.8992,60970.79,282468.17
688408.SH,20260108,45.0,47.4,44.46,46.71,45.06,1.65,3.6618,119749.15,555181.567
688408.SH,20260107,43.48,45.39,43.02,45.06,43.52,1.54,3.5386,81693.21,358944.058
688408.SH,20260106,42.82,43.6,42.75,43.52,42.79,0.73,1.706,49287.9,213488.584
688408.SH,20260105,42.0,42.84,42.0,42.79,42.11,0.68,1.6148,35816.53,152474.226
688408.SH,20251231,42.85,43.06,42.01,42.11,42.79,-0.68,-1.5892,41011.01,173657.887
688408.SH,20251230,43.8,43.81,42.79,42.79,43.64,-0.85,-1.9478,41153.41,177418.012
688408.SH,20251229,43.81,44.26,43.42,43.64,43.97,-0.33,-0.7505,26269.9,115162.498
688408.SH,20251226,44.07,44.63,43.88,43.97,43.9,0.07,0.1595,41808.82,185173.426
688408.SH,20251225,43.22,43.92,43.12,43.9,43.35,0.55,1.2687,27645.62,120347.983
688408.SH,20251224,43.3,43.5,42.65,43.35,42.98,0.37,0.8609,27857.38,120260.934
688408.SH,20251223,42.87,43.15,42.66,42.98,42.87,0.11,0.2566,23111.68,99010.798
688408.SH,20251222,42.9,43.19,42.58,42.87,42.87,0.0,0.0,25769.17,110615.874
688408.SH,20251219,42.9,43.3,42.7,42.87,42.62,0.25,0.5866,24489.0,105468.58
688408.SH,20251218,42.52,43.12,42.52,42.62,42.74,-0.12,-0.2808,21358.96,91280.259
688408.SH,20251217,42.2,42.86,41.9,42.74,42.07,0.67,1.5926,21934.5,93082.004
688408.SH,20251216,43.01,43.1,41.94,42.07,43.13,-1.06,-2.4577,32700.6,138279.644
688408.SH,20251215,43.26,44.34,43.0,43.13,43.37,-0.24,-0.5534,34244.06,149534.333
688408.SH,20251212,43.75,44.11,43.3,43.37,43.69,-0.32,-0.7324,38332.23,167522.441
688408.SH,20251211,43.61,44.3,43.58,43.69,43.62,0.07,0.1605,27511.17,120643.102
688408.SH,20251210,43.93,43.93,42.7,43.62,43.77,-0.15,-0.3427,29755.43,128617.495
688408.SH,20251209,44.14,44.15,43.45,43.77,44.09,-0.32,-0.7258,25975.18,113769.837
688408.SH,20251208,43.35,44.27,43.26,44.09,43.33,0.76,1.754,34550.13,151351.694
688408.SH,20251205,43.38,43.5,42.98,43.33,43.22,0.11,0.2545,29092.18,125677.068
688408.SH,20251204,44.0,44.0,43.16,43.22,43.74,-0.52,-1.1888,26200.5,113849.686
688408.SH,20251203,43.94,44.24,43.71,43.74,43.94,-0.2,-0.4552,21028.59,92449.005
688408.SH,20251202,45.0,45.0,43.91,43.94,45.07,-1.13,-2.5072,35537.09,157040.332
688408.SH,20251201,45.45,45.69,44.8,45.07,45.46,-0.39,-0.8579,30187.28,136181.151
688408.SH,20251128,45.36,46.1,44.9,45.46,45.38,0.08,0.1763,29294.33,133125.79
688408.SH,20251127,45.45,46.49,45.2,45.38,45.55,-0.17,-0.3732,40213.05,184233.562
688408.SH,20251126,46.5,46.72,45.37,45.55,46.36,-0.81,-1.7472,39819.84,183288.398
688408.SH,20251125,46.3,47.6,45.76,46.36,45.85,0.51,1.1123,51541.29,240451.764
688408.SH,20251124,47.0,47.22,45.45,45.85,46.43,-0.58,-1.2492,47767.2,219423.79
688408.SH,20251121,48.8,49.38,46.43,46.43,49.52,-3.09,-6.2399,79629.27,377248.785
688408.SH,20251120,50.76,51.4,49.25,49.52,50.96,-1.44,-2.8257,63545.9,318635.519
688408.SH,20251119,49.66,52.0,49.66,50.96,49.72,1.24,2.494,104450.75,531906.06
688408.SH,20251118,51.38,51.8,49.2,49.72,51.6,-1.88,-3.6434,71817.26,360300.176
688408.SH,20251117,52.8,53.01,51.12,51.6,53.6,-2.0,-3.7313,101764.26,528684.018
688408.SH,20251114,47.88,55.58,47.88,53.6,48.01,5.59,11.6434,261829.17,1378007.229
688408.SH,20251113,46.95,48.67,46.6,48.01,46.97,1.04,2.2142,79036.04,378550.452
688408.SH,20251112,48.33,48.47,45.45,46.97,47.85,-0.88,-1.8391,84052.34,392465.039
688408.SH,20251111,46.04,48.8,46.0,47.85,45.88,1.97,4.2938,108179.63,514761.509
688408.SH,20251110,45.8,46.83,45.32,45.88,45.38,0.5,1.1018,60188.16,277359.553
688408.SH,20251107,45.02,46.8,44.73,45.38,45.27,0.11,0.243,78836.73,361853.034
688408.SH,20251106,44.8,45.5,44.1,45.27,44.37,0.9,2.0284,68606.05,308280.736
688408.SH,20251105,43.19,45.16,43.03,44.37,43.63,0.74,1.6961,77198.75,342023.339
688408.SH,20251104,43.96,44.5,43.25,43.63,44.07,-0.44,-0.9984,46355.64,203229.716
688408.SH,20251103,42.9,44.28,42.58,44.07,42.85,1.22,2.8471,72930.51,317892.471
688408.SH,20251031,42.9,44.1,42.61,42.85,42.9,-0.05,-0.1166,73378.07,317461.55
688408.SH,20251030,43.04,44.44,42.76,42.9,43.05,-0.15,-0.3484,93260.11,406843.67
688408.SH,20251029,42.48,43.37,41.71,43.05,42.7,0.35,0.8197,83445.92,355498.757
688408.SH,20251028,41.89,43.38,41.37,42.7,43.05,-0.35,-0.813,78582.68,333286.727
688408.SH,20251027,43.7,43.79,42.97,43.05,43.41,-0.36,-0.8293,44662.09,193221.664
688408.SH,20251024,43.5,43.86,43.3,43.41,43.5,-0.09,-0.2069,33992.94,148146.035
688408.SH,20251023,43.29,43.55,42.41,43.5,43.33,0.17,0.3923,37120.82,159242.17
688408.SH,20251022,43.5,43.63,43.2,43.33,43.63,-0.3,-0.6876,22619.07,98163.383
688408.SH,20251021,43.52,43.92,43.21,43.63,43.38,0.25,0.5763,32217.08,140628.449
688408.SH,20251020,43.93,43.98,43.23,43.38,43.39,-0.01,-0.023,29193.05,127161.934
688408.SH,20251017,45.39,45.5,43.1,43.39,45.39,-2.0,-4.4063,66587.69,292807.776
688408.SH,20251016,46.01,46.35,45.25,45.39,46.43,-1.04,-2.2399,36085.49,164904.968
688408.SH,20251015,45.8,46.81,45.03,46.43,45.96,0.47,1.0226,48589.31,223731.348
688408.SH,20251014,46.9,49.06,45.78,45.96,46.54,-0.58,-1.2462,89296.38,423803.514
688408.SH,20251013,44.91,46.99,44.91,46.54,47.18,-0.64,-1.3565,48840.56,226323.162
688408.SH,20251010,48.0,48.44,47.12,47.18,48.19,-1.01,-2.0959,61336.55,291807.153
688408.SH,20251009,47.6,48.4,46.64,48.19,47.43,0.76,1.6024,79695.11,379227.224
688408.SH,20250930,46.0,48.38,46.0,47.43,46.12,1.31,2.8404,78132.72,370267.476
688408.SH,20250929,45.89,46.68,45.53,46.12,45.96,0.16,0.3481,46425.61,214423.325
688408.SH,20250926,45.35,46.46,45.35,45.96,45.5,0.46,1.011,42993.08,197552.828
688408.SH,20250925,45.11,46.2,45.0,45.5,45.3,0.2,0.4415,45621.98,208705.182
688408.SH,20250924,44.35,45.41,44.27,45.3,44.67,0.63,1.4103,49988.71,224561.877
688408.SH,20250923,45.31,45.61,43.76,44.67,45.37,-0.7,-1.5429,51272.93,227871.533
688408.SH,20250922,46.15,46.24,45.01,45.37,46.14,-0.77,-1.6688,41942.98,190579.667
688408.SH,20250919,46.19,46.88,45.75,46.14,46.1,0.04,0.0868,43141.54,199795.514
688408.SH,20250918,47.15,47.8,45.79,46.1,47.21,-1.11,-2.3512,70311.93,329694.396
688408.SH,20250917,47.34,47.96,47.05,47.21,47.55,-0.34,-0.715,49087.52,232965.036
688408.SH,20250916,47.34,47.96,46.1,47.55,47.4,0.15,0.3165,67225.32,315411.657
688408.SH,20250915,48.28,49.55,47.39,47.4,48.03,-0.63,-1.3117,52689.84,253877.76
688408.SH,20250912,48.66,48.74,47.62,48.03,48.65,-0.62,-1.2744,61325.81,295047.338
688408.SH,20250911,48.08,48.75,47.47,48.65,48.04,0.61,1.2698,59806.7,288081.738
688408.SH,20250910,49.08,49.49,47.56,48.04,49.25,-1.21,-2.4569,67095.22,324261.245
688408.SH,20250909,50.01,50.88,49.03,49.25,50.49,-1.24,-2.4559,77548.89,386840.373
688408.SH,20250908,49.85,51.45,49.58,50.49,49.76,0.73,1.467,118447.7,598211.541
688408.SH,20250905,46.5,50.49,46.5,49.76,46.78,2.98,6.3702,143788.91,706541.469
688408.SH,20250904,46.0,49.04,46.0,46.78,46.04,0.74,1.6073,109007.13,519690.566
688408.SH,20250903,45.66,46.76,45.56,46.04,45.74,0.3,0.6559,54422.12,251071.007
688408.SH,20250902,47.4,48.09,45.52,45.74,47.29,-1.55,-3.2776,76034.3,354001.68
688408.SH,20250901,47.0,47.45,46.85,47.29,46.87,0.42,0.8961,58203.35,274319.365
688408.SH,20250829,47.77,48.25,46.7,46.87,48.13,-1.26,-2.6179,91715.62,433187.334
688408.SH,20250828,49.5,49.88,46.52,48.13,50.97,-2.84,-5.5719,210958.9,1003580.548
688408.SH,20250827,51.95,53.16,50.88,50.97,51.91,-0.94,-1.8108,66863.27,349259.389
688408.SH,20250826,51.8,52.66,51.29,51.91,51.8,0.11,0.2124,51233.76,267185.611
688408.SH,20250825,51.0,52.67,51.0,51.8,51.02,0.78,1.5288,64223.31,333504.463
688408.SH,20250822,50.66,51.68,50.4,51.02,50.57,0.45,0.8899,49165.28,250808.741
688408.SH,20250821,51.99,52.58,50.3,50.57,52.21,-1.64,-3.1412,61249.18,313928.715
688408.SH,20250820,52.2,52.8,51.22,52.21,51.86,0.35,0.6749,38092.46,197657.326
688408.SH,20250819,52.25,52.6,51.51,51.86,52.33,-0.47,-0.8981,38260.09,199199.365
688408.SH,20250818,52.98,53.16,51.54,52.33,52.36,-0.03,-0.0573,52087.07,271791.75
688408.SH,20250815,48.79,52.77,48.79,52.36,48.82,3.54,7.2511,98811.45,504607.047
688408.SH,20250814,50.08,50.08,48.61,48.82,50.2,-1.38,-2.749,38317.05,189024.624
688408.SH,20250813,49.94,50.68,49.2,50.2,49.88,0.32,0.6415,39767.39,198043.337
688408.SH,20250812,50.48,50.54,49.4,49.88,50.53,-0.65,-1.2864,31430.61,157071.493
688408.SH,20250811,49.88,51.18,49.51,50.53,49.75,0.78,1.5678,34011.55,171696.537
688408.SH,20250808,49.98,51.02,49.72,49.75,50.27,-0.52,-1.0344,30736.79,154691.998
688408.SH,20250807,50.3,51.15,49.62,50.27,50.55,-0.28,-0.5539,30576.47,153421.371
688408.SH,20250806,50.7,51.19,49.77,50.55,50.8,-0.25,-0.4921,47791.47,240639.241
688408.SH,20250805,48.99,50.89,48.63,50.8,48.93,1.87,3.8218,44126.68,219845.126
688408.SH,20250804,48.3,49.1,46.83,48.93,48.6,0.33,0.679,50865.7,243929.55
688408.SH,20250801,49.8,50.76,48.6,48.6,49.53,-0.93,-1.8776,66565.58,329384.274
688408.SH,20250731,51.38,51.88,49.31,49.53,51.7,-2.17,-4.1973,62554.45,314167.79
688408.SH,20250730,51.05,52.1,50.2,51.7,51.09,0.61,1.194,42581.72,217290.859
688408.SH,20250729,50.83,51.48,50.61,51.09,50.62,0.47,0.9285,29579.1,151014.289
688408.SH,20250728,51.68,51.9,50.61,50.62,51.79,-1.17,-2.2591,34960.51,178379.312
688408.SH,20250725,52.15,53.2,51.71,51.79,52.15,-0.36,-0.6903,30386.01,158694.513
688408.SH,20250724,49.51,52.19,49.45,52.15,49.5,2.65,5.3535,55884.53,285485.198
688408.SH,20250723,51.0,51.02,49.48,49.5,50.62,-1.12,-2.2126,30969.65,155552.822
688408.SH,20250722,50.04,50.94,49.36,50.62,50.01,0.61,1.2198,41141.45,206318.343
688408.SH,20250721,50.04,50.5,49.71,50.01,50.03,-0.02,-0.04,29915.22,149946.496
688408.SH,20250718,50.8,51.5,50.0,50.03,51.06,-1.03,-2.0172,38020.81,192044.81
688408.SH,20250717,50.3,51.22,50.01,51.06,49.86,1.2,2.4067,85879.35,436393.086
688408.SH,20250716,46.28,49.96,46.28,49.86,46.1,3.76,8.1562,107863.37,525586.21
688408.SH,20250715,47.18,47.53,45.94,46.1,47.11,-1.01,-2.1439,29307.04,136392.065
688408.SH,20250714,47.3,47.43,46.53,47.11,47.0,0.11,0.234,28376.41,133239.519
688408.SH,20250711,47.72,47.81,46.8,47.0,47.46,-0.46,-0.9692,32697.87,154296.498
688408.SH,20250710,47.5,48.66,47.4,47.46,47.76,-0.3,-0.6281,49157.49,235381.101
688408.SH,20250709,47.73,48.38,47.2,47.76,47.54,0.22,0.4628,61549.9,293733.473
688408.SH,20250708,44.98,47.8,44.98,47.54,45.16,2.38,5.2702,76846.94,361628.124
688408.SH,20250707,45.31,45.58,45.11,45.16,45.33,-0.17,-0.375,15815.72,71597.948
688408.SH,20250704,46.9,46.95,45.28,45.33,46.49,-1.16,-2.4952,35868.18,163922.953
688408.SH,20250703,47.0,47.1,46.21,46.49,46.75,-0.26,-0.5561,28497.21,132722.781
688408.SH,20250702,45.74,46.84,45.5,46.75,45.83,0.92,2.0074,46202.29,213813.864
688408.SH,20250701,46.38,46.44,45.11,45.83,46.68,-0.85,-1.8209,41077.36,187275.839
688408.SH,20250630,46.6,47.1,46.14,46.68,46.02,0.66,1.4342,39422.57,183740.991
688408.SH,20250627,45.49,46.66,45.29,46.02,45.4,0.62,1.3656,41733.24,191542.918
688408.SH,20250626,46.5,47.59,45.4,45.4,46.31,-0.91,-1.965,56176.73,260344.934
688408.SH,20250625,46.49,47.77,46.25,47.3,46.49,0.81,1.7423,68559.3,322137.184
688408.SH,20250624,45.0,47.1,44.1,46.49,44.03,2.46,5.5871,113213.82,522380.15
688408.SH,20250623,41.77,45.47,41.36,44.03,42.15,1.88,4.4603,66678.39,290602.949
688408.SH,20250620,42.26,43.34,41.98,42.15,42.04,0.11,0.2617,35946.5,153228.271
688408.SH,20250619,42.53,43.2,41.75,42.04,42.6,-0.56,-1.3146,29149.79,123088.234
688408.SH,20250618,42.2,42.98,42.1,42.6,42.29,0.31,0.733,25027.83,106399.367
688408.SH,20250617,42.49,42.98,42.11,42.29,42.46,-0.17,-0.4004,17890.92,75828.123
688408.SH,20250616,41.61,43.33,41.6,42.46,41.8,0.66,1.5789,37767.9,161473.492
688408.SH,20250613,42.7,42.85,41.62,41.8,42.87,-1.07,-2.4959,36281.33,152508.413
688408.SH,20250612,43.16,43.32,42.51,42.87,43.18,-0.31,-0.7179,21373.44,91750.82
688408.SH,20250611,43.12,43.86,43.01,43.18,43.08,0.1,0.2321,31877.87,138166.238
688408.SH,20250610,43.57,44.12,42.83,43.08,43.75,-0.67,-1.5314,32351.66,140397.98
688408.SH,20250609,42.7,43.83,42.7,43.75,42.7,1.05,2.459,31615.32,137097.501
688408.SH,20250606,42.95,43.08,42.63,42.7,42.84,-0.14,-0.3268,22629.26,96985.114
688408.SH,20250605,42.73,43.06,42.36,42.84,42.72,0.12,0.2809,24411.32,104107.748
688408.SH,20250604,42.16,43.46,42.16,42.72,41.98,0.74,1.7627,33370.71,143033.803
688408.SH,20250603,41.51,42.18,41.41,41.98,41.8,0.18,0.4306,24500.41,102596.656
688408.SH,20250530,42.5,42.51,41.8,41.8,42.73,-0.93,-2.1765,26788.15,112466.671
688408.SH,20250529,41.69,43.1,41.63,42.73,41.63,1.1,2.6423,52567.3,224014.832
688408.SH,20250528,43.5,43.64,41.4,41.63,43.36,-1.73,-3.9899,70608.27,298318.987
688408.SH,20250527,44.35,44.41,43.12,43.36,44.29,-0.93,-2.0998,42419.96,184618.848
688408.SH,20250526,44.47,44.66,43.86,44.29,44.47,-0.18,-0.4048,28959.22,128180.322
688408.SH,20250523,45.86,46.0,44.44,44.47,46.0,-1.53,-3.3261,55494.48,250364.78
688408.SH,20250522,47.0,47.08,45.3,46.0,47.09,-1.09,-2.3147,58651.65,269951.081
688408.SH,20250521,47.47,48.18,46.9,47.09,47.47,-0.38,-0.8005,58610.74,277364.163
688408.SH,20250520,48.2,48.24,47.0,47.47,48.06,-0.59,-1.2276,36261.6,172099.069
688408.SH,20250519,49.08,49.22,47.57,48.06,49.3,-1.24,-2.5152,53666.11,258305.128
688408.SH,20250516,49.6,50.79,49.3,49.3,49.43,-0.13,-0.263,20369.07,101809.838
688408.SH,20250515,50.31,50.48,49.3,49.43,50.6,-1.17,-2.3123,25715.16,127770.162
688408.SH,20250514,49.88,50.9,49.34,50.6,50.4,0.2,0.3968,36568.52,182846.809
688408.SH,20250513,50.0,51.97,49.59,50.4,49.36,1.04,2.107,68091.96,346330.333
688408.SH,20250512,47.8,49.38,47.5,49.36,47.05,2.31,4.9097,48340.56,235096.33
688408.SH,20250509,48.21,48.37,47.02,47.05,48.26,-1.21,-2.5073,23957.69,113330.1
688408.SH,20250508,48.06,48.99,47.31,48.26,47.73,0.53,1.1104,29110.49,140829.335
688408.SH,20250507,49.5,49.58,47.38,47.73,48.61,-0.88,-1.8103,38079.67,183374.367
688408.SH,20250506,47.13,48.85,46.58,48.61,46.7,1.91,4.0899,55980.3,268369.378
688408.SH,20250430,45.0,47.96,44.6,46.7,44.6,2.1,4.7085,66493.83,310803.393
688408.SH,20250429,45.1,45.54,44.6,44.6,45.26,-0.66,-1.4582,28809.35,129555.902
688408.SH,20250428,45.61,45.93,45.24,45.26,45.6,-0.34,-0.7456,20175.09,91647.593
688408.SH,20250425,45.68,46.24,45.41,45.6,45.38,0.22,0.4848,26635.14,122124.47
688408.SH,20250424,46.36,46.4,45.31,45.38,46.24,-0.86,-1.8599,28146.83,128633.839
688408.SH,20250423,46.04,47.17,45.93,46.24,45.43,0.81,1.783,36673.5,170219.268
688408.SH,20250422,46.0,46.15,45.25,45.43,46.18,-0.75,-1.6241,37838.38,172711.361
688408.SH,20250421,45.47,46.64,45.0,46.18,45.48,0.7,1.5391,35373.24,162238.829
688408.SH,20250418,46.02,46.31,45.18,45.48,46.08,-0.6,-1.3021,25260.26,115285.116
688408.SH,20250417,46.49,47.2,46.08,46.08,46.54,-0.46,-0.9884,37550.88,175026.19
688408.SH,20250416,47.3,47.39,45.91,46.54,47.46,-0.92,-1.9385,30235.47,140808.983
688408.SH,20250415,48.0,48.13,46.91,47.46,47.5,-0.04,-0.0842,32652.78,154648.295
688408.SH,20250414,47.55,47.99,47.1,47.5,46.9,0.6,1.2793,41425.83,197261.331
688408.SH,20250411,46.21,47.83,46.21,46.9,47.16,-0.26,-0.5513,41056.97,193761.438
688408.SH,20250410,47.78,48.5,46.8,47.16,45.84,1.32,2.8796,51332.62,244843.104
688408.SH,20250409,45.15,46.2,43.0,45.84,46.18,-0.34,-0.7362,51114.2,229836.423
688408.SH,20250408,45.7,47.44,44.82,46.18,45.06,1.12,2.4856,57012.89,262071.91
688408.SH,20250407,50.3,50.5,43.02,45.06,53.77,-8.71,-16.1986,69794.41,323314.482
688408.SH,20250403,54.4,54.95,53.6,53.77,55.13,-1.36,-2.4669,37653.94,203583.974
688408.SH,20250402,55.48,55.78,55.0,55.13,55.67,-0.54,-0.97,26871.32,148789.957
688408.SH,20250401,55.06,56.78,54.89,55.67,54.92,0.75,1.3656,39383.13,220109.765
688408.SH,20250331,56.81,57.22,54.76,54.92,57.22,-2.3,-4.0196,51857.07,289118.971
688408.SH,20250328,57.0,58.63,56.97,57.22,57.26,-0.04,-0.0699,43826.29,253827.298
688408.SH,20250327,57.81,57.88,56.64,57.26,58.16,-0.9,-1.5475,45330.19,258539.185
688408.SH,20250326,56.64,59.17,56.64,58.16,56.85,1.31,2.3043,63088.74,367023.628
688408.SH,20250325,56.37,57.35,56.07,56.85,56.36,0.49,0.8694,38583.63,219077.089
688408.SH,20250324,57.63,57.86,55.8,56.36,57.62,-1.26,-2.1867,47463.48,269076.926
688408.SH,20250321,57.58,58.35,57.3,57.62,57.8,-0.18,-0.3114,35188.2,203311.404
688408.SH,20250320,59.0,59.47,57.73,57.8,59.32,-1.52,-2.5624,54425.13,317756.087
688408.SH,20250319,58.29,60.5,57.6,59.32,58.64,0.68,1.1596,61395.0,362567.176
688408.SH,20250318,58.2,58.93,58.17,58.64,58.41,0.23,0.3938,38691.22,226355.56
688408.SH,20250317,58.7,59.5,58.23,58.41,58.4,0.01,0.0171,41089.73,241110.743
688408.SH,20250314,57.67,58.85,57.05,58.4,57.67,0.73,1.2658,56380.68,328389.246
688408.SH,20250313,57.96,58.5,56.85,57.67,57.93,-0.26,-0.4488,42643.81,245518.367
688408.SH,20250312,59.3,59.35,57.9,57.93,59.31,-1.38,-2.3268,57783.69,338450.159
688408.SH,20250311,57.0,59.88,56.2,59.31,57.49,1.82,3.1658,78255.41,454938.118
688408.SH,20250310,56.0,57.75,56.0,57.49,55.92,1.57,2.8076,53128.25,302147.375
688408.SH,20250307,57.6,57.64,55.52,55.92,58.16,-2.24,-3.8514,79727.92,448137.8
688408.SH,20250306,56.38,59.19,55.7,58.16,56.02,2.14,3.8201,75063.74,432641.864
688408.SH,20250305,58.2,58.22,55.7,56.02,58.22,-2.2,-3.7788,68898.14,388426.68
688408.SH,20250304,58.08,58.36,56.7,58.22,58.31,-0.09,-0.1543,50615.1,291288.614
688408.SH,20250303,60.47,61.23,57.84,58.31,59.96,-1.65,-2.7518,79964.14,477518.759
688408.SH,20250228,61.37,61.53,59.4,59.96,60.82,-0.86,-1.414,77238.34,465620.498
688408.SH,20250227,60.16,61.88,59.56,60.82,60.16,0.66,1.0971,122308.02,742626.985
688408.SH,20250226,54.7,62.3,54.2,60.16,53.64,6.52,12.1551,178067.5,1024128.182
688408.SH,20250225,53.21,54.5,53.01,53.64,53.59,0.05,0.0933,55190.01,296788.606
688408.SH,20250224,53.95,54.7,53.17,53.59,54.0,-0.41,-0.7593,59515.32,320131.777
688408.SH,20250221,53.77,54.15,52.88,54.0,53.7,0.3,0.5587,62750.29,336358.048
688408.SH,20250220,55.4,55.4,53.14,53.7,55.41,-1.71,-3.0861,78494.41,422895.834
688408.SH,20250219,54.62,55.45,54.3,55.41,54.77,0.64,1.1685,44496.87,244683.648
688408.SH,20250218,56.37,56.39,54.35,54.77,56.0,-1.23,-2.1964,52568.79,292271.176
688408.SH,20250217,56.09,56.6,55.44,56.0,56.01,-0.01,-0.0179,53972.62,301898.803
688408.SH,20250214,56.67,57.2,55.93,56.01,56.43,-0.42,-0.7443,45843.83,258932.863
688408.SH,20250213,57.83,57.83,56.42,56.43,57.89,-1.46,-2.522,58287.98,332360.071
688408.SH,20250212,56.64,57.9,56.11,57.89,56.63,1.26,2.225,60460.42,345661.941
688408.SH,20250211,58.91,59.0,56.46,56.63,58.83,-2.2,-3.7396,67082.75,383961.532
688408.SH,20250210,59.62,59.92,58.35,58.83,59.62,-0.79,-1.3251,51578.5,303251.919
688408.SH,20250207,57.7,61.1,57.65,59.62,58.28,1.34,2.2992,68479.88,411116.845
688408.SH,20250206,57.48,58.96,56.31,58.28,57.49,0.79,1.3742,59340.66,343134.577
688408.SH,20250205,59.75,60.01,57.44,57.49,59.76,-2.27,-3.7985,53492.57,311756.949
688408.SH,20250127,60.98,61.68,58.86,59.76,60.84,-1.08,-1.7751,52163.31,312668.598
688408.SH,20250124,60.15,61.47,59.66,60.84,60.76,0.08,0.1317,62717.27,380737.502
688408.SH,20250123,62.05,63.1,59.51,60.76,61.18,-0.42,-0.6865,99860.37,611429.058
688408.SH,20250122,70.5,70.5,60.13,61.18,71.9,-10.72,-14.9096,196764.67,1226610.049
688408.SH,20250121,72.36,73.2,71.01,71.9,71.41,0.49,0.6862,22371.95,161160.179
688408.SH,20250120,71.1,74.0,70.88,71.41,70.48,0.93,1.3195,32141.31,233078.58
688408.SH,20250117,70.31,71.3,68.5,70.48,70.52,-0.04,-0.0567,19173.26,133906.344
688408.SH,20250116,71.57,73.59,70.05,70.52,71.62,-1.1,-1.5359,23068.9,165173.64
688408.SH,20250115,72.28,73.6,70.66,71.62,72.79,-1.17,-1.6074,24350.29,175110.372
688408.SH,20250114,68.05,73.49,67.6,72.79,68.16,4.63,6.7928,41830.24,299757.145
688408.SH,20250113,67.46,69.6,66.8,68.16,67.25,0.91,1.3532,18642.6,127449.257
688408.SH,20250110,69.5,70.55,67.25,67.25,69.72,-2.47,-3.5427,17523.86,119712.661
688408.SH,20250109,68.69,72.23,68.3,69.72,69.37,0.35,0.5045,19943.78,140783.11
688408.SH,20250108,69.49,70.38,66.87,69.37,69.67,-0.3,-0.4306,25203.16,173202.763
688408.SH,20250107,70.65,71.88,69.18,69.67,70.75,-1.08,-1.5265,24813.8,174059.418
688408.SH,20250106,67.99,73.8,67.11,70.75,67.07,3.68,5.4868,39888.06,285314.089
688408.SH,20250103,68.0,69.31,66.67,67.07,68.09,-1.02,-1.498,18796.12,127945.591
688408.SH,20250102,71.82,71.98,67.5,68.09,72.0,-3.91,-5.4306,19588.06,135944.081
301317.SZ,20260527,71.9,73.33,66.7,67.73,72.77,-5.04,-6.9259,51434.27,354508.588
301317.SZ,20260526,80.4,80.99,69.97,72.77,81.63,-8.86,-10.8539,87290.66,651092.223
301317.SZ,20260525,82.57,87.6,79.79,81.63,78.68,2.95,3.7494,57641.0,473913.676
301317.SZ,20260522,76.5,79.79,75.5,78.68,74.88,3.8,5.0748,57835.77,448553.403
301317.SZ,20260521,76.93,82.5,74.0,74.88,76.46,-1.58,-2.0664,73037.49,577216.661
301317.SZ,20260520,77.0,78.0,72.8,76.46,77.57,-1.11,-1.431,73882.59,553123.235
301317.SZ,20260519,81.88,82.2,76.87,77.57,81.82,-4.25,-5.1943,70071.04,550677.348
301317.SZ,20260518,75.6,85.44,75.6,81.82,78.05,3.77,4.8302,81959.88,666232.131
301317.SZ,20260515,75.5,81.17,73.5,78.05,72.15,5.9,8.1774,102018.15,795118.315
301317.SZ,20260514,73.49,76.68,69.5,72.15,72.0,0.15,0.2083,80816.09,596416.856
301317.SZ,20260513,70.5,72.98,68.45,72.0,70.66,1.34,1.8964,94675.04,671636.301
301317.SZ,20260512,65.64,76.14,65.63,70.66,65.77,4.89,7.435,114936.99,826693.137
301317.SZ,20260511,64.8,69.38,64.11,65.77,63.98,1.79,2.7977,66134.5,438736.253
301317.SZ,20260508,63.0,65.35,61.4,63.98,64.1,-0.12,-0.1872,57761.6,366365.435
301317.SZ,20260507,59.95,65.24,58.03,64.1,59.22,4.88,8.2405,85824.27,529409.921
301317.SZ,20260506,59.24,61.55,58.0,59.22,58.88,0.34,0.5774,54106.2,322085.804
301317.SZ,20260430,58.88,61.16,57.8,58.88,60.05,-1.17,-1.9484,49389.51,292720.077
301317.SZ,20260429,57.7,63.03,56.37,60.05,60.08,-0.03,-0.0499,96465.94,576880.533
301317.SZ,20260428,55.6,61.41,54.62,60.08,54.51,5.57,10.2183,77727.63,445803.725
301317.SZ,20260427,55.76,56.8,54.39,54.51,55.92,-1.41,-2.5215,42321.0,235625.074
301317.SZ,20260424,59.03,59.9,54.72,55.92,60.08,-4.16,-6.9241,51159.02,288388.036
301317.SZ,20260423,60.9,62.31,59.16,60.08,59.63,0.45,0.7547,51206.94,310554.767
301317.SZ,20260422,59.9,60.93,57.5,59.63,60.13,-0.5,-0.8315,45750.0,269823.392
301317.SZ,20260421,61.39,62.5,59.4,60.13,63.17,-3.04,-4.8124,59189.39,360102.566
301317.SZ,20260420,63.97,67.45,62.01,63.17,63.05,0.12,0.1903,77029.0,496036.186
301317.SZ,20260417,62.77,64.6,61.31,63.05,62.36,0.69,1.1065,54817.56,346562.102
301317.SZ,20260416,64.06,66.4,61.83,62.36,63.8,-1.44,-2.2571,65954.31,417613.568
301317.SZ,20260415,61.8,65.17,61.18,63.8,63.03,0.77,1.2216,66970.28,422350.545
301317.SZ,20260414,60.0,66.66,59.2,63.03,59.2,3.83,6.4696,88002.43,558813.032
301317.SZ,20260413,59.42,61.88,58.48,59.2,57.0,2.2,3.8596,87396.74,523464.047
301317.SZ,20260410,55.5,58.5,54.58,57.0,54.9,2.1,3.8251,62703.75,357938.243
301317.SZ,20260409,52.57,55.54,52.03,54.9,53.4,1.5,2.809,61707.33,334156.468
301317.SZ,20260408,48.59,54.85,48.59,53.4,47.65,5.75,12.0672,59420.96,310933.252
301317.SZ,20260407,47.86,49.65,47.32,47.65,47.86,-0.21,-0.4388,29503.43,143019.421
301317.SZ,20260403,48.99,49.58,47.23,47.86,49.05,-1.19,-2.4261,30940.45,149182.328
301317.SZ,20260402,51.41,52.3,48.7,49.05,51.95,-2.9,-5.5823,51127.63,253526.832
301317.SZ,20260401,53.35,53.75,51.21,51.95,51.43,0.52,1.0111,47213.24,247197.93
301317.SZ,20260331,50.52,53.29,49.81,51.43,50.5,0.93,1.8416,56070.91,289380.498
301317.SZ,20260330,49.22,52.66,49.01,50.5,50.85,-0.35,-0.6883,44695.37,229153.607
301317.SZ,20260327,48.39,51.84,48.0,50.85,48.87,1.98,4.0516,40536.31,203140.435
301317.SZ,20260326,49.29,50.47,48.52,48.87,49.31,-0.44,-0.8923,32768.1,161794.621
301317.SZ,20260325,48.48,50.5,48.28,49.31,47.8,1.51,3.159,40991.57,203252.686
301317.SZ,20260324,47.77,48.59,46.68,47.8,46.4,1.4,3.0172,37691.0,179355.252
301317.SZ,20260323,48.6,49.87,46.09,46.4,50.3,-3.9,-7.7535,53115.02,252898.323
301317.SZ,20260320,53.21,53.99,50.18,50.3,53.15,-2.85,-5.3622,43083.8,222199.687
301317.SZ,20260319,54.0,54.85,52.7,53.15,54.91,-1.76,-3.2052,32767.0,175410.129
301317.SZ,20260318,54.24,56.87,54.24,54.91,53.83,1.08,2.0063,39477.3,219199.096
301317.SZ,20260317,57.0,57.4,53.72,53.83,57.2,-3.37,-5.8916,49042.58,269664.156
301317.SZ,20260316,57.3,59.77,55.41,57.2,57.3,-0.1,-0.1745,60826.0,348844.94
301317.SZ,20260313,58.78,59.73,56.01,57.3,59.45,-2.15,-3.6165,58794.24,339590.295
301317.SZ,20260312,62.96,62.96,59.0,59.45,63.6,-4.15,-6.5252,67710.87,409270.318
301317.SZ,20260311,63.98,66.84,61.79,63.6,64.82,-1.22,-1.8821,109891.12,704803.17
301317.SZ,20260310,61.58,66.88,59.23,64.82,59.2,5.62,9.4932,139710.78,878620.718
301317.SZ,20260309,54.0,60.64,51.45,59.2,55.92,3.28,5.8655,143306.58,794421.514
301317.SZ,20260306,54.5,59.8,54.03,55.92,54.35,1.57,2.8887,98566.39,560406.842
301317.SZ,20260305,55.6,56.3,53.04,54.35,53.64,0.71,1.3236,74438.29,406134.915
301317.SZ,20260304,52.01,56.11,52.01,53.64,52.01,1.63,3.134,72853.72,393866.032
301317.SZ,20260303,56.51,57.59,51.79,52.01,56.9,-4.89,-8.594,94532.77,506729.437
301317.SZ,20260302,57.0,57.9,53.8,56.9,58.0,-1.1,-1.8966,122201.13,686375.863
301317.SZ,20260227,56.79,62.72,56.61,58.0,56.0,2.0,3.5714,205086.31,1216343.255
301317.SZ,20260226,47.42,56.82,47.42,56.0,47.35,8.65,18.2682,220901.51,1181983.222
301317.SZ,20260225,47.4,49.8,46.23,47.35,46.01,1.34,2.9124,139711.81,669650.159
301317.SZ,20260224,46.22,47.5,45.41,46.01,46.5,-0.49,-1.0538,81009.99,375349.438
301317.SZ,20260213,47.76,50.56,46.0,46.5,48.62,-2.12,-4.3603,110414.38,523258.021
301317.SZ,20260212,41.36,48.62,41.29,48.62,40.52,8.1,19.9901,120348.43,567385.284
301317.SZ,20260211,40.21,42.5,40.21,40.52,40.03,0.49,1.2241,40128.07,165358.868
301317.SZ,20260210,40.65,40.99,39.27,40.03,40.64,-0.61,-1.501,36688.62,146592.509
301317.SZ,20260209,38.9,40.76,38.14,40.64,38.06,2.58,6.7788,46671.95,184499.987
301317.SZ,20260206,37.1,39.34,37.1,38.06,37.58,0.48,1.2773,40803.9,156292.661
301317.SZ,20260205,38.13,38.55,37.45,37.58,38.68,-1.1,-2.8438,28576.76,107730.855
301317.SZ,20260204,39.82,39.82,37.93,38.68,39.82,-1.14,-2.8629,41219.76,158797.904
301317.SZ,20260203,40.56,41.02,39.26,39.82,40.27,-0.45,-1.1175,46061.7,183448.001
301317.SZ,20260202,41.95,42.6,40.09,40.27,42.15,-1.88,-4.4603,68964.0,284693.219
301317.SZ,20260130,36.81,43.48,36.66,42.15,37.18,4.97,13.3674,108908.46,443591.221
301317.SZ,20260129,38.22,38.5,37.05,37.18,38.41,-1.23,-3.2023,31622.0,119078.378
301317.SZ,20260128,39.92,39.99,38.02,38.41,39.9,-1.49,-3.7343,44671.0,172358.414
301317.SZ,20260127,38.98,40.5,37.55,39.9,39.21,0.69,1.7598,44254.04,173458.644
301317.SZ,20260126,40.82,41.09,38.4,39.21,40.95,-1.74,-4.2491,59908.61,235663.14
301317.SZ,20260123,40.98,43.8,40.0,40.95,41.18,-0.23,-0.5585,76831.61,317259.018
301317.SZ,20260122,42.8,43.98,41.04,41.18,42.76,-1.58,-3.695,72326.45,301886.469
301317.SZ,20260121,39.01,45.23,39.01,42.76,39.19,3.57,9.1095,128081.61,550678.73
301317.SZ,20260120,42.16,42.43,38.93,39.19,41.25,-2.06,-4.9939,76215.58,304777.281
301317.SZ,20260119,38.08,42.5,38.01,41.25,38.72,2.53,6.5341,97444.28,397396.907
301317.SZ,20260116,36.6,39.24,36.6,38.72,37.25,1.47,3.9463,94242.77,362717.033
301317.SZ,20260115,34.58,39.56,34.57,37.25,34.62,2.63,7.5968,91089.25,342134.378
301317.SZ,20260114,34.55,35.03,34.17,34.62,34.56,0.06,0.1736,35595.79,123253.285
301317.SZ,20260113,34.71,35.06,34.31,34.56,34.71,-0.15,-0.4322,37570.17,130431.785
301317.SZ,20260112,32.79,35.2,32.75,34.71,32.83,1.88,5.7265,68002.43,232787.612
301317.SZ,20260109,32.83,32.99,32.57,32.83,32.85,-0.02,-0.0609,18000.0,58974.703
301317.SZ,20260108,32.79,33.25,32.72,32.85,32.75,0.1,0.3053,14562.0,47993.66
301317.SZ,20260107,32.98,33.12,32.63,32.75,33.15,-0.4,-1.2066,17381.0,57049.24
301317.SZ,20260106,33.21,33.6,33.05,33.15,33.17,-0.02,-0.0603,18630.0,62050.142
301317.SZ,20260105,32.25,33.33,32.25,33.17,32.24,0.93,2.8846,24162.0,79910.403
301317.SZ,20251231,31.91,32.47,31.6,32.24,31.97,0.27,0.8445,15110.0,48459.573
301317.SZ,20251230,32.32,32.56,31.95,31.97,32.56,-0.59,-1.812,11470.0,36997.765
301317.SZ,20251229,32.87,32.87,32.28,32.56,32.34,0.22,0.6803,12252.33,39848.218
301317.SZ,20251226,32.89,32.89,32.27,32.34,32.67,-0.33,-1.0101,14173.0,46031.172
301317.SZ,20251225,32.63,33.05,32.63,32.67,32.74,-0.07,-0.2138,8748.0,28662.066
301317.SZ,20251224,33.18,33.28,32.66,32.74,32.89,-0.15,-0.4561,13682.0,44995.147
301317.SZ,20251223,32.58,32.89,32.31,32.89,32.59,0.3,0.9205,13377.31,43747.553
301317.SZ,20251222,32.48,32.99,32.24,32.59,32.48,0.11,0.3387,13055.97,42556.39
301317.SZ,20251219,32.4,32.6,32.2,32.48,32.24,0.24,0.7444,9614.17,31199.171
301317.SZ,20251218,32.12,32.59,31.84,32.24,31.98,0.26,0.813,12409.0,40084.029
301317.SZ,20251217,31.39,31.99,31.3,31.98,31.61,0.37,1.1705,8481.0,26940.267
301317.SZ,20251216,31.95,32.06,31.6,31.61,31.95,-0.34,-1.0642,8246.0,26193.767
301317.SZ,20251215,32.02,32.13,31.6,31.95,32.0,-0.05,-0.1563,9915.0,31646.046
301317.SZ,20251212,32.34,32.53,32.0,32.0,32.21,-0.21,-0.652,12366.5,39973.659
301317.SZ,20251211,32.38,32.6,32.1,32.21,32.53,-0.32,-0.9837,15250.0,49218.662
301317.SZ,20251210,32.0,32.88,31.87,32.53,31.91,0.62,1.943,24768.0,80473.326
301317.SZ,20251209,32.05,32.05,31.55,31.91,31.85,0.06,0.1884,12385.0,39374.318
301317.SZ,20251208,31.72,32.06,31.5,31.85,31.65,0.2,0.6319,11652.0,37103.401
301317.SZ,20251205,31.35,31.93,31.22,31.65,31.34,0.31,0.9892,12292.0,38962.889
301317.SZ,20251204,31.25,31.59,31.13,31.34,31.35,-0.01,-0.0319,8561.78,26873.164
301317.SZ,20251203,31.39,31.65,31.18,31.35,31.46,-0.11,-0.3497,8393.42,26318.942
301317.SZ,20251202,31.49,31.81,31.05,31.46,31.82,-0.36,-1.1314,14308.13,44875.136
301317.SZ,20251201,30.3,32.26,30.3,31.82,30.29,1.53,5.0512,28819.33,91021.577
301317.SZ,20251128,29.96,30.46,28.91,30.29,29.84,0.45,1.508,10330.45,31048.94
301317.SZ,20251127,29.33,29.98,29.33,29.84,29.4,0.44,1.4966,6745.59,20077.356
301317.SZ,20251126,29.63,30.2,29.4,29.4,29.71,-0.31,-1.0434,7843.67,23350.461
301317.SZ,20251125,29.98,30.03,29.54,29.71,29.57,0.14,0.4735,5935.31,17714.798
301317.SZ,20251124,28.88,29.65,28.88,29.57,28.88,0.69,2.3892,7519.0,21986.053
301317.SZ,20251121,30.38,30.38,28.73,28.88,30.18,-1.3,-4.3075,12432.0,36352.361
301317.SZ,20251120,31.11,31.32,30.1,30.18,31.0,-0.82,-2.6452,8182.31,24969.046
301317.SZ,20251119,31.69,31.69,30.84,31.0,31.79,-0.79,-2.4851,9371.88,29269.109
301317.SZ,20251118,31.85,32.13,31.51,31.79,31.67,0.12,0.3789,8079.0,25696.75
301317.SZ,20251117,31.92,31.97,31.51,31.67,31.92,-0.25,-0.7832,8338.58,26396.658
301317.SZ,20251114,32.15,32.26,31.91,31.92,32.23,-0.31,-0.9618,8885.0,28510.911
301317.SZ,20251113,32.52,32.56,32.1,32.23,32.59,-0.36,-1.1046,15289.86,49253.91
301317.SZ,20251112,32.68,32.98,32.45,32.59,32.92,-0.33,-1.0024,10610.0,34591.855
301317.SZ,20251111,32.7,33.07,32.41,32.92,32.55,0.37,1.1367,20971.0,68707.91
301317.SZ,20251110,32.15,32.64,32.15,32.55,32.61,-0.06,-0.184,10373.0,33649.066
301317.SZ,20251107,32.71,32.86,32.56,32.61,32.86,-0.25,-0.7608,10889.0,35558.517
301317.SZ,20251106,32.9,32.99,32.65,32.86,32.9,-0.04,-0.1216,9135.0,29998.808
301317.SZ,20251105,32.79,32.93,32.45,32.9,32.95,-0.05,-0.1517,10900.0,35704.229
301317.SZ,20251104,32.9,33.11,32.66,32.95,32.76,0.19,0.58,14176.0,46662.652
301317.SZ,20251103,32.91,32.91,32.54,32.76,32.84,-0.08,-0.2436,9058.0,29619.489
301317.SZ,20251031,32.68,32.99,32.52,32.84,32.59,0.25,0.7671,12406.0,40713.915
301317.SZ,20251030,32.65,32.79,32.41,32.59,32.76,-0.17,-0.5189,12852.0,41873.577
301317.SZ,20251029,32.8,32.94,32.41,32.76,32.94,-0.18,-0.5464,18116.0,59055.504
301317.SZ,20251028,33.0,33.16,32.6,32.94,33.43,-0.49,-1.4657,24087.0,79034.276
301317.SZ,20251027,32.11,34.7,32.09,33.43,32.05,1.38,4.3058,44691.28,150222.985
301317.SZ,20251024,32.0,32.14,31.77,32.05,31.97,0.08,0.2502,8454.0,27070.981
301317.SZ,20251023,31.78,32.0,31.47,31.97,31.8,0.17,0.5346,8700.33,27624.058
301317.SZ,20251022,31.75,32.1,31.75,31.8,31.9,-0.1,-0.3135,8032.74,25659.538
301317.SZ,20251021,31.68,31.98,31.41,31.9,31.53,0.37,1.1735,8348.22,26566.605
301317.SZ,20251020,31.24,31.67,31.24,31.53,30.85,0.68,2.2042,8854.0,27857.813
301317.SZ,20251017,31.86,32.09,30.85,30.85,31.86,-1.01,-3.1701,14135.0,44712.1
301317.SZ,20251016,32.19,32.2,31.82,31.86,32.19,-0.33,-1.0252,11418.0,36493.104
301317.SZ,20251015,32.2,32.28,31.89,32.19,32.06,0.13,0.4055,10570.0,33938.278
301317.SZ,20251014,32.9,32.9,32.01,32.06,32.57,-0.51,-1.5659,21611.8,69798.995
301317.SZ,20251013,32.9,32.9,31.72,32.57,34.04,-1.47,-4.3184,21964.04,71231.834
301317.SZ,20251010,33.6,34.1,33.4,34.04,33.76,0.28,0.8294,27976.04,94859.248
301317.SZ,20251009,33.23,33.88,33.23,33.76,33.23,0.53,1.5949,21362.28,71771.278
301317.SZ,20250930,33.22,33.56,33.16,33.23,33.32,-0.09,-0.2701,12702.11,42266.993
301317.SZ,20250929,33.11,34.12,33.11,33.32,33.1,0.22,0.6647,20147.88,67502.717
301317.SZ,20250926,33.07,33.85,32.85,33.1,33.05,0.05,0.1513,16220.27,54095.681
301317.SZ,20250925,33.32,33.59,32.99,33.05,33.35,-0.3,-0.8996,14932.53,49775.414
301317.SZ,20250924,33.14,33.5,33.03,33.35,33.13,0.22,0.6641,14006.49,46662.96
301317.SZ,20250923,33.99,33.99,32.73,33.13,33.89,-0.76,-2.2425,20944.68,69897.251
301317.SZ,20250922,34.18,34.18,33.69,33.89,34.09,-0.2,-0.5867,15487.0,52413.243
301317.SZ,20250919,34.04,34.66,33.8,34.38,33.93,0.45,1.3263,20632.02,70455.765
301317.SZ,20250918,34.35,34.73,33.78,33.93,34.48,-0.55,-1.5951,27316.81,93749.067
301317.SZ,20250917,34.91,34.91,34.35,34.48,34.92,-0.44,-1.26,21921.0,75803.01
301317.SZ,20250916,33.99,34.97,33.77,34.92,33.99,0.93,2.7361,29055.33,99644.79
301317.SZ,20250915,34.2,34.47,33.87,33.99,34.27,-0.28,-0.817,17760.36,60491.744
301317.SZ,20250912,34.52,34.79,34.19,34.27,34.62,-0.35,-1.011,22942.91,78978.376
301317.SZ,20250911,34.3,34.64,33.81,34.62,34.03,0.59,1.7338,23129.32,79439.898
301317.SZ,20250910,33.9,34.19,33.71,34.03,33.88,0.15,0.4427,15998.02,54345.243
301317.SZ,20250909,34.6,34.6,33.8,33.88,34.6,-0.72,-2.0809,24116.13,82283.632
301317.SZ,20250908,34.5,34.79,34.32,34.6,34.52,0.08,0.2317,19745.27,68251.448
301317.SZ,20250905,34.24,34.62,33.58,34.52,33.88,0.64,1.889,26482.0,90415.07
301317.SZ,20250904,33.69,34.58,33.21,33.88,33.86,0.02,0.0591,31536.0,107170.044
301317.SZ,20250903,34.82,35.35,33.65,33.86,35.08,-1.22,-3.4778,35761.68,122966.676
301317.SZ,20250902,36.05,36.29,34.77,35.08,36.41,-1.33,-3.6528,50012.83,176010.006
301317.SZ,20250901,35.0,37.99,35.0,36.41,35.0,1.41,4.0286,76986.67,282535.639
301317.SZ,20250829,35.98,35.98,34.88,35.0,36.39,-1.39,-3.8197,54719.1,192308.768
301317.SZ,20250828,38.58,38.99,34.59,36.39,38.48,-2.09,-5.4314,123307.71,449848.684
301317.SZ,20250827,38.6,41.66,38.23,38.48,38.8,-0.32,-0.8247,126192.63,505988.945
301317.SZ,20250826,38.65,39.5,38.45,38.8,38.61,0.19,0.4921,63157.82,246207.859
301317.SZ,20250825,37.63,39.95,37.56,38.61,37.53,1.08,2.8777,82721.03,320156.516
301317.SZ,20250822,37.63,38.4,37.1,37.53,37.55,-0.02,-0.0533,45150.08,169803.631
301317.SZ,20250821,38.59,38.59,37.31,37.55,38.71,-1.16,-2.9966,47706.1,180468.483
301317.SZ,20250820,38.4,39.26,37.97,38.71,38.75,-0.04,-0.1032,55552.18,213510.07
301317.SZ,20250819,38.61,39.55,38.05,38.75,39.14,-0.39,-0.9964,75297.42,290996.687
301317.SZ,20250818,39.48,40.0,38.13,39.14,38.08,1.06,2.7836,122182.95,480601.644
301317.SZ,20250815,35.61,38.7,35.51,38.08,35.9,2.18,6.0724,99057.73,371708.636
301317.SZ,20250814,36.81,37.9,35.89,35.9,36.9,-1.0,-2.71,68902.39,254374.824
301317.SZ,20250813,36.25,37.23,35.78,36.9,35.94,0.96,2.6711,62796.41,229617.385
301317.SZ,20250812,36.0,36.28,35.84,35.94,36.34,-0.4,-1.1007,36019.93,129690.769
301317.SZ,20250811,37.26,37.37,36.19,36.34,36.79,-0.45,-1.2232,45809.77,166987.739
301317.SZ,20250808,36.57,37.0,36.18,36.79,36.43,0.36,0.9882,46746.33,171442.293
301317.SZ,20250807,37.53,37.9,36.37,36.43,37.73,-1.3,-3.4455,68203.17,250929.616
301317.SZ,20250806,38.7,38.72,37.5,37.73,38.18,-0.45,-1.1786,74948.1,283820.26
301317.SZ,20250805,36.92,38.91,36.35,38.18,36.91,1.27,3.4408,107168.92,407178.972
301317.SZ,20250804,36.2,36.99,35.86,36.91,37.07,-0.16,-0.4316,80457.91,291991.492
301317.SZ,20250801,34.99,37.99,34.22,37.07,34.57,2.5,7.2317,129800.71,471818.267
301317.SZ,20250731,35.15,35.98,34.3,34.57,35.25,-0.68,-1.9291,67512.72,237757.345
301317.SZ,20250730,35.13,36.38,34.64,35.25,35.3,-0.05,-0.1416,79753.65,282050.935
301317.SZ,20250729,36.5,36.58,34.78,35.3,36.33,-1.03,-2.8351,79352.59,279379.273
301317.SZ,20250728,32.96,36.35,32.96,36.33,32.98,3.35,10.1577,133801.63,469844.668
301317.SZ,20250725,33.0,33.15,32.82,32.98,33.08,-0.1,-0.3023,19707.0,64966.043
301317.SZ,20250724,32.95,33.24,32.85,33.08,33.05,0.03,0.0908,24428.5,80631.057
301317.SZ,20250723,33.53,33.62,32.88,33.05,33.5,-0.45,-1.3433,26255.0,87316.502
301317.SZ,20250722,33.82,34.05,33.29,33.5,34.07,-0.57,-1.673,33150.5,111439.619
301317.SZ,20250721,33.86,34.1,33.73,34.07,33.86,0.21,0.6202,32638.0,110714.111
301317.SZ,20250718,33.73,34.0,33.52,33.86,33.94,-0.08,-0.2357,28612.5,96545.826
301317.SZ,20250717,33.89,34.2,33.83,33.94,33.88,0.06,0.1771,31045.5,105436.066
301317.SZ,20250716,34.58,34.87,33.85,33.88,34.56,-0.68,-1.9676,44453.5,151903.794
301317.SZ,20250715,34.67,35.17,33.85,34.56,34.97,-0.41,-1.1724,57911.36,199338.633
301317.SZ,20250714,34.43,36.2,34.16,34.97,34.25,0.72,2.1022,76192.22,266663.058
301317.SZ,20250711,34.9,35.25,34.15,34.25,35.44,-1.19,-3.3578,73136.86,251548.818
301317.SZ,20250710,35.81,37.22,35.01,35.44,36.83,-1.39,-3.7741,95717.48,341236.372
301317.SZ,20250709,34.68,39.28,34.68,36.83,35.17,1.66,4.7199,145935.98,540285.134
301317.SZ,20250708,36.4,36.5,34.8,35.17,37.17,-2.0,-5.3807,119134.5,418844.957
301317.SZ,20250707,32.89,37.75,32.89,37.17,33.36,3.81,11.4209,183482.22,658881.393
301317.SZ,20250704,30.02,34.34,29.74,33.36,30.03,3.33,11.0889,160417.5,526603.292
301317.SZ,20250703,29.66,30.27,29.62,30.03,29.61,0.42,1.4184,25155.0,75476.971
301317.SZ,20250702,29.9,29.95,29.4,29.61,29.88,-0.27,-0.9036,25934.0,76944.227
301317.SZ,20250701,30.31,30.39,29.61,29.88,30.84,-0.96,-3.1128,49288.0,147778.319
301317.SZ,20250630,30.69,30.99,30.51,30.84,30.53,0.31,1.0154,25860.41,79692.911
301317.SZ,20250627,30.36,30.8,30.23,30.53,30.21,0.32,1.0593,27426.9,83774.475
301317.SZ,20250626,30.61,30.66,30.15,30.21,30.66,-0.45,-1.4677,29141.0,88629.838
301317.SZ,20250625,30.4,30.93,30.23,30.66,30.37,0.29,0.9549,32832.0,100239.188
301317.SZ,20250624,29.33,30.45,29.0,30.37,29.61,0.76,2.5667,35483.0,107154.836
301317.SZ,20250623,29.26,29.78,29.22,29.61,29.46,0.15,0.5092,19631.0,58109.357
301317.SZ,20250620,29.85,30.23,29.36,29.46,29.75,-0.29,-0.9748,26020.0,77348.499
301317.SZ,20250619,30.2,30.75,29.63,29.75,30.57,-0.82,-2.6824,31335.0,94292.708
301317.SZ,20250618,30.66,30.89,30.18,30.57,30.74,-0.17,-0.553,32186.0,98038.897
301317.SZ,20250617,31.55,31.83,30.56,30.74,31.61,-0.87,-2.7523,48827.29,151042.085
301317.SZ,20250616,30.83,31.93,30.83,31.61,31.15,0.46,1.4767,27751.0,87500.403
301317.SZ,20250613,31.9,32.35,31.0,31.15,32.1,-0.95,-2.9595,49713.29,156286.906
301317.SZ,20250612,32.0,32.37,31.92,32.1,32.16,-0.06,-0.1866,30096.39,96605.132
301317.SZ,20250611,32.0,32.37,31.87,32.16,32.34,-0.18,-0.5566,33194.2,106635.204
301317.SZ,20250610,33.48,33.54,31.7,32.34,33.8,-1.46,-4.3195,72908.56,236567.957
301317.SZ,20250609,34.37,34.37,33.08,33.8,34.27,-0.47,-1.3715,82675.0,277198.639
301317.SZ,20250606,32.85,34.95,32.11,34.27,32.91,1.36,4.1325,107121.0,362602.361
301317.SZ,20250605,32.67,33.32,32.23,32.91,32.61,0.3,0.92,56212.0,184245.797
301317.SZ,20250604,32.05,32.81,32.01,32.61,32.09,0.52,1.6204,46432.0,150477.545
301317.SZ,20250603,31.93,32.32,31.48,32.09,32.02,0.07,0.2186,35695.6,114447.347
301317.SZ,20250530,33.36,33.36,31.86,32.02,33.28,-1.26,-3.7861,60614.7,195074.857
301317.SZ,20250529,32.41,33.39,32.41,33.28,32.68,0.6,1.836,55827.64,184389.544
301317.SZ,20250528,33.52,33.86,32.54,32.68,33.5,-0.82,-2.4478,80394.41,265102.568
301317.SZ,20250527,35.03,35.53,33.15,33.5,35.83,-2.33,-6.5029,105810.35,357900.766
301317.SZ,20250526,34.12,36.56,33.8,35.83,33.25,2.58,7.7594,162972.12,571463.235
301317.SZ,20250523,33.81,34.35,33.15,33.25,33.77,-0.52,-1.5398,72903.96,245418.997
301317.SZ,20250522,34.62,34.95,33.88,34.06,34.71,-0.65,-1.8727,79787.5,274150.575
301317.SZ,20250521,36.0,36.36,34.31,34.71,35.72,-1.01,-2.8275,107335.35,374737.295
301317.SZ,20250520,36.02,36.91,35.1,35.72,36.6,-0.88,-2.4044,116253.94,417889.54
301317.SZ,20250519,37.31,38.49,35.81,36.6,38.83,-2.23,-5.743,153356.96,560491.04
301317.SZ,20250516,38.51,40.4,37.8,38.83,38.3,0.53,1.3838,163901.51,639951.548
301317.SZ,20250515,40.44,42.99,38.16,38.3,41.45,-3.15,-7.5995,213735.53,847675.646
301317.SZ,20250514,36.36,45.6,36.19,41.45,38.16,3.29,8.6216,276563.37,1113581.814
301317.SZ,20250513,31.18,38.16,30.0,38.16,31.8,6.36,20.0,256788.35,878913.588
301317.SZ,20250512,28.63,31.99,28.63,31.8,32.7,-0.9,-2.7523,242223.57,731907.793
301317.SZ,20250509,30.53,32.75,30.26,32.7,27.29,5.41,19.8241,295179.25,941144.187
301317.SZ,20250508,22.73,27.29,22.63,27.29,22.74,4.55,20.0088,139152.63,359874.021
301317.SZ,20250507,23.21,23.26,22.6,22.74,22.97,-0.23,-1.0013,31069.0,70811.697
301317.SZ,20250506,22.46,23.0,22.46,22.97,22.15,0.82,3.702,40737.0,92984.99
301317.SZ,20250430,22.15,22.57,22.06,22.15,22.27,-0.12,-0.5388,27826.0,62077.619
301317.SZ,20250429,22.34,22.59,22.18,22.27,22.34,-0.07,-0.3133,29667.48,66330.166
301317.SZ,20250428,22.71,22.93,22.17,22.34,22.63,-0.29,-1.2815,48888.49,110326.536
301317.SZ,20250425,22.47,22.85,22.0,22.63,22.1,0.53,2.3982,58545.66,131716.838
301317.SZ,20250424,21.9,22.59,21.73,22.1,22.95,-0.85,-3.7037,75868.63,167197.287
301317.SZ,20250423,21.2,23.6,21.2,22.95,20.87,2.08,9.9665,119998.71,271450.151
301317.SZ,20250422,20.69,21.2,20.5,20.87,20.52,0.35,1.7057,22528.0,47065.701
301317.SZ,20250421,19.85,20.56,19.68,20.52,19.85,0.67,3.3753,18831.29,38125.376
301317.SZ,20250418,19.64,19.99,19.47,19.85,19.53,0.32,1.6385,16854.0,33300.43
301317.SZ,20250417,19.43,19.77,19.2,19.53,19.43,0.1,0.5147,11456.04,22421.027
301317.SZ,20250416,19.58,19.77,19.25,19.43,19.56,-0.13,-0.6646,18945.29,36976.954
301317.SZ,20250415,20.4,20.4,19.48,19.56,20.45,-0.89,-4.3521,33348.0,65868.051
301317.SZ,20250414,19.3,22.62,19.3,20.45,18.85,1.6,8.4881,46481.0,97551.295
301317.SZ,20250411,18.66,19.18,18.6,18.85,18.84,0.01,0.0531,11509.0,21834.416
301317.SZ,20250410,18.26,18.98,18.26,18.84,18.07,0.77,4.2612,12157.0,22785.425
301317.SZ,20250409,17.05,18.35,15.81,18.07,17.4,0.67,3.8506,17692.29,30515.377
301317.SZ,20250408,17.66,17.86,16.7,17.4,16.53,0.87,5.2632,14468.0,24982.665
301317.SZ,20250407,19.9,19.9,16.45,16.53,20.56,-4.03,-19.6012,27500.36,49776.177
301317.SZ,20250403,20.5,20.87,20.45,20.56,20.69,-0.13,-0.6283,14260.36,29376.916
301317.SZ,20250402,21.05,21.12,20.25,20.69,20.6,0.09,0.4369,17662.0,36817.135
301317.SZ,20250401,20.13,20.86,20.13,20.6,20.14,0.46,2.284,20971.94,43168.736
301317.SZ,20250331,19.61,20.28,19.34,20.14,19.76,0.38,1.9231,14604.0,29145.431
301317.SZ,20250328,19.89,20.28,19.73,19.76,19.81,-0.05,-0.2524,12339.04,24698.399
301317.SZ,20250327,20.47,20.47,19.58,19.81,19.98,-0.17,-0.8509,12003.04,23807.216
301317.SZ,20250326,19.59,20.13,19.27,19.98,19.44,0.54,2.7778,13810.0,27527.703
301317.SZ,20250325,19.47,19.6,19.1,19.44,19.46,-0.02,-0.1028,12022.0,23336.382
301317.SZ,20250324,20.43,20.43,19.1,19.46,20.43,-0.97,-4.7479,18668.36,36794.792
301317.SZ,20250321,20.53,20.75,20.11,20.43,20.62,-0.19,-0.9214,16625.47,33978.31
301317.SZ,20250320,20.28,20.92,20.1,20.62,20.28,0.34,1.6765,16194.0,33211.05
301317.SZ,20250319,20.44,20.47,20.14,20.28,20.43,-0.15,-0.7342,8869.0,17976.28
301317.SZ,20250318,20.49,20.74,20.31,20.43,20.49,-0.06,-0.2928,15608.0,31940.735
301317.SZ,20250317,20.46,21.12,20.12,20.49,20.36,0.13,0.6385,29256.0,60116.534
301317.SZ,20250314,20.0,20.42,19.9,20.36,20.14,0.22,1.0924,10609.0,21461.534
301317.SZ,20250313,20.09,20.29,19.75,20.14,20.13,0.01,0.0497,11857.85,23756.857
301317.SZ,20250312,20.23,20.23,19.73,20.13,20.02,0.11,0.5495,9904.65,19755.024
301317.SZ,20250311,19.9,20.16,19.51,20.02,20.19,-0.17,-0.842,12365.4,24491.259
301317.SZ,20250310,20.2,20.4,19.96,20.19,20.01,0.18,0.8996,9386.0,18968.982
301317.SZ,20250307,20.01,20.16,19.83,20.01,20.15,-0.14,-0.6948,8879.0,17761.001
301317.SZ,20250306,19.46,20.48,19.4,20.15,19.4,0.75,3.866,17239.04,34587.305
301317.SZ,20250305,19.61,19.7,19.16,19.4,19.67,-0.27,-1.3726,8415.04,16275.165
301317.SZ,20250304,19.45,19.78,19.01,19.67,19.27,0.4,2.0758,7544.33,14768.824
301317.SZ,20250303,19.2,19.58,19.15,19.27,19.1,0.17,0.8901,9089.0,17637.086
301317.SZ,20250228,19.98,19.98,19.0,19.1,19.98,-0.88,-4.4044,15400.0,29893.063
301317.SZ,20250227,20.3,20.62,19.8,19.98,20.32,-0.34,-1.6732,18249.33,36641.22
301317.SZ,20250226,20.54,20.71,20.14,20.32,20.51,-0.19,-0.9264,13669.0,27869.381
301317.SZ,20250225,20.46,20.74,20.06,20.51,20.46,0.05,0.2444,14604.0,29956.723
301317.SZ,20250224,20.61,20.76,20.0,20.46,20.77,-0.31,-1.4925,19996.0,40670.212
301317.SZ,20250221,20.46,21.2,20.2,20.77,20.55,0.22,1.0706,26190.85,54143.196
301317.SZ,20250220,20.29,20.89,20.01,20.55,20.03,0.52,2.5961,18312.37,37545.296
301317.SZ,20250219,19.79,20.23,19.51,20.03,19.81,0.22,1.1106,10705.36,21409.034
301317.SZ,20250218,20.1,20.55,19.66,19.81,20.14,-0.33,-1.6385,14316.0,28624.698
301317.SZ,20250217,20.01,20.19,19.91,20.14,19.91,0.23,1.1552,6848.0,13756.458
301317.SZ,20250214,20.0,20.22,19.86,19.91,20.09,-0.18,-0.896,8107.33,16209.302
301317.SZ,20250213,20.58,20.72,20.05,20.09,20.58,-0.49,-2.381,9117.56,18453.071
301317.SZ,20250212,20.23,20.95,20.05,20.58,20.23,0.35,1.7301,15846.0,32496.247
301317.SZ,20250211,20.23,20.37,19.87,20.23,20.28,-0.05,-0.2465,10348.0,20774.785
301317.SZ,20250210,21.06,21.06,20.07,20.28,20.73,-0.45,-2.1708,21433.3,43463.434
301317.SZ,20250207,20.67,21.88,20.54,20.73,20.68,0.05,0.2418,15622.37,32806.387
301317.SZ,20250206,20.5,20.69,20.09,20.68,20.49,0.19,0.9273,12248.3,24996.074
301317.SZ,20250205,21.05,21.23,20.27,20.49,21.05,-0.56,-2.6603,13827.3,28436.289
301317.SZ,20250127,21.25,21.49,20.86,21.05,21.06,-0.01,-0.0475,9764.0,20618.22
301317.SZ,20250124,20.06,21.35,19.94,21.06,20.23,0.83,4.1028,19804.37,41135.181
301317.SZ,20250123,20.19,20.69,20.12,20.23,20.04,0.19,0.9481,11547.37,23641.878
301317.SZ,20250122,19.81,20.2,19.81,20.04,20.15,-0.11,-0.5459,6037.0,12086.775
301317.SZ,20250121,20.03,20.49,19.63,20.15,20.1,0.05,0.2488,10915.0,21764.289
301317.SZ,20250120,20.09,20.51,20.0,20.1,20.09,0.01,0.0498,12846.89,25967.427
301317.SZ,20250117,20.31,20.51,19.79,20.09,20.84,-0.75,-3.5988,23712.04,47576.63
301317.SZ,20250116,18.89,22.55,18.89,20.84,18.93,1.91,10.0898,36449.65,75973.139
301317.SZ,20250115,19.5,19.6,18.76,18.93,19.56,-0.63,-3.2209,12676.0,24249.167
301317.SZ,20250114,19.06,19.57,19.06,19.56,18.93,0.63,3.3281,11557.0,22408.925
301317.SZ,20250113,19.27,19.28,18.61,18.93,19.34,-0.41,-2.12,8103.04,15327.959
301317.SZ,20250110,19.34,20.19,19.21,19.34,19.34,0.0,0.0,12199.0,24122.818
301317.SZ,20250109,19.18,19.54,18.71,19.34,19.19,0.15,0.7817,8099.0,15681.048
301317.SZ,20250108,19.54,19.76,18.66,19.19,19.51,-0.32,-1.6402,10013.0,19259.756
301317.SZ,20250107,18.89,19.51,18.36,19.51,18.45,1.06,5.7453,12145.04,23081.792
301317.SZ,20250106,18.42,19.0,17.5,18.45,18.32,0.13,0.7096,16503.31,30512.01
301317.SZ,20250103,19.46,19.89,18.31,18.32,19.45,-1.13,-5.8098,9498.04,17984.761
301317.SZ,20250102,19.63,20.41,19.06,19.45,19.89,-0.44,-2.2122,11647.78,23085.559
688606.SH,20260527,48.45,48.88,47.8,48.16,48.61,-0.45,-0.9257,4553.06,21930.454
688606.SH,20260526,49.15,49.96,48.12,48.61,49.46,-0.85,-1.7186,5492.54,26753.802
688606.SH,20260525,49.82,50.56,49.15,49.46,49.8,-0.34,-0.6827,4020.53,19990.054
688606.SH,20260522,49.68,50.29,49.4,49.8,49.61,0.19,0.383,4198.98,20882.256
688606.SH,20260521,51.07,51.84,49.6,49.61,51.33,-1.72,-3.3509,5858.0,29709.127
688606.SH,20260520,52.26,52.3,50.9,51.33,52.45,-1.12,-2.1354,5363.81,27505.241
688606.SH,20260519,52.45,53.0,52.01,52.45,52.49,-0.04,-0.0762,3447.44,18055.83
688606.SH,20260518,53.81,54.0,52.28,52.49,54.01,-1.52,-2.8143,5049.77,26645.887
688606.SH,20260515,54.51,55.08,54.01,54.01,54.84,-0.83,-1.5135,3243.02,17640.746
688606.SH,20260514,55.8,55.8,54.74,54.84,55.58,-0.74,-1.3314,3429.9,18873.43
688606.SH,20260513,55.84,55.86,55.07,55.58,55.32,0.26,0.47,3403.18,18875.699
688606.SH,20260512,56.4,57.2,55.31,55.32,57.11,-1.79,-3.1343,7638.46,42683.66
688606.SH,20260511,56.8,57.37,55.75,57.11,56.8,0.31,0.5458,10195.56,57471.066
688606.SH,20260508,54.44,56.97,54.31,56.8,54.44,2.36,4.335,13594.35,76523.9
688606.SH,20260507,54.2,54.92,54.2,54.44,55.18,-0.74,-1.3411,8276.48,45044.849
688606.SH,20260506,54.41,55.55,53.56,55.18,54.01,1.17,2.1663,10100.61,54642.638
688606.SH,20260430,55.2,55.2,53.89,54.01,54.76,-0.75,-1.3696,4327.58,23492.994
688606.SH,20260429,54.19,55.1,54.01,54.76,54.42,0.34,0.6248,3204.63,17577.19
688606.SH,20260428,54.43,54.85,54.01,54.42,54.17,0.25,0.4615,5248.32,28591.013
688606.SH,20260427,55.87,55.87,54.08,54.17,55.88,-1.71,-3.0601,6484.58,35232.883
688606.SH,20260424,56.96,56.96,55.73,55.88,56.64,-0.76,-1.3418,3850.88,21623.373
688606.SH,20260423,57.15,57.2,56.58,56.64,57.21,-0.57,-0.9963,3299.52,18747.198
688606.SH,20260422,57.21,57.38,56.89,57.21,57.41,-0.2,-0.3484,2633.33,15049.5
688606.SH,20260421,57.24,57.8,56.58,57.41,57.25,0.16,0.2795,4938.41,28235.785
688606.SH,20260420,58.9,58.9,56.73,57.25,61.2,-3.95,-6.4542,14237.39,82055.045
688606.SH,20260417,61.25,61.38,60.75,61.2,61.26,-0.06,-0.0979,1894.2,11556.387
688606.SH,20260416,60.95,61.33,60.63,61.26,60.9,0.36,0.5911,2184.87,13343.07
688606.SH,20260415,60.97,61.1,60.56,60.9,60.71,0.19,0.313,2393.44,14563.865
688606.SH,20260414,61.08,61.21,60.26,60.71,60.73,-0.02,-0.0329,3333.31,20188.295
688606.SH,20260413,61.59,61.59,60.5,60.73,61.65,-0.92,-1.4923,3131.8,19036.73
688606.SH,20260410,61.4,62.4,61.4,61.65,61.44,0.21,0.3418,3167.18,19582.003
688606.SH,20260409,62.0,62.34,61.22,61.44,63.74,-2.3,-3.6084,4397.65,27151.717
688606.SH,20260408,61.5,63.74,61.26,63.74,60.85,2.89,4.7494,5228.14,32359.093
688606.SH,20260407,61.0,61.3,60.45,60.85,60.76,0.09,0.1481,1493.51,9105.025
688606.SH,20260403,63.09,63.18,60.3,60.76,63.09,-2.33,-3.6931,3822.97,23448.366
688606.SH,20260402,63.8,64.19,62.66,63.09,63.8,-0.71,-1.1129,2882.62,18217.0
688606.SH,20260401,63.53,64.38,62.88,63.8,62.78,1.02,1.6247,4900.81,31258.433
688606.SH,20260331,62.0,63.86,61.85,62.78,62.75,0.03,0.0478,3658.18,23045.601
688606.SH,20260330,63.09,63.6,62.53,62.75,63.1,-0.35,-0.5547,3157.55,19899.435
688606.SH,20260327,61.97,63.37,61.6,63.1,62.72,0.38,0.6059,2068.15,12995.047
688606.SH,20260326,63.0,63.5,62.3,62.72,63.49,-0.77,-1.2128,3021.61,18970.015
688606.SH,20260325,63.39,63.6,62.61,63.49,63.09,0.4,0.634,2718.39,17214.527
688606.SH,20260324,62.98,63.86,62.52,63.09,62.56,0.53,0.8472,2524.87,15895.326
688606.SH,20260323,64.15,65.0,62.4,62.56,64.5,-1.94,-3.0078,4523.26,28752.867
688606.SH,20260320,65.58,65.89,64.5,64.5,65.3,-0.8,-1.2251,2357.94,15358.811
688606.SH,20260319,66.55,66.55,65.3,65.3,66.55,-1.25,-1.8783,2331.74,15326.637
688606.SH,20260318,65.52,66.64,65.25,66.55,65.52,1.03,1.572,2504.87,16531.743
688606.SH,20260317,66.78,67.16,65.5,65.52,66.55,-1.03,-1.5477,2640.46,17530.875
688606.SH,20260316,67.2,67.2,65.6,66.55,66.18,0.37,0.5591,2642.05,17503.329
688606.SH,20260313,65.5,66.94,65.5,66.18,65.83,0.35,0.5317,3444.85,22846.941
688606.SH,20260312,66.7,67.41,65.83,65.83,67.09,-1.26,-1.8781,2639.74,17498.091
688606.SH,20260311,66.99,67.6,66.8,67.09,67.44,-0.35,-0.519,1834.77,12293.835
688606.SH,20260310,65.56,67.48,65.56,67.44,65.48,1.96,2.9933,4384.01,29304.188
688606.SH,20260309,65.99,65.99,64.04,65.48,65.91,-0.43,-0.6524,4572.52,29640.117
688606.SH,20260306,65.51,66.16,65.06,65.91,65.62,0.29,0.4419,2549.88,16796.993
688606.SH,20260305,66.11,66.23,65.1,65.62,65.42,0.2,0.3057,2501.29,16448.659
688606.SH,20260304,66.44,66.87,64.79,65.42,66.57,-1.15,-1.7275,5276.3,34557.123
688606.SH,20260303,66.56,68.34,66.56,66.57,67.25,-0.68,-1.0112,5980.49,40464.917
688606.SH,20260302,68.5,68.5,66.0,67.25,69.01,-1.76,-2.5504,8105.47,54342.095
688606.SH,20260227,68.78,69.09,68.37,69.01,68.79,0.22,0.3198,2571.82,17674.008
688606.SH,20260226,69.38,69.38,68.62,68.79,69.11,-0.32,-0.463,1987.02,13671.286
688606.SH,20260225,68.87,69.45,68.25,69.11,68.86,0.25,0.3631,3334.62,23074.332
688606.SH,20260224,68.31,68.97,68.11,68.86,68.28,0.58,0.8494,2475.12,16988.505
688606.SH,20260213,69.18,69.45,68.26,68.28,69.23,-0.95,-1.3722,2864.81,19723.306
688606.SH,20260212,69.4,69.68,68.51,69.23,69.14,0.09,0.1302,3656.11,25224.232
688606.SH,20260211,69.11,69.35,68.87,69.14,69.1,0.04,0.0579,1697.63,11738.069
688606.SH,20260210,69.34,69.34,68.6,69.1,69.0,0.1,0.1449,2900.46,19974.621
688606.SH,20260209,69.48,69.66,69.0,69.0,68.84,0.16,0.2324,2693.01,18665.856
688606.SH,20260206,68.38,69.28,68.0,68.84,68.78,0.06,0.0872,2670.97,18378.652
688606.SH,20260205,69.4,69.5,68.76,68.78,69.59,-0.81,-1.164,2046.27,14137.784
688606.SH,20260204,69.29,69.75,68.62,69.59,69.22,0.37,0.5345,3656.71,25293.631
688606.SH,20260203,68.04,69.35,68.01,69.22,67.71,1.51,2.2301,4275.1,29386.283
688606.SH,20260202,69.2,69.29,67.6,67.71,69.41,-1.7,-2.4492,3763.23,25773.225
688606.SH,20260130,68.78,69.5,68.03,69.41,68.8,0.61,0.8866,3778.98,26042.084
688606.SH,20260129,69.5,69.98,68.54,68.8,69.73,-0.93,-1.3337,4990.55,34461.492
688606.SH,20260128,70.89,71.39,69.49,69.73,70.76,-1.03,-1.4556,8116.93,56700.578
688606.SH,20260127,72.4,72.4,69.45,70.76,72.16,-1.4,-1.9401,11171.07,78679.203
688606.SH,20260126,70.75,72.88,70.58,72.16,70.6,1.56,2.2096,15219.21,109475.77
688606.SH,20260123,69.96,70.79,68.62,70.6,69.54,1.06,1.5243,10250.41,71244.601
688606.SH,20260122,69.88,71.36,68.81,69.54,68.72,0.82,1.1932,11188.16,78481.576
688606.SH,20260121,68.77,68.88,67.67,68.72,67.7,1.02,1.5066,9567.92,65259.25
688606.SH,20260120,68.0,71.0,67.6,67.7,65.99,1.71,2.5913,12143.07,83483.543
688606.SH,20260119,65.43,66.1,65.05,65.99,65.43,0.56,0.8559,3278.58,21607.802
688606.SH,20260116,66.24,66.38,65.35,65.43,66.05,-0.62,-0.9387,3116.05,20479.394
688606.SH,20260115,66.24,66.65,65.6,66.05,66.19,-0.14,-0.2115,3859.86,25463.693
688606.SH,20260114,66.3,66.99,65.86,66.19,65.97,0.22,0.3335,7914.97,52657.258
688606.SH,20260113,65.65,66.85,65.65,65.97,65.7,0.27,0.411,6343.41,42078.834
688606.SH,20260112,65.17,65.85,64.71,65.7,65.1,0.6,0.9217,5353.18,34980.336
688606.SH,20260109,64.9,65.26,64.64,65.1,64.9,0.2,0.3082,6810.82,44273.528
688606.SH,20260108,64.95,65.45,64.57,64.9,65.0,-0.1,-0.1538,3866.26,25180.852
688606.SH,20260107,64.81,65.49,64.6,65.0,64.75,0.25,0.3861,4180.13,27162.763
688606.SH,20260106,64.62,65.2,64.32,64.75,64.62,0.13,0.2012,4584.06,29692.265
688606.SH,20260105,63.5,65.01,63.5,64.62,63.89,0.73,1.1426,8268.06,53181.321
688606.SH,20251231,63.75,64.43,63.46,63.89,63.91,-0.02,-0.0313,3156.84,20130.628
688606.SH,20251230,63.75,64.21,63.19,63.91,63.91,0.0,0.0,3127.57,19948.672
688606.SH,20251229,64.08,64.23,63.73,63.91,64.08,-0.17,-0.2653,2798.78,17897.087
688606.SH,20251226,63.99,64.31,63.52,64.08,63.94,0.14,0.219,2263.1,14462.023
688606.SH,20251225,63.38,64.1,63.01,63.94,63.38,0.56,0.8836,3952.3,25169.649
688606.SH,20251224,62.63,63.39,62.34,63.38,62.91,0.47,0.7471,4807.57,30241.437
688606.SH,20251223,63.9,63.9,62.79,62.91,63.63,-0.72,-1.1315,2035.68,12860.031
688606.SH,20251222,63.36,63.94,63.35,63.63,63.59,0.04,0.0629,2375.08,15117.569
688606.SH,20251219,63.01,63.77,62.83,63.59,63.01,0.58,0.9205,3313.2,20994.591
688606.SH,20251218,63.33,63.33,62.63,63.01,63.33,-0.32,-0.5053,2310.27,14572.328
688606.SH,20251217,62.0,63.58,61.9,63.33,62.46,0.87,1.3929,4584.82,28665.364
688606.SH,20251216,64.6,64.6,62.0,62.46,64.6,-2.14,-3.3127,6340.02,39755.365
688606.SH,20251215,63.0,64.85,62.93,64.6,62.93,1.67,2.6537,10130.41,64894.116
688606.SH,20251212,61.7,63.19,61.38,62.93,61.81,1.12,1.812,10575.48,65862.306
688606.SH,20251211,62.88,63.1,61.63,61.81,62.82,-1.01,-1.6078,5804.23,36125.787
688606.SH,20251210,63.84,63.95,62.73,62.82,63.53,-0.71,-1.1176,4090.59,25772.807
688606.SH,20251209,63.8,64.45,63.51,63.53,64.18,-0.65,-1.0128,2303.19,14700.48
688606.SH,20251208,64.2,64.59,64.05,64.18,64.11,0.07,0.1092,2615.06,16820.703
688606.SH,20251205,63.79,64.15,63.42,64.11,63.68,0.43,0.6753,1284.08,8198.289
688606.SH,20251204,63.83,64.2,63.5,63.68,64.05,-0.37,-0.5777,3419.07,21772.637
688606.SH,20251203,65.0,65.39,63.92,64.05,65.16,-1.11,-1.7035,3457.24,22278.809
688606.SH,20251202,65.7,65.75,64.86,65.16,65.72,-0.56,-0.8521,3102.07,20192.574
688606.SH,20251201,66.98,67.0,65.61,65.72,66.76,-1.04,-1.5578,6648.95,43849.816
688606.SH,20251128,66.55,67.3,66.2,66.76,67.08,-0.32,-0.477,4196.43,27971.547
688606.SH,20251127,66.8,67.48,66.63,67.08,67.0,0.08,0.1194,1612.92,10841.488
688606.SH,20251126,66.66,67.47,66.43,67.0,66.69,0.31,0.4648,2691.83,18017.17
688606.SH,20251125,65.82,67.02,65.82,66.69,66.06,0.63,0.9537,2052.29,13694.249
688606.SH,20251124,64.85,66.4,64.85,66.06,65.0,1.06,1.6308,3209.22,21098.997
688606.SH,20251121,66.21,67.0,64.88,65.0,67.0,-2.0,-2.9851,3665.24,24066.068
688606.SH,20251120,67.18,67.66,66.13,67.0,67.0,0.0,0.0,4122.17,27463.393
688606.SH,20251119,68.16,68.88,66.83,67.0,68.16,-1.16,-1.7019,3751.06,25313.78
688606.SH,20251118,69.66,69.66,68.14,68.16,69.44,-1.28,-1.8433,3263.63,22425.03
688606.SH,20251117,70.18,70.38,68.9,69.44,70.55,-1.11,-1.5734,6185.37,42986.488
688606.SH,20251114,70.37,71.45,69.9,70.55,70.45,0.1,0.1419,5654.77,40157.929
688606.SH,20251113,69.99,70.68,69.22,70.45,70.09,0.36,0.5136,5472.78,38239.364
688606.SH,20251112,69.85,70.99,69.1,70.09,69.06,1.03,1.4915,8279.37,58122.083
688606.SH,20251111,68.45,69.48,68.45,69.06,68.89,0.17,0.2468,4337.38,29896.025
688606.SH,20251110,67.98,69.01,67.7,68.89,67.96,0.93,1.3685,5899.98,40298.793
688606.SH,20251107,67.75,68.24,67.44,67.96,67.89,0.07,0.1031,3556.58,24127.381
688606.SH,20251106,67.97,68.3,67.58,67.89,67.97,-0.08,-0.1177,4177.52,28394.009
688606.SH,20251105,68.01,68.6,67.56,67.97,68.4,-0.43,-0.6287,2596.36,17655.709
688606.SH,20251104,68.8,68.8,67.13,68.4,68.09,0.31,0.4553,4675.61,31673.669
688606.SH,20251103,68.8,69.53,67.6,68.09,68.8,-0.71,-1.032,5595.64,38209.536
688606.SH,20251031,67.0,69.17,65.58,68.8,68.22,0.58,0.8502,11683.56,78898.675
688606.SH,20251030,68.96,69.68,68.14,68.22,68.89,-0.67,-0.9726,4088.92,28033.519
688606.SH,20251029,68.57,69.08,68.01,68.89,68.8,0.09,0.1308,3799.57,26020.222
688606.SH,20251028,69.58,69.96,68.5,68.8,69.69,-0.89,-1.2771,3890.54,26867.358
688606.SH,20251027,68.9,69.93,68.25,69.69,68.85,0.84,1.22,6808.16,47202.774
688606.SH,20251024,67.0,68.98,66.93,68.85,67.32,1.53,2.2727,7902.86,54197.075
688606.SH,20251023,66.81,67.47,66.1,67.32,66.98,0.34,0.5076,2702.21,18062.407
688606.SH,20251022,66.82,67.68,66.76,66.98,67.1,-0.12,-0.1788,2225.63,14920.867
688606.SH,20251021,65.78,67.24,65.52,67.1,65.52,1.58,2.4115,3804.26,25266.559
688606.SH,20251020,66.46,66.46,65.41,65.52,65.55,-0.03,-0.0458,3106.87,20392.76
688606.SH,20251017,66.49,66.6,65.49,65.55,66.01,-0.46,-0.6969,3632.89,23961.98
688606.SH,20251016,67.41,67.77,65.89,66.01,67.16,-1.15,-1.7123,7558.26,50717.818
688606.SH,20251015,67.1,68.15,66.8,68.15,67.2,0.95,1.4137,6455.14,43614.268
688606.SH,20251014,67.6,68.17,67.01,67.2,67.15,0.05,0.0745,5986.48,40408.495
688606.SH,20251013,67.51,68.1,66.66,67.15,68.39,-1.24,-1.8131,5696.99,38288.257
688606.SH,20251010,68.46,68.93,68.25,68.39,68.44,-0.05,-0.0731,6790.62,46574.873
688606.SH,20251009,69.39,69.73,68.28,68.44,68.95,-0.51,-0.7397,8168.73,56225.922
688606.SH,20250930,67.5,69.08,67.01,68.95,67.3,1.65,2.4517,7512.46,51221.175
688606.SH,20250929,67.5,67.76,66.3,67.3,67.3,0.0,0.0,3543.8,23742.151
688606.SH,20250926,67.4,67.75,66.9,67.3,67.4,-0.1,-0.1484,3438.62,23137.085
688606.SH,20250925,67.57,68.11,67.21,67.4,67.41,-0.01,-0.0148,4559.07,30859.248
688606.SH,20250924,66.6,67.54,66.3,67.41,66.63,0.78,1.1706,4614.51,31021.06
688606.SH,20250923,67.51,68.14,65.96,66.63,67.71,-1.08,-1.595,4988.65,33190.883
688606.SH,20250922,68.42,68.8,67.4,67.71,68.4,-0.69,-1.0088,4142.41,28091.012
688606.SH,20250919,67.13,68.47,67.0,68.4,67.09,1.31,1.9526,6412.09,43385.242
688606.SH,20250918,68.2,68.28,66.7,67.09,68.08,-0.99,-1.4542,7364.25,49782.486
688606.SH,20250917,67.71,68.37,67.38,68.08,67.73,0.35,0.5168,5906.35,40081.489
688606.SH,20250916,67.86,67.86,67.0,67.73,67.72,0.01,0.0148,7924.22,53403.343
688606.SH,20250915,68.28,68.28,67.45,67.72,68.2,-0.48,-0.7038,5171.5,35038.95
688606.SH,20250912,68.33,68.9,67.97,68.2,68.33,-0.13,-0.1903,6214.57,42441.257
688606.SH,20250911,68.48,68.48,67.18,68.33,68.21,0.12,0.1759,6959.92,47187.003
688606.SH,20250910,68.68,68.97,67.91,68.21,68.55,-0.34,-0.496,4416.41,30184.821
688606.SH,20250909,69.7,69.95,68.44,68.55,69.64,-1.09,-1.5652,5312.3,36679.126
688606.SH,20250908,68.37,69.87,68.37,69.64,68.41,1.23,1.798,6069.3,42067.151
688606.SH,20250905,68.0,68.8,67.02,68.41,67.58,0.83,1.2282,7790.21,53040.986
688606.SH,20250904,69.06,69.08,66.93,67.58,68.65,-1.07,-1.5586,8202.87,55925.493
688606.SH,20250903,70.04,70.39,68.32,68.65,69.88,-1.23,-1.7602,6846.64,47497.962
688606.SH,20250902,71.7,71.7,69.58,69.88,71.7,-1.82,-2.5384,10655.95,74856.622
688606.SH,20250901,71.74,72.88,70.51,71.7,72.92,-1.22,-1.6731,12767.74,91505.412
688606.SH,20250829,72.14,73.48,72.14,72.92,72.18,0.74,1.0252,8103.98,58811.082
688606.SH,20250828,72.79,73.78,70.13,72.18,72.56,-0.38,-0.5237,10677.01,77079.71
688606.SH,20250827,75.6,75.9,72.56,72.56,75.44,-2.88,-3.8176,11520.06,86300.242
688606.SH,20250826,76.01,76.15,75.3,75.44,76.17,-0.73,-0.9584,4831.97,36540.688
688606.SH,20250825,75.29,76.8,75.1,76.17,75.29,0.88,1.1688,8347.21,63516.134
688606.SH,20250822,75.03,75.5,74.4,75.29,75.18,0.11,0.1463,5799.51,43457.642
688606.SH,20250821,74.72,75.9,74.27,75.18,74.5,0.68,0.9128,8109.13,60881.375
688606.SH,20250820,74.55,74.79,73.51,74.5,74.65,-0.15,-0.2009,6278.12,46523.274
688606.SH,20250819,74.55,75.77,74.3,74.65,74.6,0.05,0.067,5153.9,38641.345
688606.SH,20250818,75.55,76.26,74.35,74.6,75.26,-0.66,-0.877,10850.87,81214.075
688606.SH,20250815,74.8,75.4,73.87,75.26,74.18,1.08,1.4559,5081.99,37975.659
688606.SH,20250814,76.39,77.54,74.02,74.18,76.94,-2.76,-3.5872,11234.62,84801.48
688606.SH,20250813,77.0,78.2,75.85,76.94,77.67,-0.73,-0.9399,9241.2,71191.681
688606.SH,20250812,75.6,78.11,74.6,77.67,75.26,2.41,3.2022,13720.89,105440.902
688606.SH,20250811,74.15,76.0,74.15,75.26,74.15,1.11,1.497,7004.89,52580.656
688606.SH,20250808,74.43,75.19,72.8,74.15,74.65,-0.5,-0.6698,9049.14,67013.294
688606.SH,20250807,74.65,76.72,74.11,74.65,74.69,-0.04,-0.0536,10576.36,79763.06
688606.SH,20250806,73.4,74.93,72.8,74.69,73.42,1.27,1.7298,9439.17,69718.626
688606.SH,20250805,73.0,76.28,73.0,73.42,73.0,0.42,0.5753,11068.54,82283.64
688606.SH,20250804,73.02,73.47,71.1,73.0,73.02,-0.02,-0.0274,12091.31,87034.437
688606.SH,20250801,71.98,74.0,71.22,73.02,71.72,1.3,1.8126,11651.0,85090.292
688606.SH,20250731,71.78,73.59,71.35,71.72,71.73,-0.01,-0.0139,9659.8,69937.316
688606.SH,20250730,72.21,73.26,71.05,71.73,72.69,-0.96,-1.3207,9485.7,68475.536
688606.SH,20250729,72.61,73.18,71.49,72.69,72.55,0.14,0.193,10286.87,74415.39
688606.SH,20250728,73.25,74.22,72.04,72.55,73.0,-0.45,-0.6164,10245.87,74439.875
688606.SH,20250725,73.87,75.0,72.67,73.0,74.08,-1.08,-1.4579,13481.29,99145.143
688606.SH,20250724,71.88,75.8,70.36,74.08,70.8,3.28,4.6328,26968.33,196962.414
688606.SH,20250723,68.68,72.93,67.9,70.8,68.39,2.41,3.5239,20987.06,148684.592
688606.SH,20250722,68.16,69.28,67.9,68.39,68.3,0.09,0.1318,6481.31,44411.611
688606.SH,20250721,68.6,68.88,68.12,68.3,68.25,0.05,0.0733,4832.51,33065.953
688606.SH,20250718,67.97,68.47,67.65,68.25,67.97,0.28,0.4119,5348.15,36375.881
688606.SH,20250717,67.99,68.27,67.24,67.97,67.72,0.25,0.3692,6676.61,45325.538
688606.SH,20250716,67.41,67.87,67.0,67.72,67.39,0.33,0.4897,4402.52,29681.569
688606.SH,20250715,67.55,67.99,66.46,67.39,67.56,-0.17,-0.2516,5918.61,39772.141
688606.SH,20250714,66.65,67.95,66.5,67.56,66.9,0.66,0.9865,5702.25,38242.238
688606.SH,20250711,65.96,67.25,65.85,66.9,66.1,0.8,1.2103,5744.4,38245.407
688606.SH,20250710,66.3,66.39,65.91,66.1,66.1,0.0,0.0,4971.75,32893.385
688606.SH,20250709,66.68,67.67,65.98,66.1,66.52,-0.42,-0.6314,4695.34,31240.511
688606.SH,20250708,66.71,66.95,66.04,66.52,66.71,-0.19,-0.2848,5839.02,38776.351
688606.SH,20250707,66.97,67.21,65.84,66.71,66.8,-0.09,-0.1347,5595.41,37138.757
688606.SH,20250704,67.29,67.53,66.61,66.8,67.06,-0.26,-0.3877,4181.44,28023.113
688606.SH,20250703,66.1,67.48,66.1,67.06,66.38,0.68,1.0244,4465.53,29915.009
688606.SH,20250702,66.85,67.71,66.16,66.38,67.27,-0.89,-1.323,4130.77,27499.054
688606.SH,20250701,67.43,68.2,66.72,67.27,67.2,0.07,0.1042,7295.59,49101.691
688606.SH,20250630,66.5,67.83,65.3,67.2,66.5,0.7,1.0526,6234.65,41597.617
688606.SH,20250627,66.25,66.56,65.58,66.5,66.12,0.38,0.5747,5588.81,36949.505
688606.SH,20250626,65.52,66.77,65.0,66.12,65.52,0.6,0.9158,6236.63,41281.461
688606.SH,20250625,65.58,65.58,64.76,65.52,65.13,0.39,0.5988,5076.98,33087.474
688606.SH,20250624,64.3,66.44,64.3,65.13,64.04,1.09,1.7021,6350.79,41438.238
688606.SH,20250623,64.05,64.41,62.65,64.04,64.15,-0.11,-0.1715,6292.74,39906.701
688606.SH,20250620,63.55,64.5,63.02,64.15,63.55,0.6,0.9441,3395.49,21743.428
688606.SH,20250619,64.77,64.78,63.41,63.55,64.66,-1.11,-1.7167,5448.64,34834.901
688606.SH,20250618,65.47,65.47,64.4,64.66,65.18,-0.52,-0.7978,4403.28,28545.105
688606.SH,20250617,65.98,66.5,65.09,65.18,65.98,-0.8,-1.2125,6176.64,40533.607
688606.SH,20250616,65.98,66.1,64.83,65.98,65.72,0.26,0.3956,6282.28,41265.362
688606.SH,20250613,68.02,68.95,65.33,65.72,68.5,-2.78,-4.0584,13117.13,87467.647
688606.SH,20250612,66.45,68.68,66.02,68.5,66.45,2.05,3.085,10393.65,70322.452
688606.SH,20250611,66.88,67.23,66.12,66.45,66.86,-0.41,-0.6132,6716.22,44646.167
688606.SH,20250610,68.46,68.68,66.9,68.33,68.02,0.31,0.4557,14454.44,98049.771
688606.SH,20250609,65.6,68.48,65.02,68.02,65.02,3.0,4.614,17957.76,121231.581
688606.SH,20250606,64.68,65.8,64.39,65.02,64.81,0.21,0.324,6713.26,43571.478
688606.SH,20250605,65.92,66.0,64.51,64.81,65.82,-1.01,-1.5345,13491.73,87505.797
688606.SH,20250604,67.15,67.15,65.0,65.82,67.2,-1.38,-2.0536,14236.09,93766.333
688606.SH,20250603,64.66,68.98,64.17,67.2,64.55,2.65,4.1053,24812.36,167084.775
688606.SH,20250530,64.55,65.27,63.9,64.55,64.51,0.04,0.062,8013.18,51782.434
688606.SH,20250529,62.3,64.72,62.21,64.51,63.02,1.49,2.3643,10905.51,69930.889
688606.SH,20250528,62.88,63.56,62.4,63.02,62.85,0.17,0.2705,11313.33,71168.58
688606.SH,20250527,62.99,62.99,61.3,62.85,62.73,0.12,0.1913,8487.86,52726.611
688606.SH,20250526,63.4,63.64,62.4,62.73,63.2,-0.47,-0.7437,10364.16,65147.184
688606.SH,20250523,62.3,64.47,62.3,63.2,62.39,0.81,1.2983,14760.05,93536.152
688606.SH,20250522,64.42,64.45,62.26,62.39,64.42,-2.03,-3.1512,11928.28,75361.052
688606.SH,20250521,63.0,64.66,62.95,64.42,63.12,1.3,2.0596,8302.04,53115.55
688606.SH,20250520,62.58,63.54,62.27,63.12,62.36,0.76,1.2187,6246.32,39395.205
688606.SH,20250519,63.0,63.01,61.61,62.36,62.95,-0.59,-0.9373,6908.19,42968.112
688606.SH,20250516,63.48,63.78,62.44,62.95,63.24,-0.29,-0.4586,7129.64,44857.277
688606.SH,20250515,64.0,64.0,63.11,63.24,63.83,-0.59,-0.9243,4170.94,26436.903
688606.SH,20250514,64.5,65.07,63.5,63.83,64.74,-0.91,-1.4056,7080.57,45250.624
688606.SH,20250513,66.28,66.28,64.5,64.74,65.25,-0.51,-0.7816,7622.27,49586.542
688606.SH,20250512,64.74,66.41,64.0,65.25,64.01,1.24,1.9372,12303.41,80342.148
688606.SH,20250509,63.0,64.47,62.7,64.01,63.33,0.68,1.0737,6964.82,44301.465
688606.SH,20250508,62.55,63.45,62.01,63.33,62.44,0.89,1.4254,8170.92,51363.667
688606.SH,20250507,62.45,63.35,61.91,62.44,62.05,0.39,0.6285,8581.26,53707.374
688606.SH,20250506,62.88,63.18,61.72,62.05,61.86,0.19,0.3071,12402.9,77078.894
688606.SH,20250430,61.08,62.32,60.8,61.86,60.94,0.92,1.5097,10434.31,64283.133
688606.SH,20250429,65.0,65.0,60.4,60.94,64.95,-4.01,-6.174,19376.34,118516.118
688606.SH,20250428,64.8,66.0,64.0,64.95,65.33,-0.38,-0.5817,6711.44,43448.313
688606.SH,20250425,65.99,66.59,64.04,65.33,65.98,-0.65,-0.9851,6929.64,44969.854
688606.SH,20250424,67.12,67.88,65.63,65.98,67.11,-1.13,-1.6838,8632.81,57375.817
688606.SH,20250423,67.58,67.98,66.9,67.11,67.04,0.07,0.1044,4414.26,29716.01
688606.SH,20250422,66.44,67.7,66.26,67.04,66.75,0.29,0.4345,4331.69,29021.14
688606.SH,20250421,66.77,66.88,65.49,66.75,65.97,0.78,1.1824,5214.22,34641.053
688606.SH,20250418,66.22,66.79,65.6,65.97,66.01,-0.04,-0.0606,3295.08,21795.433
688606.SH,20250417,65.55,66.46,65.55,66.01,66.1,-0.09,-0.1362,2689.23,17781.334
688606.SH,20250416,67.4,67.4,65.3,66.1,67.4,-1.3,-1.9288,3645.02,24085.541
688606.SH,20250415,67.68,67.76,66.45,67.4,67.36,0.04,0.0594,3219.67,21624.947
688606.SH,20250414,69.3,69.3,66.96,67.36,68.55,-1.19,-1.736,5132.47,34821.386
688606.SH,20250411,67.8,69.48,67.72,68.55,68.81,-0.26,-0.3779,4514.21,31009.644
688606.SH,20250410,67.9,70.46,65.55,68.81,66.27,2.54,3.8328,7167.7,49513.451
688606.SH,20250409,63.91,66.58,61.82,66.27,65.34,0.93,1.4233,7385.81,47830.242
688606.SH,20250408,63.9,66.7,63.78,65.34,63.9,1.44,2.2535,7034.21,46028.081
688606.SH,20250407,69.0,71.4,62.55,63.9,75.15,-11.25,-14.9701,11310.71,75542.878
688606.SH,20250403,77.41,77.89,74.32,75.15,77.9,-2.75,-3.5302,6667.58,50521.208
688606.SH,20250402,79.3,79.3,77.53,77.9,78.97,-1.07,-1.3549,4630.8,36206.534
688606.SH,20250401,73.7,80.68,73.36,78.97,73.26,5.71,7.7942,16509.89,129328.395
688606.SH,20250331,73.79,74.91,71.66,73.26,74.1,-0.84,-1.1336,7105.66,51944.279
688606.SH,20250328,73.62,75.75,73.62,74.1,73.97,0.13,0.1757,5866.88,43797.979
688606.SH,20250327,72.0,74.54,71.48,73.97,71.98,1.99,2.7647,7012.39,51543.427
688606.SH,20250326,71.02,72.5,71.02,71.98,71.55,0.43,0.601,3240.09,23299.517
688606.SH,20250325,71.17,72.25,70.83,71.55,71.0,0.55,0.7746,4865.91,34850.892
688606.SH,20250324,72.11,72.4,70.11,71.0,72.11,-1.11,-1.5393,8782.87,62584.377
688606.SH,20250321,75.35,77.1,72.1,72.11,75.44,-3.33,-4.4141,8765.18,64378.39
688606.SH,20250320,75.35,76.49,75.05,75.44,75.65,-0.21,-0.2776,3197.61,24192.61
688606.SH,20250319,76.5,77.08,75.1,75.65,77.09,-1.44,-1.8679,5839.45,44304.86
688606.SH,20250318,75.3,77.88,75.01,77.09,75.29,1.8,2.3908,10208.76,78347.686
688606.SH,20250317,75.81,76.15,74.74,75.29,75.58,-0.29,-0.3837,6249.96,47150.954
688606.SH,20250314,74.66,75.69,74.24,75.58,75.32,0.26,0.3452,6641.42,49793.512
688606.SH,20250313,76.05,76.24,74.37,75.32,76.2,-0.88,-1.1549,6558.53,49258.508
688606.SH,20250312,78.37,78.44,75.91,76.2,77.39,-1.19,-1.5377,6930.39,53160.617
688606.SH,20250311,78.37,78.37,76.2,77.39,79.0,-1.61,-2.038,8420.11,64928.2
688606.SH,20250310,80.0,81.01,77.77,79.0,79.76,-0.76,-0.9529,11224.03,88335.52
688606.SH,20250307,81.71,83.16,79.45,79.76,81.58,-1.82,-2.2309,10251.64,83233.561
688606.SH,20250306,81.7,84.72,80.0,81.58,81.09,0.49,0.6043,12982.58,106332.549
688606.SH,20250305,81.99,82.15,79.0,81.09,80.82,0.27,0.3341,11094.85,89303.706
688606.SH,20250304,79.5,81.08,78.0,80.82,80.49,0.33,0.41,11563.24,92248.996
688606.SH,20250303,80.0,81.8,79.3,80.49,79.6,0.89,1.1181,17269.87,139219.395
688606.SH,20250228,78.52,81.86,77.03,79.6,79.17,0.43,0.5431,19622.54,156253.481
688606.SH,20250227,71.12,81.6,71.12,79.17,68.52,10.65,15.5429,24699.5,188530.521
688606.SH,20250226,67.29,68.58,66.9,68.52,67.19,1.33,1.9795,4400.12,29872.762
688606.SH,20250225,67.88,67.97,66.75,67.19,68.06,-0.87,-1.2783,3145.2,21178.511
688606.SH,20250224,69.67,69.95,67.8,68.06,69.67,-1.61,-2.3109,4317.73,29668.177
688606.SH,20250221,69.28,70.16,68.01,69.67,69.18,0.49,0.7083,4896.73,33847.622
688606.SH,20250220,68.56,69.27,67.61,69.18,67.89,1.29,1.9001,3794.93,26131.287
688606.SH,20250219,68.99,69.32,67.64,67.89,68.78,-0.89,-1.294,5770.17,39503.054
688606.SH,20250218,69.85,70.5,68.01,68.78,70.12,-1.34,-1.911,4187.54,29072.441
688606.SH,20250217,71.4,71.5,69.7,70.12,71.3,-1.18,-1.655,5740.01,40379.422
688606.SH,20250214,70.16,71.66,69.19,71.3,70.66,0.64,0.9057,6259.54,44243.329
688606.SH,20250213,71.54,71.9,70.37,70.66,71.7,-1.04,-1.4505,3330.84,23709.681
688606.SH,20250212,71.25,72.9,70.82,71.7,71.5,0.2,0.2797,5164.76,37100.997
688606.SH,20250211,70.68,71.8,70.27,71.5,70.82,0.68,0.9602,4737.14,33751.198
688606.SH,20250210,70.77,71.05,69.8,70.82,70.79,0.03,0.0424,3864.36,27227.885
688606.SH,20250207,70.73,71.48,70.02,70.79,70.74,0.05,0.0707,4574.43,32306.428
688606.SH,20250206,70.7,71.7,69.9,70.74,70.45,0.29,0.4116,6029.18,42579.571
688606.SH,20250205,70.0,70.98,68.58,70.45,69.89,0.56,0.8013,8540.06,59561.201
688606.SH,20250127,68.54,70.13,68.13,69.89,68.37,1.52,2.2232,6907.96,47899.588
688606.SH,20250124,68.39,68.9,67.96,68.37,68.43,-0.06,-0.0877,5720.64,39086.18
688606.SH,20250123,70.28,70.28,68.37,68.43,69.59,-1.16,-1.6669,5284.74,36580.24
688606.SH,20250122,71.0,71.62,68.46,69.59,69.96,-0.37,-0.5289,8063.58,56015.169
688606.SH,20250121,71.98,72.98,69.42,69.96,69.0,0.96,1.3913,14785.09,105265.161
688606.SH,20250120,68.58,69.55,67.88,69.0,68.13,0.87,1.277,6330.36,43519.641
688606.SH,20250117,65.99,68.48,65.6,68.13,65.99,2.14,3.2429,6327.84,42576.542
688606.SH,20250116,65.41,66.35,65.13,65.99,65.6,0.39,0.5945,2691.77,17722.963
688606.SH,20250115,64.37,65.89,64.2,65.6,64.98,0.62,0.9541,3764.81,24581.1
688606.SH,20250114,63.26,64.98,62.62,64.98,62.9,2.08,3.3068,4538.64,29145.062
688606.SH,20250113,62.38,63.3,62.07,62.9,62.38,0.52,0.8336,3383.18,21222.874
688606.SH,20250110,63.78,64.81,62.03,62.38,64.11,-1.73,-2.6985,4089.13,25908.39
688606.SH,20250109,63.76,65.2,63.61,64.11,64.19,-0.08,-0.1246,2467.45,15870.345
688606.SH,20250108,64.13,65.62,63.39,64.19,64.13,0.06,0.0936,5469.69,35131.91
688606.SH,20250107,62.93,64.18,62.13,64.13,62.97,1.16,1.8421,5828.2,36897.542
688606.SH,20250106,62.02,64.49,62.02,62.97,62.67,0.3,0.4787,5267.23,33258.924
688606.SH,20250103,62.6,65.1,62.6,62.67,63.03,-0.36,-0.5712,7526.29,48013.578
688606.SH,20250102,63.63,64.56,62.04,63.03,63.3,-0.27,-0.4265,7643.31,48243.252
603325.SH,20260527,56.3,56.65,55.3,55.34,56.3,-0.96,-1.7052,5490.86,30579.236
603325.SH,20260526,56.79,56.93,55.67,56.3,56.95,-0.65,-1.1414,5425.42,30474.953
603325.SH,20260525,58.17,58.46,56.69,56.95,58.16,-1.21,-2.0805,6534.89,37344.902
603325.SH,20260522,58.05,58.78,57.02,58.16,58.1,0.06,0.1033,6600.27,38084.297
603325.SH,20260521,59.5,59.77,58.01,58.1,59.21,-1.11,-1.8747,5791.28,34112.777
603325.SH,20260520,60.02,60.04,58.58,59.21,60.02,-0.81,-1.3496,6269.2,36997.191
603325.SH,20260519,59.5,60.16,59.15,60.02,59.75,0.27,0.4519,3791.28,22689.694
603325.SH,20260518,60.18,60.18,58.68,59.75,60.18,-0.43,-0.7145,5831.34,34538.495
603325.SH,20260515,60.0,60.47,58.98,60.18,60.09,0.09,0.1498,8493.66,50652.821
603325.SH,20260514,62.45,62.7,59.99,60.09,62.41,-2.32,-3.7174,9562.05,58294.435
603325.SH,20260513,61.12,62.85,60.71,62.41,61.45,0.96,1.5622,7448.78,46048.836
603325.SH,20260512,62.5,62.8,61.3,61.45,62.5,-1.05,-1.68,6093.3,37745.33
603325.SH,20260511,63.1,63.28,62.3,62.5,63.03,-0.53,-0.8409,6911.11,43295.781
603325.SH,20260508,63.73,63.73,62.38,63.03,63.72,-0.69,-1.0829,9103.27,57196.236
603325.SH,20260507,63.28,63.96,62.3,63.72,63.29,0.43,0.6794,8163.19,51587.469
603325.SH,20260506,64.62,64.63,63.09,63.29,64.65,-1.36,-2.1036,12561.19,79669.258
603325.SH,20260430,64.81,65.17,64.48,64.65,65.1,-0.45,-0.6912,5525.69,35766.068
603325.SH,20260429,65.33,65.79,64.89,65.1,65.33,-0.23,-0.3521,7969.8,51957.171
603325.SH,20260428,64.89,66.28,64.68,65.33,65.2,0.13,0.1994,9485.37,62124.017
603325.SH,20260427,67.85,67.85,65.05,65.2,69.3,-4.1,-5.9163,22870.93,150723.143
603325.SH,20260424,69.3,71.4,69.3,69.3,77.0,-7.7,-10.0,24936.99,173565.25
603325.SH,20260423,77.6,77.95,75.61,77.0,77.61,-0.61,-0.786,7630.99,58450.652
603325.SH,20260422,76.64,77.77,76.2,77.61,76.74,0.87,1.1337,7775.0,59974.381
603325.SH,20260421,76.5,76.75,75.6,76.74,76.67,0.07,0.0913,3967.6,30262.402
603325.SH,20260420,76.3,76.9,75.86,76.67,76.42,0.25,0.3271,6795.8,51983.124
603325.SH,20260417,75.02,76.77,74.51,76.42,75.15,1.27,1.69,6741.91,51248.516
603325.SH,20260416,74.74,75.38,74.6,75.15,74.53,0.62,0.8319,5974.51,44841.129
603325.SH,20260415,74.0,75.86,73.84,74.53,73.83,0.7,0.9481,8001.91,59929.948
603325.SH,20260414,74.04,74.34,73.2,73.83,73.8,0.03,0.0407,5433.66,40099.179
603325.SH,20260413,73.22,73.94,73.06,73.8,73.74,0.06,0.0814,5739.8,42230.35
603325.SH,20260410,73.77,74.4,73.51,73.74,73.26,0.48,0.6552,5265.58,38953.264
603325.SH,20260409,74.2,74.2,73.07,73.26,74.32,-1.06,-1.4263,6629.2,48591.707
603325.SH,20260408,73.99,74.75,73.75,74.32,72.32,2.0,2.7655,6593.2,48977.972
603325.SH,20260407,71.4,72.69,71.4,72.32,71.92,0.4,0.5562,3915.8,28243.992
603325.SH,20260403,72.0,72.53,71.1,71.92,71.92,0.0,0.0,4442.6,31901.105
603325.SH,20260402,73.52,73.8,71.38,71.92,73.92,-2.0,-2.7056,5567.88,40273.927
603325.SH,20260401,73.61,73.97,72.33,73.92,72.17,1.75,2.4248,6089.4,44666.221
603325.SH,20260331,73.43,74.2,71.88,72.17,73.45,-1.28,-1.7427,4919.4,35906.987
603325.SH,20260330,70.85,73.6,70.6,73.45,71.69,1.76,2.455,5776.19,41701.212
603325.SH,20260327,70.94,72.0,70.44,71.69,71.69,0.0,0.0,4796.2,34181.05
603325.SH,20260326,73.4,73.41,71.66,71.69,73.46,-1.77,-2.4095,3741.8,27099.73
603325.SH,20260325,70.97,74.18,70.8,73.46,70.76,2.7,3.8157,6668.6,48483.858
603325.SH,20260324,71.11,71.28,69.61,70.76,70.19,0.57,0.8121,4916.13,34557.175
603325.SH,20260323,73.0,73.0,69.82,70.19,74.22,-4.03,-5.4298,9449.51,67277.715
603325.SH,20260320,75.53,76.63,74.22,74.22,75.54,-1.32,-1.7474,5454.77,40973.935
603325.SH,20260319,77.07,77.58,75.48,75.54,77.77,-2.23,-2.8674,5110.68,38941.106
603325.SH,20260318,77.07,78.84,76.52,77.77,77.07,0.7,0.9083,6451.09,49990.808
603325.SH,20260317,76.89,77.87,76.85,77.07,76.66,0.41,0.5348,5707.5,44172.602
603325.SH,20260316,76.23,76.66,75.45,76.66,76.19,0.47,0.6169,3276.6,24903.244
603325.SH,20260313,76.48,76.98,76.04,76.19,76.65,-0.46,-0.6001,4473.8,34211.029
603325.SH,20260312,77.18,77.18,76.2,76.65,76.85,-0.2,-0.2602,4053.31,31081.386
603325.SH,20260311,77.97,78.14,76.6,76.85,77.97,-1.12,-1.4364,6049.51,46609.562
603325.SH,20260310,76.88,78.35,76.88,77.97,76.56,1.41,1.8417,4545.4,35354.369
603325.SH,20260309,76.69,76.87,74.02,76.56,77.55,-0.99,-1.2766,8557.8,64857.631
603325.SH,20260306,76.31,78.06,76.09,77.55,76.31,1.24,1.625,5719.77,44265.703
603325.SH,20260305,76.72,77.62,76.08,76.31,76.3,0.01,0.0131,5651.6,43460.432
603325.SH,20260304,76.9,77.38,76.02,76.3,77.3,-1.0,-1.2937,8350.74,63920.358
603325.SH,20260303,80.01,81.45,77.24,77.3,80.01,-2.71,-3.3871,11760.37,93354.103
603325.SH,20260302,80.01,81.7,79.9,80.01,81.04,-1.03,-1.271,9497.7,76474.583
603325.SH,20260227,81.58,81.58,80.78,81.04,81.5,-0.46,-0.5644,6366.0,51582.47
603325.SH,20260226,80.05,81.64,80.05,81.5,80.36,1.14,1.4186,7659.64,62108.514
603325.SH,20260225,79.72,80.5,79.63,80.36,79.75,0.61,0.7649,5828.07,46751.058
603325.SH,20260224,79.88,79.98,78.87,79.75,78.87,0.88,1.1158,5299.3,42168.828
603325.SH,20260213,79.37,79.98,78.6,78.87,79.53,-0.66,-0.8299,7559.6,59917.312
603325.SH,20260212,80.1,80.53,79.43,79.53,80.3,-0.77,-0.9589,5620.0,44965.345
603325.SH,20260211,80.03,80.58,79.76,80.3,79.96,0.34,0.4252,4632.2,37161.692
603325.SH,20260210,79.97,80.25,79.68,79.96,79.7,0.26,0.3262,4082.48,32642.339
603325.SH,20260209,79.92,80.08,79.28,79.7,79.27,0.43,0.5424,5853.8,46628.967
603325.SH,20260206,78.01,80.02,77.92,79.27,78.32,0.95,1.213,6554.29,51830.769
603325.SH,20260205,78.88,79.24,78.05,78.32,79.14,-0.82,-1.0361,6211.0,48714.692
603325.SH,20260204,79.95,79.95,78.41,79.14,79.9,-0.76,-0.9512,7165.71,56631.407
603325.SH,20260203,80.0,80.48,78.8,79.9,79.67,0.23,0.2887,10382.68,82704.043
603325.SH,20260202,81.8,81.8,79.51,79.67,85.88,-6.21,-7.231,20895.3,169035.687
603325.SH,20260130,81.36,87.35,80.5,85.88,81.4,4.48,5.5037,19554.07,164487.247
603325.SH,20260129,82.6,83.26,80.83,81.4,82.76,-1.36,-1.6433,11186.6,91803.71
603325.SH,20260128,84.06,84.09,82.73,82.76,84.0,-1.24,-1.4762,6845.2,56931.469
603325.SH,20260127,83.38,84.62,82.76,84.0,83.83,0.17,0.2028,7902.44,66170.918
603325.SH,20260126,85.6,85.61,83.23,83.83,85.49,-1.66,-1.9417,10267.29,86391.764
603325.SH,20260123,85.53,85.97,84.81,85.49,85.8,-0.31,-0.3613,13893.6,118418.54
603325.SH,20260122,87.47,87.48,85.58,85.8,87.08,-1.28,-1.4699,9182.05,79194.506
603325.SH,20260121,83.91,87.8,83.7,87.08,84.37,2.71,3.212,18140.16,157117.104
603325.SH,20260120,90.7,90.7,83.9,84.37,90.7,-6.33,-6.9791,28047.34,241006.058
603325.SH,20260119,88.5,91.59,88.21,90.7,88.46,2.24,2.5322,21730.08,195374.9
603325.SH,20260116,89.42,89.99,87.8,88.46,89.4,-0.94,-1.0515,13444.6,119187.074
603325.SH,20260115,88.0,89.99,87.0,89.4,88.75,0.65,0.7324,17542.06,155683.864
603325.SH,20260114,84.1,91.78,83.69,88.75,83.82,4.93,5.8817,38435.24,339357.068
603325.SH,20260113,84.31,86.48,83.63,83.82,84.25,-0.43,-0.5104,17348.43,147387.646
603325.SH,20260112,83.4,84.55,82.0,84.25,82.78,1.47,1.7758,16713.36,139209.291
603325.SH,20260109,81.5,82.99,81.19,82.78,81.5,1.28,1.5706,12612.97,104075.809
603325.SH,20260108,79.93,81.96,79.85,81.5,79.96,1.54,1.926,12711.3,103402.264
603325.SH,20260107,80.41,80.84,79.85,79.96,80.33,-0.37,-0.4606,6696.84,53734.723
603325.SH,20260106,78.91,80.79,78.6,80.33,78.9,1.43,1.8124,10946.29,87404.321
603325.SH,20260105,78.0,79.18,77.99,78.9,77.77,1.13,1.453,5658.0,44506.435
603325.SH,20251231,77.65,78.02,77.12,77.77,77.62,0.15,0.1932,3164.97,24536.185
603325.SH,20251230,77.28,78.28,77.28,77.62,77.58,0.04,0.0516,3111.71,24211.852
603325.SH,20251229,78.02,78.18,77.41,77.58,78.16,-0.58,-0.7421,4036.17,31364.616
603325.SH,20251226,78.97,78.97,77.8,78.16,78.7,-0.54,-0.6861,4269.2,33436.994
603325.SH,20251225,78.26,78.77,77.82,78.7,78.31,0.39,0.498,4601.93,35998.247
603325.SH,20251224,78.19,79.38,77.81,78.91,77.71,1.2,1.5442,6294.2,49644.384
603325.SH,20251223,78.01,78.19,77.68,77.71,78.0,-0.29,-0.3718,3384.2,26348.596
603325.SH,20251222,78.24,78.78,77.9,78.0,77.91,0.09,0.1155,4069.8,31808.972
603325.SH,20251219,76.26,78.29,76.26,77.91,76.25,1.66,2.177,5411.55,42049.881
603325.SH,20251218,76.21,76.79,76.01,76.25,76.37,-0.12,-0.1571,2290.8,17527.756
603325.SH,20251217,75.88,76.54,75.28,76.37,75.88,0.49,0.6458,3990.63,30306.841
603325.SH,20251216,77.6,77.7,75.88,75.88,77.6,-1.72,-2.2165,5434.0,41580.681
603325.SH,20251215,77.85,78.33,77.51,77.6,78.28,-0.68,-0.8687,3242.0,25285.027
603325.SH,20251212,77.1,78.33,76.77,78.28,77.1,1.18,1.5305,6776.47,52703.963
603325.SH,20251211,77.37,77.8,77.1,77.1,77.36,-0.26,-0.3361,2680.8,20748.703
603325.SH,20251210,77.38,77.48,76.8,77.36,77.55,-0.19,-0.245,3586.32,27663.422
603325.SH,20251209,78.21,78.43,77.53,77.55,78.16,-0.61,-0.7805,4687.55,36508.327
603325.SH,20251208,77.78,78.47,77.72,78.16,77.77,0.39,0.5015,5794.35,45253.438
603325.SH,20251205,77.31,77.87,76.83,77.77,77.5,0.27,0.3484,5340.33,41378.538
603325.SH,20251204,78.41,78.41,77.21,77.5,77.77,-0.27,-0.3472,4074.89,31613.045
603325.SH,20251203,78.88,78.88,77.38,77.77,78.63,-0.86,-1.0937,5272.8,41074.788
603325.SH,20251202,79.78,79.87,78.54,78.63,79.78,-1.15,-1.4415,4432.0,35050.905
603325.SH,20251201,79.99,80.36,79.55,79.78,79.82,-0.04,-0.0501,4357.8,34761.53
603325.SH,20251128,78.97,80.05,78.8,79.82,78.95,0.87,1.102,6933.41,55335.091
603325.SH,20251127,78.9,79.24,78.5,78.95,78.48,0.47,0.5989,5268.61,41623.196
603325.SH,20251126,78.78,79.28,78.48,78.48,78.82,-0.34,-0.4314,3731.0,29452.508
603325.SH,20251125,78.3,79.35,78.0,78.82,78.27,0.55,0.7027,4928.49,38842.936
603325.SH,20251124,77.68,78.39,77.68,78.27,77.69,0.58,0.7466,3511.2,27387.581
603325.SH,20251121,78.8,78.82,76.34,77.69,79.2,-1.51,-1.9066,7654.25,59334.569
603325.SH,20251120,80.1,80.73,78.87,79.2,79.64,-0.44,-0.5525,6341.4,50572.061
603325.SH,20251119,78.88,80.36,78.36,79.64,78.5,1.14,1.4522,9212.72,73323.939
603325.SH,20251118,78.46,78.96,77.61,78.5,78.42,0.08,0.102,5312.61,41680.267
603325.SH,20251117,78.27,78.82,77.6,78.42,78.26,0.16,0.2044,4869.57,38058.199
603325.SH,20251114,77.6,79.16,77.5,78.26,77.67,0.59,0.7596,7116.0,55826.905
603325.SH,20251113,77.01,77.87,76.88,77.67,77.32,0.35,0.4527,3994.31,30957.857
603325.SH,20251112,77.93,77.93,76.68,77.32,77.8,-0.48,-0.617,4996.38,38626.402
603325.SH,20251111,78.4,78.78,77.76,77.8,78.28,-0.48,-0.6132,4650.8,36323.598
603325.SH,20251110,78.28,78.49,77.71,78.28,78.16,0.12,0.1535,4479.23,34918.229
603325.SH,20251107,78.4,78.73,77.9,78.16,78.74,-0.58,-0.7366,4636.79,36283.446
603325.SH,20251106,77.99,79.29,77.16,78.74,77.72,1.02,1.3124,7006.3,55100.864
603325.SH,20251105,76.79,77.99,76.3,77.72,77.16,0.56,0.7258,5745.0,44533.047
603325.SH,20251104,77.4,77.99,76.87,77.16,77.91,-0.75,-0.9626,4790.15,36968.601
603325.SH,20251103,77.98,78.0,76.76,77.91,78.0,-0.09,-0.1154,8234.53,63613.913
603325.SH,20251031,77.51,78.19,77.35,78.0,77.77,0.23,0.2957,6578.29,51229.476
603325.SH,20251030,79.64,79.86,77.33,77.77,79.64,-1.87,-2.3481,16202.38,126297.97
603325.SH,20251029,79.82,80.16,79.0,79.64,79.8,-0.16,-0.2005,11947.34,94901.952
603325.SH,20251028,82.9,82.9,79.59,79.8,85.8,-6.0,-6.993,34223.86,276059.939
603325.SH,20251027,84.5,85.8,82.92,85.8,83.73,2.07,2.4722,16005.18,135753.844
603325.SH,20251024,82.32,83.93,81.63,83.73,81.82,1.91,2.3344,16018.72,132227.014
603325.SH,20251023,81.12,81.94,79.9,81.82,81.12,0.7,0.8629,4847.4,39220.924
603325.SH,20251022,81.86,82.17,80.78,81.12,81.8,-0.68,-0.8313,5081.79,41360.693
603325.SH,20251021,79.43,82.65,79.43,81.8,79.43,2.37,2.9838,8963.25,72901.467
603325.SH,20251020,80.52,80.76,78.93,79.43,79.84,-0.41,-0.5135,8604.6,68571.026
603325.SH,20251017,83.29,83.48,79.49,79.84,83.31,-3.47,-4.1652,12901.74,104712.63
603325.SH,20251016,84.81,84.81,83.1,83.31,84.81,-1.5,-1.7687,8841.79,74106.897
603325.SH,20251015,84.01,84.88,83.21,84.81,84.01,0.8,0.9523,7726.23,65131.276
603325.SH,20251014,84.78,85.9,83.62,84.01,84.33,-0.32,-0.3795,8306.57,70331.91
603325.SH,20251013,83.77,85.19,83.0,84.33,86.62,-2.29,-2.6437,13579.85,114052.405
603325.SH,20251010,87.24,87.86,86.38,86.62,87.23,-0.61,-0.6993,11357.25,98726.583
603325.SH,20251009,85.58,87.81,85.3,87.23,85.69,1.54,1.7972,11269.45,98020.033
603325.SH,20250930,86.0,86.5,85.2,85.69,86.04,-0.35,-0.4068,7680.2,65847.314
603325.SH,20250929,87.0,87.0,85.5,86.04,86.43,-0.39,-0.4512,7714.6,66351.12
603325.SH,20250926,86.53,87.89,86.02,86.43,86.53,-0.1,-0.1156,8955.8,77889.467
603325.SH,20250925,87.0,87.76,86.06,86.53,86.49,0.04,0.0462,7405.99,64297.313
603325.SH,20250924,84.66,86.75,84.62,86.49,85.1,1.39,1.6334,8210.0,70797.237
603325.SH,20250923,85.6,85.85,83.25,85.1,85.6,-0.5,-0.5841,10247.4,86382.822
603325.SH,20250922,85.31,85.79,84.24,85.6,85.53,0.07,0.0818,7868.62,66972.194
603325.SH,20250919,87.01,87.4,85.53,85.53,87.5,-1.97,-2.2514,11378.95,98053.221
603325.SH,20250918,88.9,89.61,86.6,87.5,89.85,-2.35,-2.6155,21204.66,186907.264
603325.SH,20250917,87.9,90.34,86.71,89.85,87.93,1.92,2.1836,13863.17,123895.796
603325.SH,20250916,85.8,88.36,85.02,87.93,85.78,2.15,2.5064,13386.46,115961.764
603325.SH,20250915,86.19,87.0,85.6,85.78,86.45,-0.67,-0.775,7960.8,68606.885
603325.SH,20250912,88.61,88.61,86.45,86.45,88.65,-2.2,-2.4817,13704.21,119399.502
603325.SH,20250911,87.5,88.68,86.18,88.65,87.25,1.4,1.6046,11255.54,98376.066
603325.SH,20250910,88.47,88.6,86.81,87.25,88.29,-1.04,-1.1779,8691.6,76116.102
603325.SH,20250909,90.11,90.78,87.88,88.29,90.1,-1.81,-2.0089,9741.4,86659.887
603325.SH,20250908,90.43,91.38,88.6,90.1,90.1,0.0,0.0,14561.4,131003.933
603325.SH,20250905,88.4,91.0,86.65,90.1,89.33,0.77,0.862,18351.18,163001.948
603325.SH,20250904,90.65,91.63,88.8,89.33,90.65,-1.32,-1.4562,12324.81,111542.574
603325.SH,20250903,92.6,92.85,90.52,90.65,92.13,-1.48,-1.6064,11630.28,106271.856
603325.SH,20250902,98.79,98.8,91.73,92.13,98.5,-6.37,-6.467,25402.95,237378.17
603325.SH,20250901,98.62,100.9,97.32,98.5,98.0,0.5,0.5102,16460.44,162919.769
603325.SH,20250829,96.9,101.11,94.0,98.0,97.38,0.62,0.6367,18435.29,181188.486
603325.SH,20250828,96.5,98.12,94.0,97.38,97.74,-0.36,-0.3683,26904.6,257657.205
603325.SH,20250827,95.35,99.56,94.8,97.74,95.35,2.39,2.5066,18235.02,177172.858
603325.SH,20250826,93.9,95.65,93.0,95.35,94.0,1.35,1.4362,15750.0,148481.598
603325.SH,20250825,89.3,94.45,89.3,94.0,89.23,4.77,5.3457,23913.85,219948.974
603325.SH,20250822,89.75,90.19,89.0,89.23,89.8,-0.57,-0.6347,11258.4,100675.009
603325.SH,20250821,92.1,92.15,89.1,89.8,92.18,-2.38,-2.5819,12372.97,112413.318
603325.SH,20250820,89.21,93.26,88.7,92.18,89.2,2.98,3.3408,16976.95,155755.823
603325.SH,20250819,89.69,90.3,88.22,89.2,89.7,-0.5,-0.5574,8986.0,80307.092
603325.SH,20250818,88.5,90.3,87.9,89.7,88.41,1.29,1.4591,12264.29,109170.076
603325.SH,20250815,85.55,89.19,85.55,88.41,86.38,2.03,2.3501,13597.32,119428.229
603325.SH,20250814,90.5,90.56,86.36,86.38,90.7,-4.32,-4.763,19409.42,170670.329
603325.SH,20250813,89.09,91.6,89.02,90.7,89.09,1.61,1.8072,14382.11,129982.376
603325.SH,20250812,89.0,89.66,88.2,89.09,89.04,0.05,0.0562,8563.14,75995.838
603325.SH,20250811,89.89,89.89,88.62,89.04,89.05,-0.01,-0.0112,8299.6,73987.326
603325.SH,20250808,88.6,89.56,88.18,89.05,88.91,0.14,0.1575,10191.19,90504.278
603325.SH,20250807,88.33,89.85,88.1,88.91,88.33,0.58,0.6566,9449.4,84045.891
603325.SH,20250806,88.75,89.5,88.08,88.33,88.75,-0.42,-0.4732,7930.8,70151.701
603325.SH,20250805,89.35,89.68,87.8,88.75,89.19,-0.44,-0.4933,8720.7,77164.901
603325.SH,20250804,89.05,89.81,88.34,89.19,89.75,-0.56,-0.624,9302.3,82838.618
603325.SH,20250801,90.88,91.19,88.82,89.75,90.88,-1.13,-1.2434,13425.8,120730.244
603325.SH,20250731,85.55,91.87,85.55,90.88,85.86,5.02,5.8467,30919.68,275025.306
603325.SH,20250730,86.38,86.38,84.98,85.86,86.0,-0.14,-0.1628,9022.8,77213.713
603325.SH,20250729,85.59,86.65,85.1,86.0,85.58,0.42,0.4908,11994.44,103007.287
603325.SH,20250728,85.31,86.65,84.85,85.58,84.85,0.73,0.8603,15096.89,129186.378
603325.SH,20250725,85.43,85.7,84.46,84.85,85.31,-0.46,-0.5392,9761.39,83047.653
603325.SH,20250724,85.09,85.8,84.0,85.31,85.28,0.03,0.0352,10512.8,89578.244
603325.SH,20250723,85.99,86.86,84.5,85.28,86.33,-1.05,-1.2163,13802.6,118466.178
603325.SH,20250722,107.0,107.29,103.4,104.35,107.3,-2.95,-2.7493,20021.78,209470.112
603325.SH,20250721,108.0,108.99,105.0,107.3,106.6,0.7,0.6567,16679.46,179269.752
603325.SH,20250718,104.65,108.4,104.64,106.6,104.42,2.18,2.0877,18348.77,195419.26
603325.SH,20250717,105.3,106.3,103.16,104.42,105.0,-0.58,-0.5524,15316.13,159846.52
603325.SH,20250716,104.8,106.22,104.0,105.0,105.16,-0.16,-0.1521,16057.7,168721.038
603325.SH,20250715,104.18,105.9,102.28,105.16,103.8,1.36,1.3102,29163.54,304016.751
603325.SH,20250714,101.0,106.78,100.9,103.8,98.88,4.92,4.9757,36226.82,374593.064
603325.SH,20250711,93.88,98.88,93.49,98.88,89.89,8.99,10.0011,23937.99,231639.58
603325.SH,20250710,89.77,90.4,88.95,89.89,89.3,0.59,0.6607,3876.88,34823.67
603325.SH,20250709,89.95,90.98,89.06,89.3,90.0,-0.7,-0.7778,5069.0,45553.332
603325.SH,20250708,89.47,90.9,89.47,90.0,89.76,0.24,0.2674,4495.0,40555.149
603325.SH,20250707,89.91,90.23,88.8,89.76,89.9,-0.14,-0.1557,2724.22,24419.447
603325.SH,20250704,91.23,91.9,89.9,89.9,91.95,-2.05,-2.2295,4383.22,39776.156
603325.SH,20250703,91.8,93.2,91.6,91.95,92.05,-0.1,-0.1086,4180.0,38579.359
603325.SH,20250702,92.0,92.1,90.88,92.05,92.0,0.05,0.0543,3468.95,31717.277
603325.SH,20250701,90.29,92.25,90.05,92.0,90.29,1.71,1.8939,6079.93,55712.136
603325.SH,20250630,90.2,91.59,90.0,90.29,89.89,0.4,0.445,3483.0,31587.682
603325.SH,20250627,89.7,90.37,89.31,89.89,89.38,0.51,0.5706,2259.01,20278.261
603325.SH,20250626,90.39,90.89,89.31,89.38,90.5,-1.12,-1.2376,2343.0,21099.615
603325.SH,20250625,90.0,91.25,89.4,90.5,90.16,0.34,0.3771,2627.08,23706.186
603325.SH,20250624,89.9,90.35,88.81,90.16,89.51,0.65,0.7262,2677.0,24118.265
603325.SH,20250623,87.82,89.53,87.16,89.51,88.08,1.43,1.6235,2830.75,25146.95
603325.SH,20250620,87.5,88.39,86.5,88.08,87.22,0.86,0.986,2097.0,18383.266
603325.SH,20250619,89.79,90.18,87.04,87.22,89.9,-2.68,-2.9811,3896.66,34401.243
603325.SH,20250618,90.22,90.45,89.1,89.9,90.27,-0.37,-0.4099,1949.27,17501.496
603325.SH,20250617,91.2,91.38,89.49,90.27,90.79,-0.52,-0.5728,2799.92,25271.823
603325.SH,20250616,90.26,91.89,90.06,90.79,91.09,-0.3,-0.3293,2975.0,26964.364
603325.SH,20250613,91.01,91.48,89.38,91.09,91.01,0.08,0.0879,3883.0,35085.819
603325.SH,20250612,91.05,92.0,90.68,91.01,91.25,-0.24,-0.263,2324.9,21225.827
603325.SH,20250611,91.4,92.48,90.88,91.25,91.17,0.08,0.0877,2806.4,25724.035
603325.SH,20250610,92.78,93.5,90.48,91.17,93.25,-2.08,-2.2306,3822.0,35070.867
603325.SH,20250609,93.58,93.87,91.81,93.25,93.12,0.13,0.1396,5479.59,50800.129
603325.SH,20250606,92.61,93.77,92.07,93.12,92.61,0.51,0.5507,4045.6,37607.293
603325.SH,20250605,90.61,92.93,89.88,92.61,90.45,2.16,2.3881,4759.46,43574.938
603325.SH,20250604,89.16,91.44,88.6,90.45,89.06,1.39,1.5607,3163.08,28605.402
603325.SH,20250603,88.51,89.75,88.19,89.06,88.95,0.11,0.1237,2047.78,18247.928
603325.SH,20250530,90.0,90.26,88.49,88.95,90.0,-1.05,-1.1667,2597.0,23115.733
603325.SH,20250529,88.76,90.06,88.6,90.0,88.75,1.25,1.4085,2506.24,22483.932
603325.SH,20250528,89.03,89.99,88.33,88.75,89.0,-0.25,-0.2809,2423.0,21607.735
603325.SH,20250527,90.5,90.9,88.8,89.0,90.29,-1.29,-1.4287,2229.66,19883.36
603325.SH,20250526,88.95,90.87,88.62,90.29,89.19,1.1,1.2333,2769.98,24819.432
603325.SH,20250523,89.02,90.31,88.88,89.19,89.3,-0.11,-0.1232,3724.0,33348.503
603325.SH,20250522,91.77,92.37,88.71,89.3,91.77,-2.47,-2.6915,4398.0,39593.842
603325.SH,20250521,92.05,92.62,91.14,91.77,92.21,-0.44,-0.4772,2824.98,25913.684
603325.SH,20250520,91.5,92.98,91.32,92.21,91.57,0.64,0.6989,4626.28,42589.627
603325.SH,20250519,91.5,92.1,90.26,91.57,91.19,0.38,0.4167,3877.98,35340.104
603325.SH,20250516,91.28,92.78,90.68,91.19,91.28,-0.09,-0.0986,4725.61,43192.684
603325.SH,20250515,91.7,92.38,90.86,91.28,91.7,-0.42,-0.458,3448.95,31597.601
603325.SH,20250514,92.0,92.7,90.21,91.7,92.2,-0.5,-0.5423,3759.0,34324.527
603325.SH,20250513,93.15,93.51,91.63,92.2,93.07,-0.87,-0.9348,3952.0,36495.222
603325.SH,20250512,93.6,94.8,92.8,93.07,93.31,-0.24,-0.2572,3586.21,33540.989
603325.SH,20250509,93.69,94.86,92.8,93.31,94.0,-0.69,-0.734,3616.58,33852.549
603325.SH,20250508,92.05,95.3,92.05,94.0,92.88,1.12,1.2059,6929.49,65140.83
603325.SH,20250507,92.25,93.97,91.23,92.88,91.33,1.55,1.6971,5954.0,55092.835
603325.SH,20250506,89.31,91.63,87.4,91.33,89.29,2.04,2.2847,7242.95,65204.108
603325.SH,20250430,90.1,91.08,88.88,89.29,90.6,-1.31,-1.4459,7354.66,66086.124
603325.SH,20250429,91.25,92.1,90.07,90.6,91.71,-1.11,-1.2103,7098.66,64555.541
603325.SH,20250428,98.0,99.3,91.0,91.71,97.39,-5.68,-5.8322,13852.57,129386.414
603325.SH,20250425,95.91,97.88,95.6,97.39,96.09,1.3,1.3529,7256.0,70321.836
603325.SH,20250424,96.7,97.78,95.57,96.09,96.4,-0.31,-0.3216,5505.6,53164.881
603325.SH,20250423,94.8,96.76,94.6,96.4,94.8,1.6,1.6878,4866.33,46634.155
603325.SH,20250422,91.73,96.78,91.35,94.8,91.8,3.0,3.268,8048.58,76036.948
603325.SH,20250421,87.06,91.8,87.06,91.8,88.0,3.8,4.3182,4541.46,41101.307
603325.SH,20250418,88.6,89.18,87.2,88.0,88.48,-0.48,-0.5425,1919.85,16866.442
603325.SH,20250417,86.21,89.03,86.21,88.48,87.48,1.0,1.1431,3460.0,30547.051
603325.SH,20250416,87.81,88.74,86.51,87.48,88.0,-0.52,-0.5909,2147.1,18720.99
603325.SH,20250415,88.0,88.89,87.12,88.0,88.3,-0.3,-0.3398,2673.0,23463.938
603325.SH,20250414,87.01,88.6,86.73,88.3,86.37,1.93,2.2346,4509.13,39512.453
603325.SH,20250411,87.99,89.27,86.37,86.37,87.69,-1.32,-1.5053,6497.92,57064.726
603325.SH,20250410,88.2,90.3,87.59,87.69,87.4,0.29,0.3318,7049.94,62708.977
603325.SH,20250409,86.0,88.38,83.04,87.4,86.6,0.8,0.9238,6275.0,54172.951
603325.SH,20250408,86.98,88.83,84.6,86.6,86.5,0.1,0.1156,7823.87,67782.621
603325.SH,20250407,91.3,91.3,84.6,86.5,94.0,-7.5,-7.9787,13684.23,120173.236
603325.SH,20250403,92.5,94.35,92.02,94.0,93.33,0.67,0.7179,3836.2,35820.906
603325.SH,20250402,91.42,94.51,91.36,93.33,92.0,1.33,1.4457,3889.71,36324.413
603325.SH,20250401,93.71,93.71,91.19,92.0,93.35,-1.35,-1.4462,4555.62,41972.912
603325.SH,20250331,95.4,95.6,90.0,93.35,95.08,-1.73,-1.8195,9226.87,85353.862
603325.SH,20250328,93.38,95.44,92.8,95.08,93.09,1.99,2.1377,5862.26,55290.334
603325.SH,20250327,92.07,93.5,91.51,93.09,92.9,0.19,0.2045,3406.0,31562.536
603325.SH,20250326,94.17,94.5,92.8,92.9,93.98,-1.08,-1.1492,3256.66,30403.502
603325.SH,20250325,93.1,95.38,92.8,93.98,93.0,0.98,1.0538,5139.51,48383.274
603325.SH,20250324,91.64,94.98,91.11,93.0,91.4,1.6,1.7505,7046.85,65679.847
603325.SH,20250321,92.4,93.87,90.8,91.4,92.2,-0.8,-0.8677,5190.87,47831.343
603325.SH,20250320,92.7,93.44,91.62,92.2,92.9,-0.7,-0.7535,4954.39,45716.796
603325.SH,20250319,95.27,95.38,92.76,92.9,95.48,-2.58,-2.7021,9135.1,85492.263
603325.SH,20250318,88.11,97.03,87.52,95.48,88.21,7.27,8.2417,16556.79,154077.53
603325.SH,20250317,88.0,89.44,87.2,88.21,87.98,0.23,0.2614,5366.05,47368.125
603325.SH,20250314,86.3,88.45,85.8,87.98,86.39,1.59,1.8405,8633.78,75185.791
603325.SH,20250313,87.2,88.6,85.51,86.39,86.91,-0.52,-0.5983,5771.83,50107.014
603325.SH,20250312,86.37,88.69,84.72,86.91,85.58,1.33,1.5541,9484.2,82171.07
603325.SH,20250311,83.01,86.0,82.8,85.58,84.74,0.84,0.9913,7451.09,63450.512
603325.SH,20250310,83.1,85.58,82.85,84.74,82.55,2.19,2.6529,9703.73,81896.828
603325.SH,20250307,84.22,85.79,82.0,82.55,84.22,-1.67,-1.9829,8134.0,67955.601
603325.SH,20250306,82.59,85.8,82.11,84.22,82.47,1.75,2.122,8288.31,69477.599
603325.SH,20250305,82.35,83.26,81.71,82.47,82.31,0.16,0.1944,4464.14,36826.736
603325.SH,20250304,82.2,83.5,81.52,82.31,82.02,0.29,0.3536,5224.99,42978.382
603325.SH,20250303,77.99,83.18,77.99,82.02,78.01,4.01,5.1404,9589.89,78367.086
603325.SH,20250228,80.99,81.04,77.88,78.01,80.08,-2.07,-2.5849,6462.14,51058.836
603325.SH,20250227,79.12,80.3,78.1,80.08,79.12,0.96,1.2133,6811.98,54120.808
603325.SH,20250226,78.04,80.15,78.04,79.12,78.2,0.92,1.1765,5412.71,42971.114
603325.SH,20250225,77.98,79.49,77.9,78.2,78.58,-0.38,-0.4836,4711.52,36977.623
603325.SH,20250224,79.0,79.38,77.98,78.58,79.17,-0.59,-0.7452,4173.9,32806.675
603325.SH,20250221,79.1,80.0,78.39,79.17,79.48,-0.31,-0.39,5695.07,44960.61
603325.SH,20250220,77.43,80.26,77.17,79.48,77.48,2.0,2.5813,7164.47,56659.957
603325.SH,20250219,76.98,78.34,76.5,77.48,77.17,0.31,0.4017,4723.88,36698.217
603325.SH,20250218,78.3,78.51,76.18,77.17,77.91,-0.74,-0.9498,5149.49,39825.508
603325.SH,20250217,78.05,78.8,77.0,77.91,78.85,-0.94,-1.1921,4823.12,37473.135
603325.SH,20250214,78.6,79.68,78.05,78.85,78.68,0.17,0.2161,3866.24,30401.061
603325.SH,20250213,80.12,80.12,78.2,78.68,80.17,-1.49,-1.8586,5730.36,45250.621
603325.SH,20250212,78.96,80.48,78.19,80.17,79.65,0.52,0.6529,6364.52,50815.698
603325.SH,20250211,77.08,81.3,77.08,79.65,77.03,2.62,3.4013,7214.42,57367.33
603325.SH,20250210,77.0,77.16,76.0,77.03,77.09,-0.06,-0.0778,3574.69,27353.446
603325.SH,20250207,76.7,77.2,76.11,77.09,76.76,0.33,0.4299,6923.03,53046.038
603325.SH,20250206,76.5,77.56,76.2,76.76,76.5,0.26,0.3399,3198.8,24562.4
603325.SH,20250205,78.0,78.67,76.06,76.5,77.7,-1.2,-1.5444,3332.26,25686.907
603325.SH,20250127,77.38,79.23,77.17,77.7,77.38,0.32,0.4135,3971.66,31054.69
603325.SH,20250124,77.45,78.08,76.4,77.38,77.4,-0.02,-0.0258,3660.66,28263.588
603325.SH,20250123,78.12,79.08,77.39,77.4,77.98,-0.58,-0.7438,3706.0,28878.156
603325.SH,20250122,78.78,79.4,78.4,78.58,79.33,-0.75,-0.9454,2784.0,21959.719
603325.SH,20250121,79.78,80.0,78.61,79.33,79.75,-0.42,-0.5266,3382.0,26730.617
603325.SH,20250120,79.68,80.49,78.34,79.75,79.55,0.2,0.2514,4896.0,38808.288
603325.SH,20250117,73.41,80.6,73.31,79.55,73.33,6.22,8.4822,11676.72,90697.887
603325.SH,20250116,74.1,74.69,71.5,73.33,73.82,-0.49,-0.6638,4604.24,33727.326
603325.SH,20250115,74.55,75.25,73.5,73.82,75.25,-1.43,-1.9003,3430.0,25472.405
603325.SH,20250114,72.2,75.5,72.16,75.25,72.41,2.84,3.9221,4648.04,34675.466
603325.SH,20250113,73.49,75.38,71.91,72.41,74.99,-2.58,-3.4405,5031.66,36914.051
603325.SH,20250110,70.8,76.37,70.4,74.99,71.8,3.19,4.4429,11864.88,87512.963
603325.SH,20250109,72.39,72.72,71.35,71.8,72.4,-0.6,-0.8287,2449.0,17645.241
603325.SH,20250108,71.99,73.0,69.2,72.4,71.99,0.41,0.5695,4875.0,34655.302
603325.SH,20250107,72.53,73.47,70.75,71.99,72.84,-0.85,-1.1669,4018.01,28988.764
603325.SH,20250106,73.35,73.97,71.1,72.84,73.98,-1.14,-1.541,4187.28,30342.969
603325.SH,20250103,76.41,77.1,73.98,73.98,76.41,-2.43,-3.1802,4175.57,31426.456
603325.SH,20250102,78.55,79.53,76.17,76.41,79.11,-2.7,-3.413,4221.26,32755.024
